video_id,genre,seg_idx,p_remove,weak_p,gold_label,fn_label,disfl_label,text_snippet,visual_context_term
6HVYHNTDOFs,commentary,33,0.0289,0.0205,0.0,new_information,clean,"But, with chilled rail cars, all this changed, and the country's supply chain reorganized into three parts. First, ranches across the Great Plains funneled their cattle to cities in the Midwest. Taking on the role of ind",
-QTkPfq7w1A,commentary,24,0.0293,0.005,0.0,new_information,clean,"Well, who's going to be the first to switch back? If any one driver goes back to Route 1 or two, their journey time will be the 25 minutes on the highway plus 20 minutes on the now congested city streets, or 45 minutes i",
3esF-pNAM9c,podcasts,1,0.0307,0.0205,0.0,new_information,clean,it's the fat that's really bad for you yeah you're not supposed to do that Stephen oh gosh the glucose goddess is back Jesse enpay is a biochemist and best-selling author with a focus on nutrition and glucose management ,
MsIvs_6vC38,lectures,1,0.0308,0.0205,,new_information,clean,"Then I'm going to use that to -- I will have a product of matrices and the product that we'll meet will be these elimination matrices and the net result of today's lectures is the big formula for elimination, so the net ",look at
-QTkPfq7w1A,commentary,16,0.0315,0.0914,0.0,new_information,clean,"On the day, Central Park was turned into a massive festival ground with almost a million people pouring in to see a stacked lineup of performers, including Hallen Oats and the B-52s. But the boldest stunt of the day was ",
o0AMK3wFK9E,ted,109,0.0337,0.0205,,new_information,clean,>> Dr. Sammy was amazing and he taught me so much and now I think I want to appreciate beans a little bit more. >> I think I liked Joe Barbosa the best. The guy that was actually running all of the streets of Chicago. >>,
3esF-pNAM9c,podcasts,69,0.0343,0.0339,0.0,new_information,repetition,Spike so it'll reduce your glucose Spike by up to 30% and your insulin Spike also by up to 30% the way it works is that you have these little scissors in your stomach like miniature scissors called enzymes their job is t,look at
AeGEv0YVLtw,commentary,11,0.0347,0.036,,new_information,clean,A while ago I made a video about a philosopher called Simon Critchley who has this idea called ‘Split Mind Theory’ - the idea is that the human mind is split into two bits: the bit that we experience and then the little ,
o0AMK3wFK9E,ted,74,0.0347,0.0914,,new_information,clean,"I had to do that a bunch in my 20 plus years of broadcasting, including three years hosting the NPR talk show 1A. Doing that work supercharged my ability to deal with highly problematic people without losing my integrity",
Aj0s9ztoKUc,entertainment,42,0.0374,0.0196,,new_information,clean,"I know it's not part of it, but. I'll talk, I'll talk to family about it. I have a lot of relatives in Dublin. Is there cheese in it? There, I, I'm just saying that like I know that Indian food has made its way to Irelan",
4DfCXjwQBRA,commentary,32,0.0374,0.028,0.0,new_information,clean,"Those words don't even make sense in that order. So with the first dates out of the way, it's time for the eliminations and Mr. chin sack is immediately eliminated, like I said but it's also the first time you see this m",
6HVYHNTDOFs,commentary,55,0.0383,1.0,1.0,discourse_filler,clean,"But as you point out, like, it has profound effects. Gorrie was able to make ice because he wasn't afraid to step outside his own profession, medicine, and venture into a new field, thermodynamics. And while you probably",
o0AMK3wFK9E,ted,87,0.0391,0.0345,,new_information,clean,"How is it that we built a multi-billion dollar pharmaceutical empire on the biology of this animal? But for pebbles, there was nothing. My lab hopped into action and from the Creature Conservancy, a wildlife rescue cente",this image
9szhjhO9epA,commentary,16,0.0404,0.0205,0.0,new_information,clean,"But even with this flaw, Sundback's employers thought this patent was a gold mine. So the Universal Fastener Company decided to launch the product under their new name, 'The Hookless Hooker'. They abandoned that name pre",
IiAjADve-ec,tv_series,212,0.0408,0.0719,,new_information,clean,"I was saying that if… Oh, he is, I smell him. The man who didn't want the villagers on his island anymore. -His island, really? -Yes. Piñeda got you to give all the sales made to you directly to me, so then I would marry",
iDtfzQnW-B4,commentary,42,0.0412,0.0196,,new_information,clean,"(upbeat music) Let her go! Why are you always making me run after you? She's like punching me inside of her car because that's what Leah does. Listen to Golden boy. He can be good for you, I'll never be. Spencer's not th",
IiAjADve-ec,tv_series,81,0.042,0.0205,,new_information,clean,"Señor Piñeda and I have been discussing the difficulties the island has endured since the water became contaminated last year. Which I can assure you we are working very hard to remedy. Considering Rogelio's condition, w",
Aj0s9ztoKUc,entertainment,50,0.0423,0.0205,,new_information,clean,"I'm gonna go on the Australian side of Egypt. Okay. Well he did that. You just had a Spice Bag Wrappo consisting of salt and chili chicken, rice, and curry sauce, all wrapped together. I have had a spice bag. It's, makin",
MsIvs_6vC38,lectures,74,0.0425,0.0205,,new_information,clean,"Somehow that one third takes account of the fact that the numbers are getting smaller. If they weren't getting smaller, we would have n terms times n squared, but it would be exactly n cubed. But our numbers are getting ",
6HVYHNTDOFs,commentary,53,0.0428,0.0196,0.0,new_information,clean,"This made its take off even faster than the motorcar replacing the horse-drawn cart. - There's this argument of, ""Would the world really be so different without refrigeration?"" Like, sure, food, strawberries, iceberg let",
9szhjhO9epA,commentary,3,0.0445,0.036,0.0,new_information,clean,"By the 1800s, clothes were typically fastened using laces, buttons, brooches, and hooks and eyes. These got the job done, but they all shared the same flaw. If you had a series of these fasteners on a piece of clothing, ",
AeGEv0YVLtw,commentary,9,0.0447,0.0339,,new_information,repetition,but it also kinda came from outside - like a colonisation of the mind. It’s quite appropriate that Estelle is worried about makeup. In the book Perfect Me the philosopher Heather Widdows talks about societal beauty stand,
MsIvs_6vC38,lectures,96,0.0456,0.005,,new_information,clean,"If I do some row exchanges and then I do some more row exchanges, then all together I've done row exchanges. So if I multiply -- but, I don't know. And if I invert, then I'm just doing row exchanges to get back again. So",
1NLoTuRR3hE,podcasts,11,0.0456,0.0184,,new_information,filled_pause,">> Do you think he's going to try and stay in power? So, I don't think I'm exaggerating, but when people close to Donald Trump send the governor of California, ""Hey, they're not around."" I see messages all the time in th",
6HVYHNTDOFs,commentary,2,0.0458,0.036,0.0,new_information,clean,"(upbeat music) Gorrie only got a few deliveries each year, and now, by the peak of summer, the cost of just a few days' ice for the infirmary would've been more expensive than the average yearly wage. So, locals began to",
iDtfzQnW-B4,commentary,16,0.046,0.0345,,new_information,clean,"Make it dumber Haute Couture meets Netflix and chill. Is that good? Yaaah. We should really get under the covers too. You need to get warmed up, dude Leah with the fucking game bro. Oh, I should put a fucking mask on bec",
MsIvs_6vC38,lectures,80,0.0468,0.0345,,new_information,clean,"So the -- We really have discussed the most fundamental algorithm for a system of equations. Okay. So, I'm ready to allow row exchanges. I'm ready to allow -- now what happens to this whole -- today's lecture if there ar",
o0AMK3wFK9E,ted,41,0.0475,0.0205,,new_information,clean,I'm really hoping that I can actually make it to the main stage for TED because I have a really big talk that I want to give. There's a lot of content that I had to snip away to make this into 6 minutes and I really thin,
AeGEv0YVLtw,commentary,6,0.0478,0.0205,,new_information,clean,"So for me, one of the most interesting moments of NoExit comes about two thirds of the way through when Garcin has an opportunity to leave only he doesn’t. And Satre says that Hell has no mirrors. So the characters can o",
-QTkPfq7w1A,commentary,27,0.0499,0.0914,0.0,new_information,clean,"The paradox showed up in Boston, London, Seoul. In fact, if you were to randomly add a new road to just about any city, you'd have an equal chance of making the traffic better as worse. But there's nothing special about ",
3esF-pNAM9c,podcasts,73,0.0506,0.0193,0.0,new_information,repetition,I agree it's fascinating you mentioned a term earlier that I've only ever heard used when talking about a zmek glp1 yeah what what relationship does glucose have with gp1s and what the hell is a glp1 it's so interesting ,
4EXVrzOACv4,commentary,15,0.051,0.0345,0.0,new_information,clean,"Also you’re really going to want a second pair of hands, because recording yourself is challenging at the best of times, and somehow is just that little bit worse when you’re trying to make something. I just want to demo",the camera
-QTkPfq7w1A,commentary,30,0.0515,1.0,1.0,discourse_filler,clean,"Oh, and the best email actually suggested we should turn Veritassium's existing content into high performing YouTube videos to increase our audience and extend the brand's reach. That's a genius idea. But unfortunately, ",
AeGEv0YVLtw,commentary,2,0.0517,0.0339,,new_information,repetition,"And they eventually discover they are there to torture each other, emotionally, forever. The play is famous for the line at the end, “Hell is other people” and it’s really really good. It’s one of those works of art that",
AeGEv0YVLtw,commentary,35,0.0518,0.0719,,new_information,clean,"I thought what I needed wasn't really worth anything, The reason Garcin doesn’t walk out when the door to Hell opens isn’t that he’s vain, in fact he has a very low opinion of himself, it’s because his whole worldview an",
4DfCXjwQBRA,commentary,12,0.0519,0.028,0.0,new_information,clean,"So, you're welcome. So first off, I thought the show was going to be more like, 'Love is blind,' where there's like dates happening, but then there's also some stuff happening outside of the dates but no, this show is mo",
-QTkPfq7w1A,commentary,26,0.0521,0.036,0.0,new_information,clean,"My god. This is the paradox Dietrich Braze discovered in 1968. It's now known as Brazy's paradox, and it is the reason why New York traffic got better after 42nd Street was closed on Earth Day. Now, sure, you'd be right ",
IiAjADve-ec,tv_series,207,0.0523,0.0345,,new_information,clean,"Marry the stupid one and you will lie in it forever. The house that had been yours to live in will be your grave many years before you die. Good afternoon, my dear friends, and welcome to this wonderful occasion because ",
6Sx_hLPFwU8,lectures,2,0.0533,0.0863,,new_information,repetition,well that makes sense as well okay if something is normally distributed it's basically like a bell curve okay and the median and the mean are about the same right in the middle all right so the median for brooklyn is def,look at
6HVYHNTDOFs,commentary,34,0.0534,0.0914,0.0,new_information,clean,"That's a 25-fold increase in just four years. But more importantly, with a national distribution network to rely on, these cities no longer needed to prepare meat locally. They could finally get rid of all the infrastruc",
Aj0s9ztoKUc,entertainment,93,0.0543,0.075,,new_information,clean,"At least I'm gonna save face, I think. You just had Khao Phan Phak. A dish of vegetables and egg wrapped in a thin steamed rice sheet, particularly popular in the Laotian influenced cuisine of Northeastern Thailand. Oh, ",
o0AMK3wFK9E,ted,5,0.055,0.0205,,new_information,clean,"But that's not all. Coached by an expert panel, one lucky speaker will be surprised with the opportunity of a lifetime. A chance to speak on the TED Main stage and have their voices heard by millions. This is the TED ide",
1NLoTuRR3hE,podcasts,75,0.0551,0.0462,,new_information,repetition,"I mean, if there was one book that just just hit me in the core that sort of expressed everything I wanted to become, he talked about hire the smile, train the skill, uh about finding these superstar leaders and developi",
1NLoTuRR3hE,podcasts,170,0.0555,0.0264,,new_information,filled_pause,"Oh, men are really struggling really. >> You know, men still dominate in all these key positions of power and influence. But when you see all what's happening underneath, it is a crisis. And as a consequence, the Republi",
6HVYHNTDOFs,commentary,52,0.0556,0.0345,0.0,new_information,clean,"(pensive music) - And so the human-made ice companies were like, ""Sure, our ice isn't made by God. But, natural ice will kill you. So, which one do you want?"" - [Derek] After the first affordable home refrigerator landed",
6HVYHNTDOFs,commentary,25,0.056,0.0093,0.0,new_information,clean,"And despite the trip being five times longer than his first one to the Caribbean, more than half of the ice survived. (compelling music) In India, the ice was a big hit. Over the next 20 years, Tudor made around $220,000",
AeGEv0YVLtw,commentary,0,0.0561,0.0205,,new_information,clean,"In 2012, John Green wrote a book called ""The Fault in Our Stars,"" about a young girl dying of cancer, which was based at least in part on the real life of a friend of John’s who tragically died young. In the foreword he ",
9szhjhO9epA,commentary,23,0.0561,0.0205,0.0,new_information,clean,"Okay, at first it just looks like other zippers, but if I pull out the threads, you can see that everything here is just a single weird piece of plastic. Imagine you have a coil of plastic that you somewhat flatten. You ",you can see
o0AMK3wFK9E,ted,50,0.0572,0.0345,,new_information,clean,"What if running didn't have to be boring? What if I gave it a little bit of purpose? What if I ran the entire city of Chicago? Today, this is my progress within the city. The purple is where I've ran over half of Chicago",
3esF-pNAM9c,podcasts,32,0.0575,0.0052,0.0,new_information,clean,I think if you're in a cycle where all you're just getting dopamine from sugar it just becomes addictive and you have to do stuff in your life that allows you to feel good in your brain without having that sugar so maybe,
o0AMK3wFK9E,ted,13,0.0579,0.0205,,new_information,clean,">> Honeybees are dying rapidly and at the center of this problem is veroa. My name is Sammy Ramsey. I'm from Boulder, Colorado. My big idea that I want to share with the world today is that empathy is a skill. It typical",
1NLoTuRR3hE,podcasts,235,0.0581,0.0205,,new_information,clean,So every time he does this he's sort of testing these boundaries. And this is what makes me more concerned. I'll give you a proof point. God is my witness. We're sitting here when we do this today on this podcast. We jus,
9szhjhO9epA,commentary,8,0.0585,0.0914,1.0,new_information,clean,"[Gregor] For the next few years, Sundback made minor improvements to Judson's hook and eye design, but none were ever enough to make the product truly functional. Then soon after giving birth to a daughter, his wife Elvi",
AeGEv0YVLtw,commentary,17,0.0592,0.036,,new_information,clean,"and I mentioned that around August of last year I changed what I was making. If you’ve been watching my videos for any amount of time you will have noticed I went from this, to this in a relatively short amount of time. ",
3esF-pNAM9c,podcasts,77,0.0596,0.1152,0.0,new_information,repetition,and there's like these evil people in this like Tower or whatever and then it was rebutted by the other host who basically made the case which I kind of believe that actually it's not necessarily this big conspiracy theo,
1NLoTuRR3hE,podcasts,164,0.0597,0.075,,new_information,clean,"At that stage, you're thinking about the product, how to attract new customers, how to grow your team, really, how to survive. And HR slips down the list because it doesn't feel urgent, but sooner or later it is. And whe",
iDtfzQnW-B4,commentary,6,0.0599,0.028,,new_information,clean,"Quick recap of Episode One and two. I am Kurtis with a bunch of S's, I am a bisexual nerdy theater girl in high school. And I'm a part of the Baby project right now where I have to take care of a fake baby to pass my cla",
AeGEv0YVLtw,commentary,4,0.0599,1.0,,off_topic,clean,"Put a pin in that. Several hundred years before Satre, another French guy called Renè Descartes wrote some actual philosophy in which he tried to doubt everything he knew in order to find something that he couldn’t doubt",
1NLoTuRR3hE,podcasts,64,0.06,0.0264,,new_information,repetition,and uh grew about there were 22 or four businesses at peak about a thousand employees at peak came from that one business I was the only full-time employee for almost two years yeah I mean I'll tell you just the greatest,
IiAjADve-ec,tv_series,118,0.062,0.1216,,new_information,clean,"Why don't you tell Daddy that we want no spoiled little rich girls on this side of the island? Carmelita, please, would you just dance with me? What are you doing, let's dance. Let's get out of here. Hey, Rogelio, you're",
3esF-pNAM9c,podcasts,74,0.0621,0.0863,0.0,new_information,repetition,it's helping people lose weight for me Stephen I'm like guys do you realize what's going on do you realize that we've had to invent a drug to prevent people from eating the food around them because the food around them i,
-QTkPfq7w1A,commentary,11,0.0622,0.0093,0.0,new_information,clean,"That's Hook's law. But if you add another spring in between in series, now both springs extend roughly the same amount, X, because both springs feel the same force of the weight pulling from below. So in the case of idea",look at
1NLoTuRR3hE,podcasts,168,0.0625,0.0339,,new_information,filled_pause,"In 2015, she was highlighting all the things the trend lines a decade ago that are headlines today >> as it relates to the crisis of of boys and men. And she was noting the suicide rate. She was talking about, you know, ",
iDtfzQnW-B4,commentary,73,0.0625,0.0196,,new_information,clean,"It's time to kick back. Well yourself to do your job but on top of ensuring your safety and privacy, ExpressVPN also allows you to expand your entertainment selection by letting you change your location so you can watch ",
53T5eYxGf3I,ted,2,0.0625,0.0863,,new_information,repetition,then it broke I paid to get it repaired then it broke again and pretty soon I was broke too I realized that the truly appropriate lowcost tools that I needed to start a sustainable farm and settlement just didn't exist y,
1NLoTuRR3hE,podcasts,35,0.0627,0.1152,,new_information,repetition,"You know, well, I'm getting my 960 in American SAT. She was getting 1380. It was easy for her. Uh, everything was easy for her. And so that contrast and that anxiety that came from that contrast and the struggle that my ",
2IdtqGM6KWU,lectures,14,0.0628,0.0264,0.0,new_information,filled_pause,I can write that Matrix as it's pivot column 1 2 times it's time 145 a column time a row one column time one row gives me a matrix right if I multiply a column by a row that that's 2x one Matrix times a 1x3 matrix and th,
iDtfzQnW-B4,commentary,46,0.0631,0.0205,,new_information,clean,"O, M, G! I so ship Lekurtisssssss, that's my name in French. LeKurtis. But when Spencer showed up with those cookies, Leah flipped and ran off! Spencer is a gift from the romance gods, don't... because he made up, becaus",
4DfCXjwQBRA,commentary,25,0.0635,0.0345,1.0,new_information,clean,"- [Narrator] Any ideas to help you actively find love? - Sex Kung Fu. - [Narrator] I'm sorry, what? - Chinese philosophy with sexual energy meditation. - Do you love him? I don't know what sex Kung Fu is and I never wann",
MsIvs_6vC38,lectures,0,0.0638,0.0345,,new_information,clean,"Okay, this is linear algebra, lecture four. And, the first thing I have to do is something that was on the list for last time, but here it is now. What's the inverse of a product? If I multiply two matrices together and ",
1NLoTuRR3hE,podcasts,173,0.0638,0.0339,,new_information,filled_pause,"The Democratic Party, I think it's fair to say, most certainly played their hand wrong in this regard. And the word played is obviously again comes loaded, but but very much I think I think to so some I think people coul",
iDtfzQnW-B4,commentary,23,0.0639,0.0345,,new_information,clean,"Can I get a re-do? Is this really happening? I'm not going to let this moment pass us by. (door bell rings) No! Dude, this is just what High School Musical does. The whole first High School Musical movie if they didn't k",
3esF-pNAM9c,podcasts,58,0.064,0.0264,0.0,new_information,filled_pause,and that's the food order hack going on do you know off the top of your head what your most engaged post has been of all time the one that's been shared the most or commented on the most um actually it's one currently at,
1NLoTuRR3hE,podcasts,72,0.0651,0.036,,new_information,clean,"You tried to solve a goddamn problem."" And we created the failure award and I gave the biggest screw-up every single month a bonus. And at the end of the year, we'd put them all together. January screw-up, February screw",
MsIvs_6vC38,lectures,46,0.0654,0.005,,new_information,clean,"So now this is going to -- this is the E that goes on the left side. Left of A. Now I'm going to do the inverses in the opposite order, so what's the -- So the opposite order means I put this inverse first. And what is i",
Aj0s9ztoKUc,entertainment,98,0.0658,0.0205,,new_information,clean,"That's true. Let's give a round of applause to a very special, deserving group of people. That is, people with underwhelming 23 and me results. You don't know how lucky you are. Click the top link to watch us rank Cringe",
6HVYHNTDOFs,commentary,24,0.066,0.036,0.0,new_information,clean,"So much so that copycat businesses began to crop up. But Tudor wasn't about to let anyone else have a share of the market he created. So, to maintain his monopoly, he often undercut his competition until they either gave",
3esF-pNAM9c,podcasts,54,0.0664,0.0339,0.0,new_information,repetition,okay that's how it would work so indirectly I might not game more away exactly exactly so eating your food in the right order okay having a Savory breakfast we talked about it veggies first we talked about it vinegar we ,
o0AMK3wFK9E,ted,86,0.0664,0.0345,,new_information,clean,It has driven the extinction of hundreds of amphibians already. I'm a chemist who has dedicated my life to improving health and I cannot look away from these diseases. I needed to do something about it. When I met Pebble,
CcVMWwXOk8I,tv_series,5,0.0675,0.036,,new_information,clean,"When Suner enters their lives, Kyra believes she's her mom, pulling everyone into a heartwarming tale of found family and tender romance to uncover the sweetest lie ever told. Don't miss this emotional ride. Number 10, A",
o0AMK3wFK9E,ted,36,0.0677,0.036,,new_information,clean,"The speakers prepare for the six minutes that could change everything. If you're in the room, you are participating. All right, we're going to get our shoulders all the way up to ears and inhale and then a big exhale wit",
iDtfzQnW-B4,commentary,68,0.068,0.047,,new_information,clean,"Oh, come on Spence, at least pretend you're happy to hear from me. Dude, he's just like a super cockney guy. Spencer, how could you let this happen? Almost hurt my fucking throat bro. Mr. Herberg just pair them up out of",
-QTkPfq7w1A,commentary,20,0.0691,0.005,0.0,new_information,clean,"Since this is just a mathematical model, both will get you there at the same time. So, say there were 2,000 drivers trying to get across the city. Half of the cars would end up on the first route and half on the second r",
iDtfzQnW-B4,commentary,72,0.0694,0.0196,,new_information,clean,You know how many times I've searched for wet fart sound effect in the YouTube? Nobody needs to know that. Only me and I know a lot more people are working from home now because of COVID-19. And if you are one of those p,
Ff7J-ERl8o0,entertainment,0,0.0695,0.028,,new_information,clean,"The career high of it all kicked in when after our set, Bruce Springsteen came into our dressing room and said he didn't feel like he could go back on without us sort of joining him. So, you know, we were that hard of an",
4X16Iw5ST4Q,commentary,27,0.0698,1.0,1.0,discourse_filler,clean,[Music] okay you're welcome now let's hear a word from today's sponsor this video is sponsored by current folks as technology advances industries usually evolve and adapt over time except banking they refuse to change an,this video
MsIvs_6vC38,lectures,58,0.0699,0.0877,,new_information,clean,"So here's our matrix A, hundred by a hundred. And the first step will be -- that column, is got zeroes down here. So it's down to 99 by 99, right? That's really like the first stage of elimination, to get from this hundr",
3esF-pNAM9c,podcasts,55,0.07,0.2803,0.0,new_information,clean,and I'll just make an example with my own data to illustrate that scientific study and that's why if you swipe on my post you'll see my graph and then the study that I mentioned or in the description of the post I don't ,the screen
9szhjhO9epA,commentary,21,0.0711,1.0,1.0,discourse_filler,revision,"There we go. I mean, it's a pretty great example of how a more automatic approach can save you a bunch of time, which is what today's sponsor Hostinger is all about. Say you have a bunch of projects spread out over Slack",
3esF-pNAM9c,podcasts,50,0.0715,0.0049,0.0,new_information,repetition,well I think there's a lot of things going on but one study that's really interesting shows us that in rats when you create lots of big glucose spikes and when you monitor the activity of their neurons in the rats scient,
AeGEv0YVLtw,commentary,8,0.0722,0.036,,new_information,clean,"One of Hegel and Satre’s big themes was recognition. Wanting to be seen by other people in a certain way, and what happens when Other people don’t see us the way we want them to. And they’re not just talking about other ",
1NLoTuRR3hE,podcasts,179,0.0722,0.0442,,new_information,revision,"If and when you become president in 2028 or another year, >> how is the attitude towards men going to shift and what are the practical ways that you get there towards, you know, >> well, I don't think you wait for that m",
1NLoTuRR3hE,podcasts,144,0.0723,0.0264,,new_information,filled_pause,"Young man in a hurry. That's who I was. Was the entrepreneur. I'm sort of trying to, you know, just trying to make things happen, trying new things, seeing what works, having a little bit more success than failure. Um, y",
1NLoTuRR3hE,podcasts,69,0.0742,0.0863,,new_information,repetition,"Valley, Lake Tahoe area and a lot of mosquitoes during the summer months. It's an old motel built for the Winter Olympics, the 1960 Winter Olympics, built in 1959 for the delegates was supposed to be torn down. It sort o",
o0AMK3wFK9E,ted,27,0.0742,0.0205,,new_information,clean,"I'm Darling Jackson, also known as DJ Lady D, and I'm from Chicago. I'm here to share a way for people to feel comfortable with themselves and to live a life that's free of judgment and full of grace. People are really c",
6HVYHNTDOFs,commentary,10,0.0742,0.036,0.0,new_information,clean,"The key idea here is that you wanna pack your ice as tightly as possible. - [Derek] In fact, the best shape to minimize the surface area is a sphere. So, if you think about it, a snowman is pretty much mathematically opt",
o0AMK3wFK9E,ted,6,0.0746,0.0339,,new_information,filled_pause,My name is Tim Cernac. I'm a professor of medicinal chemistry at the University of Michigan. I'm here to talk about making medicine for endangered species. It's a new field called conservation chemistry. We imagine that ,
MsIvs_6vC38,lectures,53,0.0747,0.0205,,new_information,clean,"So this is the A=L U. So if no row exchanges, the multipliers that those numbers that we multiplied rows by and subtracted, when we did an elimination step -- the multipliers go directly into L. Okay. So L is -- this is ",look at
4DfCXjwQBRA,commentary,14,0.0748,0.028,0.0,new_information,clean,"The episode that I despised the most is episode five which opens with a dolphin girl named Nina. So this is just a full-on BoJack Horseman episode. You know, I bet they avoided horse masks for, well, I guess horse masks ",
4IenX7OHumk,tv_series,1,0.0748,0.036,0.0,new_information,clean,he does not block he just snaps your spine but zika can wait they all die in the end patience is rewarded with a second hand Feast to fuel her growing Army one step closer to her master plan soon zelica you will have the,
4IenX7OHumk,tv_series,2,0.0749,0.036,0.0,new_information,clean,[Music] but these challenges to the throne are trespasses now on the Mars Lion's domain do not get caught Lions showed dogs no mercy LED well six dogs can grow into a dynasty loyal alphas timana and malao carry this drea,
4EXVrzOACv4,commentary,18,0.0756,0.036,0.0,new_information,clean,"You can absolutely create a cooking channel that trades entirely in being strongly informative, driven by a big personality. But spectacle sells, and at the moment it absolutely dominates. In fact it does so to the point",
1NLoTuRR3hE,podcasts,248,0.0757,0.0196,,new_information,clean,"That's for a larger purpose. And I'm not trying to be, you know, I'm not trying to be m it may not be intentional purpose yet, but they'll place an opportunity to utilize the lessons learned here today to extend their re",
CcVMWwXOk8I,tv_series,4,0.0758,0.0914,,new_information,clean,"She ends up in a glamorous Istanbul clinic with Kaire's charming son Amir. As egos collide, so do hearts. To explore how beauty can be more than skinde, check out this colorful drama. Number 11, Benham Taffyan, My Sweet ",
AeGEv0YVLtw,commentary,56,0.0766,0.0863,,new_information,repetition,And if I raise any money I'm going to give it all to a mental health charity. A while ago my friend Harry did something amazing. He he raised a huge amount of money for a kid’s charity by streaming himself playing Donkey,
9szhjhO9epA,commentary,20,0.0766,0.0196,0.0,new_information,clean,"zippers are more expensive, more temperamental than buttons and laces, and anyways, they become huge regardless of that. - Well, now you see the heart of the mystery. The novelty of a zipper itself was something that too",
3esF-pNAM9c,podcasts,2,0.0769,0.0863,1.0,new_information,filled_pause,yep so what are the hacks the first one is this is a sentence I never thought I'd say in my life um we've just hit 7 million subscribers on YouTube and I want to say a huge thank you to all of you that show up here every,
1NLoTuRR3hE,podcasts,251,0.0772,1.0,,discourse_filler,repetition,"Oh, okay. He's >> if he was 69, not 79. >> Look, he uh this is the great grift. He's he he did what he never did in the first term. He played in the margins. he was able to take advantage of his brand and his businesses ",
IiAjADve-ec,tv_series,1,0.0777,0.0205,,new_information,clean,"Oh. Margarita, [Spanish spoken audio]. Oh. It's beautiful, Sonia. She looked beautiful in it on the day that she married her father. She always hoped to see you wear it one day. So young you were. Seventeen.",
AeGEv0YVLtw,commentary,26,0.0779,0.1197,,new_information,repetition,"It was bad in places but it wasn't abusive! I mean yes, I did all of the cooking, and cleaning, and it was hardly ever appreciated, but that's okay, I had more spare time; that's the feminist thing to do and I enjoy doin",
AeGEv0YVLtw,commentary,10,0.0783,0.0205,,new_information,clean,"Spoilers, by the way. It's not necessarily just about race: a lot of trans people can probably relate to what Fanon was talking about. (I think someday some black trans person is gonna write something about Frantz Fanon ",
3esF-pNAM9c,podcasts,9,0.0785,0.0339,0.0,new_information,repetition,but let me explain if you put a chicken in the oven it goes from pink to brown right you've seen this it books this process of cooking is called glycation it's the process of Browning or of cooking same thing when you to,look at
9szhjhO9epA,commentary,27,0.0787,0.0345,0.0,new_information,clean,"YKK. Even on clothes and objects from completely different brands. If you look at your zipper now, you'll probably see the same thing. So at first, I thought this might refer to a particular style of zipper or something,",look at
6HVYHNTDOFs,commentary,40,0.0795,0.0205,0.0,new_information,clean,"This cooled the air down below its starting point and dropped it to freezing temperatures. Gorrie then placed this entire cylinder inside a large tank of water, finally making ice. But to avoid the entire tank freezing s",
3esF-pNAM9c,podcasts,48,0.08,0.0264,0.0,new_information,repetition,so if you want a super low effort albeit not very delicious super low effort hack to try do that and see how you feel with a smaller Spike and a smaller crash few Cravings less fatigue what kind of vinegar any kind of vi,look at
MsIvs_6vC38,lectures,31,0.0801,0.005,,new_information,clean,"right? And then the next step will be to get a zero in the three one position. And the final step will be to get a zero in the three two That's what elimination is, and it produced U. position. And again, no row exchange",
1NLoTuRR3hE,podcasts,171,0.0802,0.0264,,new_information,filled_pause,Our party needs to own up to that and we need to address these realities. Uh Richard Reeves is doing amazing work on it. Scott Galloway is doing amazing work on it. So many folks in this space uh you know cats been doing,
2IdtqGM6KWU,lectures,26,0.0805,0.0462,0.0,new_information,repetition,I don't well we won't think more about that so actually the the real question is what's what are big large distances who how how far apart could people be separated and roughly this number six degrees of separation has k,
-QTkPfq7w1A,commentary,15,0.0808,0.0914,0.0,new_information,clean,"Now, you might think that this paradox only really works with the springs in this demo, but the first time it was discovered was actually because of its influence on people. In April of 1990, New York was getting ready f",
6HVYHNTDOFs,commentary,18,0.0811,0.0093,0.0,new_information,clean,"So, with no place to store the ice, Tudor had to sell it straight off the dock, under the hot sun. He sold as quickly as possible, but after two days, he had only made about $50. The locals were confused by the strange f",
MsIvs_6vC38,lectures,57,0.0816,0.0236,,new_information,clean,"But it's more expensive, too, and the question is how much more expensive? If I have matrices of order a hundred. Let's say a hundred by a hundred. Let me take n to be a hundred. Say n equal a hundred. How many steps are",
o0AMK3wFK9E,ted,84,0.082,0.2803,,new_information,clean,"He's going to be tough to beat. I'm glad I did not make eye contact with my parents cuz then I would have been like an inconclusion and it would have been over with. So wherever they are, I'm glad that they threw a jacke",
2IdtqGM6KWU,lectures,13,0.0825,0.0339,0.0,new_information,repetition,and it's not bigger than n so but I'd like to have a little discussion on the rank maybe I'll put that here so I'm picking up this topic of rank one matrices and the reason I'm interested in rank one matrices is that the,
3esF-pNAM9c,podcasts,47,0.0828,0.0205,0.0,new_information,clean,oh I really want to have a nap I would have a nap on the floor right here if I could looking for sugar all the time you actually have a clearer brain like we know glucose spikes are linked to even just brain fog and brai,right here
-QTkPfq7w1A,commentary,19,0.083,0.0196,0.0,new_information,clean,"But there were only two possible routes the drivers could take. Route one starts with a wide highway that takes you halfway across town. The road is so wide that regardless of how many cars are on it, this part of the tr",you can see
o0AMK3wFK9E,ted,40,0.0831,0.0052,,new_information,clean,The audience begins to arrive as the speakers prepare backstage for their big moment. >> Thank you all for being here with the TED Global Idea Search. Thousands of people applied and from the selected speakers you will h,
MsIvs_6vC38,lectures,18,0.0832,0.0345,,new_information,clean,"We'll keep it simple, say two and an eight, so we know that the first pivot is a two, and the multiplier's going to be a four and then let me put a one here and what number do I not want to put there? Four. I don't want ",
IiAjADve-ec,tv_series,18,0.0833,0.049,,new_information,clean,"Fine. [Spanish spoken audio] Oh, Rosita. Our baby has grown up. She's become an angel like you, [Spanish spoken audio]. As long as I am drawing breath, Rosa, no one will harm her. Manolo, I didn't know you were coming ov",
6HVYHNTDOFs,commentary,11,0.0837,0.0914,0.0,new_information,clean,"(jaunty music) The main reason it lasted so long is because the ratio of surface area to volume actually decreases for larger and larger amounts of ice. For example, if you double the radius of this snowman, then the vol",
3esF-pNAM9c,podcasts,23,0.0842,0.0193,0.0,new_information,repetition,so it can take different forms so I think we're starting to understand there there variations of PCOS and some are in the insulin resistant category have you seen a woman res reverse have PCOS symptoms tons in my second ,
iDtfzQnW-B4,commentary,24,0.0849,0.1216,,new_information,clean,"And I'm on episode four. If I don't see a real kiss dude this is worse. This is worse than High School Musical. Even though everything is worse than High School Musical because High school musical is the best. Okay, so y",
o0AMK3wFK9E,ted,126,0.0849,0.036,,new_information,clean,"No, you can't. I'm a star now. I'm going to town. With Joshua talking his way to a place on the TED main stage to have his voice heard by millions, our time in Chicago is over. But the TED idea search continues. Next tim",
1NLoTuRR3hE,podcasts,74,0.0852,0.0264,,new_information,repetition,"We're not encouraging, you know, recklessness, but risk-taking. And it literally allowed the business not just to survive, but to start to thrive in ways I couldn't ever imagine. I I think that's a really important just ",
AeGEv0YVLtw,commentary,38,0.0856,0.1663,,new_information,clean,and he's like six two and jacked. When we get to know somebody very well we take on a little bit of them into ourselves. They become like an audience and it affects our self-perception. And good romantic partner will hop,
MsIvs_6vC38,lectures,52,0.0857,0.028,,new_information,clean,"The order that the matrices come for L is the right order. The two and the five don't sort of interfere to produce this ten one. In the right order, the multipliers just sit in the matrix L. That's the point -- that if I",
MsIvs_6vC38,lectures,59,0.0862,0.0345,,new_information,clean,"You see, I'm trying to get an idea. Is the answer proportional to n? Is the total number of steps in elimination, the total number, is it proportional to n -- in which case if I double n from a hundred to two hundred -- ",
AeGEv0YVLtw,commentary,18,0.0864,0.1216,,new_information,clean,"But around about the end of summer lasy year the creativity suddenly came roaring back. And my therapist said, “Oh that’s interesting. So you went from a suicide attempt at the start of 2018 to getting your mojo back, wi",
AeGEv0YVLtw,commentary,16,0.0867,0.0193,,new_information,restart,"And I said, “It came from…” About... Uh, about two thirds of the way through the play, Garcin has an opportunity to leave Hell only he doesn't, so... I guess Hell can't really be that bad. He must be exaggerating it. In ",
1NLoTuRR3hE,podcasts,99,0.0868,0.0339,,new_information,filled_pause,"In fact, they were almost universally opposed to same-sex marriage. And I had an experience in Washington DC. Nancy Pelosi, the speaker of the house, invited me as a new mayor to listen to George Bush give his final Stat",
IiAjADve-ec,tv_series,213,0.0871,0.0196,,new_information,clean,"I am forcing Margarita to marry this buffoon. -Piñeda?. -Brain fever, sir. Poor child, she's delusional. Sonia, I believe I need to speak to my lawyer. [Spanish spoken audio]",
6HVYHNTDOFs,commentary,8,0.0872,0.036,0.0,new_information,clean,"As far back as 500 BC, in the scorching summers of the Persian Empire, ancient kings, like Xerxes, enjoyed refreshing frozen desserts, even when the outside temperature climbed as high as 35 degrees Celsius. Now, ice in ",
6HVYHNTDOFs,commentary,26,0.0876,0.0205,0.0,new_information,clean,"(suspenseful music) (ice cracking) In under 50 years, the ice trade had become one of the largest industries in the US, and it's second largest export by weight. What was once a luxury product became a commodity. By the ",
2IdtqGM6KWU,lectures,11,0.0878,0.0193,0.0,new_information,repetition,I'm you see I'm really looking at a null space here I'm looking at the null space of a differential equation that's the solution space and describe the solution space all solutions to this differential equation so the eq,
MsIvs_6vC38,lectures,56,0.0878,0.0442,,new_information,revision,"How many operations do we do? So this is now a kind of new topic which I didn't list as -- on the program, but here it came. Here it comes. How many operations on an n by n matrix A. I mean, it's a very practical questio",
IiAjADve-ec,tv_series,137,0.0891,0.0719,,new_information,clean,"We didn't do anything wrong. Good morning. Papa. Papa, please, it was one mistake. -It's a very big mistake, Margarita -I'm a grown woman. A grown woman who has forgotten she is to be married in three days?",
3esF-pNAM9c,podcasts,90,0.0892,0.1107,0.0,new_information,repetition,and I wanted people to have access to them again you can just do the food hacks you don't need this but if you want supplement health don't go for burin don't go for vinegar capsules this is what you need what is uh what,
Aj0s9ztoKUc,entertainment,74,0.0895,0.0196,,new_information,clean,"Squat down and give it to me. You just had Roti Chaud. Roti is the name used for flatbreads in Indian influence cultures, and Chaud is the French word for hot. So this dish translates roughly to hot bread in the multilin",
AeGEv0YVLtw,commentary,7,0.0898,0.0196,,new_information,clean,"He's guilty. Even if there was a mirror he wouldn’t be able to face himself: he’s worried that he's a coward. And Estelle is very willing to dissuade him of that notion by having sex with him, she's like, ""You're not a c",over here
4DfCXjwQBRA,commentary,8,0.0898,0.0345,0.0,new_information,clean,- Could you fall in love with someone based on personality alone? What a fantastic question that the this show does not address. They're just wearing masks. 'Love is Blind' was a much better test of this and it was stupi,
_gTgloPR0Aw,ted,4,0.0903,0.0093,0.0,new_information,clean,"And these impacts weren’t unique to Ahenyo. Since this study, direct cash giving has become one of the most researched poverty interventions, and it's consistently shown impacts that often exceed traditional aid programs",
4EXVrzOACv4,commentary,16,0.0912,0.036,0.0,new_information,clean,"What I’m saying is that this is a useful way of conceptualizing things, but don’t go trying to, like, distribute exact percentages as though you’re assigning skill points in a video game. To use Bon Appetit as an example",
1NLoTuRR3hE,podcasts,252,0.0913,0.0205,,new_information,clean,Thank you to the Qataris. He will have billions and billions of dollars. He'll make the vast majority of his wealth in just a few years as president of the United States. He will set himself up in that respect. He'll hav,
Ff7J-ERl8o0,entertainment,9,0.0918,0.0442,,new_information,filled_pause,"And we've become, you know, the people who have sort of come through, uh, you know, The Roots University of sorts, um, this institution that we've built, um, all become family. From Things Fall Apart being enshrined in t",
vexARYQjdN8,podcasts,0,0.0919,0.036,,new_information,clean,"(Lex flipping) - That was intense. This video is a Judo training session with Travis Stevens from a while back. He's a 2016 Olympic silver medalist in Judo, and one of the greatest American judoka ever. I've trained judo",this video
-QTkPfq7w1A,commentary,47,0.0922,0.1216,0.0,new_information,clean,"So what is counter snapping actually useful for? Well, notice that there is a force at which the series and parallel curves of the system overlap. Which means that at this force, the mechanism will actually be the same l",look at
9szhjhO9epA,commentary,19,0.0924,0.036,0.0,new_information,clean,"They got a new name, too: Talon, since their fasteners had a secure grip, it was kind of like the talons of an eagle. Talon's new zippers were way sturdier than Judson's hook and eye design, because their parts were way ",the table
-QTkPfq7w1A,commentary,23,0.0925,0.005,0.0,new_information,clean,"So, everyone decides to switch to the shortcut. And now all 2,000 cars are driving down the city streets. Now, the time to traverse each city street jumps to 20 minutes. So, the total journey time for everyone increases ",
4DfCXjwQBRA,commentary,35,0.093,0.036,0.0,new_information,clean,"But this happens a lot in the show. There's always one date that's way more romantic than the other. Maybe Nina got to choose but we're not told that as the audience, there's always like a weirdly platonic date in there.",
6HVYHNTDOFs,commentary,21,0.0935,0.0205,0.0,new_information,clean,"- [Derek] In Tudor's own words, ""A man who has drank his drinks cold at the same expense for one week can never be presented with them warm again."" - Tudor even showed them how to make ice cream, which became an instant ",
4IenX7OHumk,tv_series,3,0.0942,0.0914,0.0,new_information,clean,helpless Saba you have no choice a cousin for her kitten a momentary breath until tomorrow when she'll do it all [Applause] again The Daily Grind of life in the kingom om kill feed sleep [Music] repeat the dry season cha,
MsIvs_6vC38,lectures,30,0.0942,0.0089,,new_information,clean,"Let me show you how that works. Let me move up to a three by three, let's say some matrix A, okay? Let's imagine it's three by three. I won't write numbers down for now. So what's the first elimination step that I do, th",
6HVYHNTDOFs,commentary,15,0.0945,0.0093,0.0,new_information,clean,"For the next 2,300 years, these techniques barely changed. And now, Tudor was ready to bet his fortune on these ancient principles. So, he mortgaged land on his family estate to buy a ship, and he began modifying it for ",
iDtfzQnW-B4,commentary,65,0.0958,1.0,,discourse_filler,clean,"No, fucking way dude. Spencer? I hardly trust her. Excuse me? I can't believe Spencer's spying for Tony! What secrets has you shared? They must pick the prices fucking perfectly.",
AeGEv0YVLtw,commentary,31,0.0962,1.0,,discourse_filler,clean,"<laughing> What is my job? Aristotle said that being a good person isn't about doing the right thing or doing it for the right reasons it's about having the right virtues. Compassion, bravery, loyalty, stuff like that. A",
-QTkPfq7w1A,commentary,48,0.0967,0.0914,0.0,new_information,clean,"Oh yeah. When the mechanism is in series, the natural frequency is 3.7 hertz. But if you switch to a parallel setup, the natural frequency increases to 6.4. 4 hertz. We switch it and we look at the natural frequency. Now",look at
MsIvs_6vC38,lectures,26,0.0976,0.0345,,new_information,clean,"But it already shows the form that we're headed for. It shows -- so what's the L stand for? Why the letter L? If U stood for upper triangular, then of course L stands for lower triangular. And actually, it has ones on th",
MsIvs_6vC38,lectures,97,0.0976,0.0877,,new_information,clean,"The inverse of that matrix is -- if I exchange rows one and two, then what I should do to get back to where I started is the same thing. So this thing is its own inverse. That's probably its own inverse. This is probably",
1NLoTuRR3hE,podcasts,117,0.0978,0.1107,,new_information,repetition,"And uh I faced that just second time in a half century in California. I I defeated it overwhelmingly. But that was a hell of a thing to experience and to see the nationalization of that recall. I mean, the the entire Rep",
iDtfzQnW-B4,commentary,47,0.0985,1.0,,discourse_filler,clean,Cake boss! If Gibbs can't act right give us one chance to make a love connection for our co-stars. And I know exactly what to do to bring you and Spencer closer than ever. Hey Kurtis! What if he actually sound like that?,
iDtfzQnW-B4,commentary,15,0.0988,0.2713,,new_information,clean,"Sure you were, education. (laughs) Let me get something ultra-cozy to warm you up. Spend a million diamonds for this cozy sweater, or wear a burlap sack is probably what it's going to say. Haute couture meets Netflix and",
iDtfzQnW-B4,commentary,67,0.0989,0.0205,,new_information,clean,"Okay give me that &* little triangle hashtag phone! I need to see what Spencer's been saying about me. Holy crap, Look at all these calls to Tony. Saying I didn't expect to hear from you is the understatement of the year",look at
MsIvs_6vC38,lectures,68,0.0992,1.0,,off_topic,repetition,"About ninety nine squared, or ninety nine times ninety eight. But less, right? Less, because our problem's getting smaller. About ninety-nine squared. And then I go down and down and the next one will be ninety eight squ",
MsIvs_6vC38,lectures,38,0.0999,0.0205,,new_information,clean,"But let me go up to this case. Suppose my matrices E21 -- suppose E21 has a minus two in there. Suppose that -- and now suppose -- oh, I'll even suppose E31 is the identity. I'm going to make the point with just a couple",
CcVMWwXOk8I,tv_series,14,0.1003,0.0196,,new_information,clean,"Or is some love too expensive to afford? Find out in this classic tale of fate and sacrifice. Number one, Anadner Ask in Spite of Love. Set in a modern tech firm, this romcom follows Deafner and her infuriating yet irres",
MsIvs_6vC38,lectures,22,0.1008,0.0345,,new_information,clean,So I can do that right away. Now here's going to be my A equals L U. And you won't have any trouble telling me what -- so A is still two one eight seven. L is what you're going to tell me and U is still two one zero thre,
4EXVrzOACv4,commentary,6,0.1011,0.0325,0.0,new_information,revision,"But, that’s kinda the hitch, isn’t it? It’s universal, from the high arctic to the Pacific coast, over the great plains, through the Canadian Shield, to the Maritimes on the East because its ingredients reflect the stand",
o0AMK3wFK9E,ted,22,0.1016,0.028,,new_information,clean,>> My name is Job and I am originally from Brazil and now I live here in Chicago. My big idea for this talk is basically going to be me talking about my experiences of running all the streets of Chicago. People kind of h,
1NLoTuRR3hE,podcasts,94,0.1023,0.1519,,new_information,filled_pause,"I I I learned everything I could back to sort of the humility of not knowing what you don't know and recognizing, you know, success leaves clues and you can learn from everybody. And I started listening, learning from pe",
Aj0s9ztoKUc,entertainment,27,0.1029,0.0339,,new_information,filled_pause,"And when I start to talk about Australia, it makes me nervous that it might be Canada. Boy, I wanted to, I, I listen. I wanted to go to Australia, but it's such a risky move. I know, but I could really put you on your he",
1NLoTuRR3hE,podcasts,218,0.103,0.0325,,new_information,revision,"He doesn't he doesn't care if he's the heel or the hero as long as he's the star. I mean, it's and that's just anyone that spent time with them. I spent time with this much more than any Democrat, certainly any Democrati",
IiAjADve-ec,tv_series,224,0.1032,0.0084,,new_information,repetition,"[Spanish spoken audio] Let me take a look at that, boo boo. I did it all for love. -I love you. -Do you hear a noise, my dear? It's the pitter-patter of my heart, El Comandante. It's a very loud pitter-patter, Sonia. Si,",look at
IiAjADve-ec,tv_series,10,0.1034,0.0268,,new_information,clean,"-What's El Comandante doing about it? -He's eating chicken. You know, I feel like Tom Hanks in that movie, always talking about shrimp. Forrest Gump? He's not talking about shrimp, Barber is talking about shrimp, remembe",
1NLoTuRR3hE,podcasts,245,0.1035,0.0442,,new_information,filled_pause,when you you tend to say you know you know you crying wolf here uh I don't think we're overstating the seriousness uh that uh we have to push back the seriousness of purpose to which this moment needs to be met that is >,
2IdtqGM6KWU,lectures,19,0.1038,0.0863,0.0,new_information,repetition,okay it's a Subspace what's the dimension of that space and what's the basis for that space so you see how I can just describe a space and we we can ask for the dimension as for the basis first and the dimension course t,look at
4DfCXjwQBRA,commentary,15,0.1039,0.1265,0.0,new_information,clean,"It feels too real. - I have two secret weapons when dating, there's a country boy charm and my smile. - [Narrator] Well without- - And I'm sure his smile is great but it's hard to appreciate it when his mouth is sewn tog",
1NLoTuRR3hE,podcasts,28,0.1053,0.0462,,new_information,filled_pause,You know it's it you know I think shaped like so many people watching I mean how many of us over half of us have similar experiences of uh you know 19-year-old who's pregnant uh with her firstborn me and a few years late,
3esF-pNAM9c,podcasts,78,0.1059,0.0325,1.0,new_information,repetition,but I'm hoping that in my lifetime we see some progress because I really do believe that the people in these companies they want to do better they want they don't want people to die they don't want people to get sick but,
4EXVrzOACv4,commentary,21,0.106,0.036,0.0,new_information,clean,"Sorry, it happened again. It’s probably worth mentioning that “informational value” should really be “perceived informational value.” See, it’s not about being a recipe that you can follow along with and produce similar ",
4EXVrzOACv4,commentary,5,0.1061,0.0196,0.0,new_information,clean,"But the phrase so often attributed to her has become a shorthand for the disconnect between the wealthy and the working class, and it does this through the metaphor of food. Food is a universal need, and yet we live in a",
MsIvs_6vC38,lectures,40,0.1062,0.0877,,new_information,clean,"There's typical. That's a typical case in which we didn't need an E31. Maybe we already had a zero in that three one position. Okay. Let me see -- is that going to be enough to, show my point? Let me do that multiplicati",
3esF-pNAM9c,podcasts,92,0.1065,0.0049,0.0,new_information,repetition,then then let's hope you don't but in some people it causes a spike especially in people who feel a bit jittery and anxious when they drink coffee here's the study it showed that if you if you're tired and you didn't sle,
Aj0s9ztoKUc,entertainment,29,0.1071,0.1663,,new_information,clean,"Right there. Alright, Chase. Alright. Let us know. You just ate Halifax Donair. While variations on Turkish doner kebabs are popular all over the world.",
Ff7J-ERl8o0,entertainment,17,0.1071,0.0252,,new_information,repetition,"The first, you know, rap Grammy was, you know, DJ Jazzy Jeff and The Fresh Prince, who I would see in the city. And you mentioned Jazzy Jeff, you know, like, uh, you and you talk about, you know, kind of being a second c",
2IdtqGM6KWU,lectures,21,0.1075,0.0863,0.0,new_information,repetition,yeah can can can we take the four fundamental subspaces of this Matrix this's just kill this example the row space is onedimensional it's it's all multiples of that of that Row the null space is threedimensional oh you b,
3esF-pNAM9c,podcasts,22,0.1077,0.0339,0.0,new_information,repetition,yes and you should also avoid smoking you know wear sunscreen Etc but in terms of your diet what you want to focus on is focus on reducing glucose spikes yeah absolutely what about things like acne and skin conditions so,look at
Aj0s9ztoKUc,entertainment,41,0.1081,0.0252,,new_information,revision,"You know what? We can throw our weight around. I guess I'm gonna have to go back to the homeland of Ireland to get one. Because, you know that Indian food has really made a name for itself over there on the British Isles",
-QTkPfq7w1A,commentary,17,0.1081,0.0914,1.0,new_information,clean,"But the city went ahead with it anyway, and no cars were allowed on 42nd Street for the day. Now, to everyone's surprise, the traffic in the surrounding area actually got better. The number of cars was reduced by 20% wit",
9szhjhO9epA,commentary,30,0.1082,0.0068,0.0,new_information,revision,"- [Gregor] Around 1980, YKK surpassed Talon as the world's biggest zipper maker, and by the early 2000s, Talon's US market share had fallen to a mere 7%, while YKK's surged to around 45%. - YKK surpassed the 10 billion a",
Aj0s9ztoKUc,entertainment,96,0.1086,0.117,,new_information,clean,"You know how I love to do that. Oh, he gets to rap? I'm glad he won, if that's the case. Thanks for commenting and sharing this video. You know what time it is. Hi, we're the Foltz family and we're from Clayton, North Ca",this video
IiAjADve-ec,tv_series,131,0.1099,1.0,,off_topic,clean,"Take her upstairs, Sonia. She stinks of rum. -We need to talk. -I can't talk to you while you're drunk. -I am not drunk. -Get upstairs now! I am glad your mother is not here to see this. -Margarita, he trusted you.",
o0AMK3wFK9E,ted,56,0.1101,0.0088,,new_information,filled_pause,"Um, I I just wanted to give you a call. Um, Sammy hasn't been out to recess all week. He said he doesn't want to meet any insects, quote, on their own turf. So, so my mom took me to our local library and parked me in the",
2IdtqGM6KWU,lectures,22,0.1103,0.0084,0.0,new_information,repetition,okay tell me about the column space what's the column space of this Matrix [Music] a so the column space is a Subspace of r one because m is only one The Columns only have one component so the column space of s the colum,
1wsF9GpGd00,lectures,0,0.1111,0.0914,,new_information,clean,"Let's define ourselves some sets. So let's say the set A is composed of the numbers 1. 3. 5, 7, and 18. Let's say that the set B-- let me do this in a different color-- let's say that the set B is composed of 1, 7, and 1",this video
3esF-pNAM9c,podcasts,24,0.1113,0.0193,0.0,new_information,filled_pause,and I believe these hacks should be seen like you would see brush your teeth wear sunscreen drink enough water have a Savory breakfast move after eating have a Savory breakfast so are you saying people shouldn't be eatin,
MsIvs_6vC38,lectures,20,0.1113,0.0345,,new_information,clean,"So what's the elementary matrix? Strictly speaking, it's E21, because it's the guy that's going to produce a zero in that position. And it's going to produce U in one shot, because it's just a two by two matrix. So two o",
o0AMK3wFK9E,ted,96,0.1115,0.0345,,new_information,clean,"I really came away yesterday from the rehearsal feeling like I had really learned a lot from Darlene. Oh, how many of you would start your esteemed TED talk that way? If you would leave, you are already enlightened. Nama",
6HVYHNTDOFs,commentary,1,0.1116,0.0205,0.0,new_information,clean,"(patient exhaling) But, this treatment was almost impossible to sustain because it required hundreds of kilograms of ice per day, and Gorrie had only one way to get it. (ice scraping) (train engine whirring) (ice block t",
iDtfzQnW-B4,commentary,4,0.1121,0.036,,new_information,clean,"Go get it, if you want. Alright folks.(claps) So we're back. Okay, this is Episode three of me playing the episode game, and to be honest when I started I was like, yeah this will be, I'll do like maybe three or four vid",
Ff7J-ERl8o0,entertainment,24,0.1121,0.0462,,new_information,repetition,"He passed away, man, almost I want to say 11 or 12 years ago now. So, yeah, for some time it's it's an idea that, you know, we'd always entertain. Sometimes getting closer to, you know, sort of implementing a thing or ex",
1NLoTuRR3hE,podcasts,215,0.1124,0.0462,,new_information,filled_pause,I don't like people demeaning other people. I don't like people scapegoing scapegoating vulnerable communities. My why is standing up for ideals and striking out against injustice. It defines nine out of 10 things for me,
3esF-pNAM9c,podcasts,84,0.1127,0.0047,0.0,new_information,repetition,it's easy Savory breakfast vinegar veggie star movement it's easy and you feel the impact immediately so you want to keep going and on that point of today if I'm doing a podcast episode and I've got I'm sitting here for ,
CcVMWwXOk8I,tv_series,1,0.1128,0.036,,new_information,clean,"Number 15, Aphil ask Love Trap. The story of this drama begins in a textile factory where Aisha, a strong-willed woman, fakes a marriage with the arrogant but attractive Kareeim. What starts as a revenge prank slowly tur",
vexARYQjdN8,podcasts,1,0.1129,0.0877,,new_information,clean,"And I should also say that Austin, in general, is amazing for martial arts. We've got 10th Planet with Gabe Tuttle, New Wave with John Danaher, Gordon Ryan, Nicholas Meregali, and others. B Team with Craig Jones, Nikki R",
4DfCXjwQBRA,commentary,5,0.1134,0.0719,1.0,new_information,clean,"- [Narrator] Welcome to the strangest blind date ever. - Hoping to say goodbye to superficial dating, real life singles sport elaborate makeup and prosthetics to put true blind date chemistry to the test. So I get that t",
-QTkPfq7w1A,commentary,44,0.1142,0.0339,0.0,new_information,repetition,"It's a reversible case of Brazy's paradox. The network is basically the same as the brush paradox. So the the way they connected, the topology of the connection is exactly the same. The force displacement graph you get f",
4X16Iw5ST4Q,commentary,0,0.1146,0.0462,0.0,new_information,filled_pause,hey look it's me on stage doing stand-up wouldn't that be so fun to go to well you're in luck i'm going on tour this summer and tickets are available right now so click the description and i'll see you there enjoy the vi,
3esF-pNAM9c,podcasts,45,0.1148,0.0863,0.0,new_information,repetition,now I would never be able to drink any of that stuff because it was never I never learned to like it so don't be scared that your kid is going to binge if you restrict all the sugary stuff I think it's the opposite I thi,
MsIvs_6vC38,lectures,75,0.1152,1.0,,off_topic,clean,"Okay. So, -- so what's -- what's the calculus formula that looks like? It looks like -- if we were in calculus instead of summing stuff, we would integrate. So I would integrate x squared and I would get one third x cube",
Aj0s9ztoKUc,entertainment,37,0.1154,0.075,,new_information,clean,"You're right, Link. It's only savory. Gonna eat more, I'm gonna eat more in a second. Good God. But I guess I'm gonna go first. I do think it's deep fried. Mm.",
1NLoTuRR3hE,podcasts,95,0.1162,0.0193,,new_information,filled_pause,"I'm gonna give you a shot."" So, I was a relatively young guy now is the entrepreneur business person on our city council board of supervisors and I just hit the ground running. I opened I by that time opened a few extra ",
o0AMK3wFK9E,ted,72,0.1163,0.075,,new_information,clean,"I just feel so proud for him to have done that. >> Yes. >> Oh my gosh, the audience was so kind. I got a standing ovation at the end of that and I wasn't expecting that and now I'm just like, ""Yeah, I did it."" Please wel",
3esF-pNAM9c,podcasts,8,0.1163,0.0462,0.0,new_information,repetition,but if you give them too much water they drown and they die the human body is kind of the same some glucose amazing steady energy too much glucose and your little mitochondria start freaking out out they get overwhelmed ,
Aj0s9ztoKUc,entertainment,30,0.1166,0.0914,,new_information,clean,"Mm-hmm. This particular one is set apart by its signature sweet sauce made with sweetened condensed milk. The result of its Greek immigrant inventor adjusting his kebab recipe to suit the local tastes of Halifax, the cap",
3esF-pNAM9c,podcasts,94,0.1166,0.0264,1.0,new_information,filled_pause,just I just get in bed and within 10 minutes I'm asleep whereas before I would think and be in bed and just you know think about stuff have lots of thoughts and just spend an hour awake essentially and then my brain work,
4X16Iw5ST4Q,commentary,9,0.117,0.0863,0.0,new_information,repetition,i'm going to show you one more psa that uh compared to these other ones it's very weird [Music] you don't need a media monkey to make healthy choices think for yourself what do you want then because in one psa you go you,
9szhjhO9epA,commentary,18,0.117,0.036,0.0,new_information,clean,"It just goes sort of zip when you're closing it and when you're opening it. So, B.F. Goodrich came out in the early 1920s with their zipper boots. - The boots were such a hit that the name zipper transcended the shoe and",
IiAjADve-ec,tv_series,45,0.1172,0.1216,,new_information,clean,"That depends on whether a man such as myself who is not only responsible for the feeding of my big and lazy family, not to mention my many cousins, goats, chickens, cats, and deer. There are no deer on the island. That m",
Ud6JonLO29o,commentary,1,0.1174,0.0462,,new_information,filled_pause,so i wanted to make this video filling you guys in there will be no new spooky song this year or ever again i'm sorry i know a lot of people look forward to them i made spooky boy and gosh 2017 and at the time i thought ,this video
4DfCXjwQBRA,commentary,58,0.1174,0.0877,1.0,new_information,clean,"For those of you who don't know, Jarvis Johnson Pro is my YouTube channel for gaming videos where I play with the baddies like Danny Gonzalez and Curtis Connor and Gus Johnson and Nick is Not Green and Elsie Fisher and S",
Aj0s9ztoKUc,entertainment,18,0.1176,0.117,,new_information,clean,"I need to be alone with this thing. Gyro meat is one of those things that, was, you would think that we wouldn't have it in childhood, but we did because places like Tasty Freeze and local, like very localized burger joi",
9szhjhO9epA,commentary,15,0.1179,0.1265,0.0,new_information,clean,"Even in their earliest forms, they could already make 150 meters of zippers per day, and these zippers were incredibly strong. That's because for a tooth to become unpaired, it needs to get some distance between itself, ",
1NLoTuRR3hE,podcasts,126,0.1181,0.0264,,new_information,filled_pause,"and she's and her last breath and uh I just sat there and my sister no one walked in. I felt like for a day, it felt like hours, but it was just probably 10 minutes before someone finally came in just sitting there with ",
3esF-pNAM9c,podcasts,86,0.1183,0.0442,1.0,new_information,repetition,It's So for anybody that's just listening on audio it's this little jar of tablet little capsules um on each capsule it says anti-spike half of the capsule is green the other half of it is this sort of like beige color a,look at
6HVYHNTDOFs,commentary,13,0.1183,0.0205,0.0,new_information,clean,"(pensive music) After about an hour of the fan blowing, this ice cube is completely gone, whereas this one is only about 40% melted. So, obviously, you wanna minimize the amount of airflow that you're getting around your",
1NLoTuRR3hE,podcasts,108,0.1185,0.0205,,new_information,clean,"February 2004, 4,036 couples from 46 states in eight countries came to San Francisco to live their lives out loud to say I do in this magical experience that just shook me to the core and changed just my relationship to ",
H5DhD5Nwl_0,ted,0,0.1186,0.0205,,new_information,clean,"As dawn settles on the Amazon, a bat opens wide and vomits blood into its companion's mouth. And it’s not the first time they’ve shared a meal. Vampire bats are the only mammals to subsist on blood alone. Their ancient a",
4DfCXjwQBRA,commentary,49,0.1186,1.0,0.0,off_topic,clean,"Of course Mick wins and of course he bows when he wins, because that is Micks way. So then it's time for the reveals and I'm just gonna show Nina and Nick because I don't wanna spoil everything in this episode and there'",
4DfCXjwQBRA,commentary,20,0.1186,0.0268,0.0,new_information,clean,"- Okay? A few times in the show, they give hints that not only is it just like two dates maximum that you go on with the person that wins the show but both the dates happen on the same day which really just makes me want",
MsIvs_6vC38,lectures,50,0.1187,0.0089,,new_information,clean,"What's the third row in this product? Just read it out to me, the third row? 0 5 1 Because one way to say is this is saying take one of the last row and there it is. And this is my matrix L. And it's the one that goes on",
1NLoTuRR3hE,podcasts,166,0.1193,0.0911,,new_information,repetition,"I mean, you still look look like a young man now. God bless you, brother. > > Um, but uh, young men are in particular have a particular set of struggles in the modern world and you've used certain words that sort of parl",look at
3esF-pNAM9c,podcasts,18,0.1197,0.0339,0.0,new_information,repetition,yeah so there's a few categories so the ones that seem to be really fine for us are Stevia monk fruit and allulose the ones that have been linked to quite a few health issues are aspartame ml sucralose so for example a S,
1NLoTuRR3hE,podcasts,3,0.1197,0.0196,,new_information,clean,"No, it's a dangerous game. And America is struggling and I really worry about our democracy. But Trump is likely to lose power unless they can rig the game. >> Governor Gavin Newsome. Are you going to try and become the ",
3esF-pNAM9c,podcasts,89,0.12,0.0339,0.0,new_information,repetition,it's going to increase the amount of gp1 your cells produce the thing is Stephen you need to have a lot of it you need to drink like one and a half liters of lemon juice per day to get enough to impact your cells or you ,
1NLoTuRR3hE,podcasts,70,0.1201,0.0863,,new_information,repetition,"And he figured that's where all the mosquitoes are starting. So, the catfish will eat the larvae of the of of of the mosquitoes, and he'd solve the problem. So, he just on his own decided to buy a bunch of catfish, dumpe",
o0AMK3wFK9E,ted,57,0.1215,0.0193,,new_information,filled_pause,"Uh, I don't like that everything can see me really well, but I can't see them because I don't have any eyes. I didn't realize it at the time, but I was solving scientific problems via empathy, something that I had no ide",
CcVMWwXOk8I,tv_series,8,0.122,1.0,,off_topic,clean,"Number seven, Bim Hikai, Our Story. Adapted from Shameless, this series is about Phillies, a tough young woman raising her five siblings alone. When Bar, a charming stranger, steps into her chaotic life, love blossoms am",
1NLoTuRR3hE,podcasts,62,0.1228,0.0205,,new_information,clean,"Of course, look, I got in the wine business. Yeah. >> So I need attracted to the business side of it. Opened a wine store right out of college. Opened a number of restaurants. Had seven or eight restaurants. Have four wi",
1NLoTuRR3hE,podcasts,192,0.1232,0.0863,,new_information,filled_pause,"Yeah. >> Camala Harris, lots of people say she avoided going on Rogan. She wanted him to fly to She wanted Rogan to fly to her. She was going to give him a tiny short time window. It was probably going to be a bit saniti",
iDtfzQnW-B4,commentary,19,0.1234,0.0196,,new_information,clean,Go ahead and try they wouldn't believe you any way. You let Leah take care of you! So Kurtis dozed off in Leah's arms for her first peaceful sleep in years. Years?,
MsIvs_6vC38,lectures,44,0.1238,0.0345,,new_information,clean,"But I don't want it there. It's because -- the ten got in there because I subtracted two of row one from row two, and then I subtracted five of that new row two from row three. So doing it in that order, how did row one ",
9szhjhO9epA,commentary,38,0.1245,0.005,0.0,new_information,clean,"Just don't crimp it too tightly. I just can't get over the fact that the first patent Gideon Sundback submitted was around 1914, and in those 112 years so many other devices that we've invented have been completely trans",
3esF-pNAM9c,podcasts,20,0.1248,0.0462,0.0,new_information,revision,and it's cheap so we're in a very difficult situation and that's the situation that you know the gp1s are trying to solve we're in a pickle we are in a pickle are you optimistic about the pickle we're in as it relates to,
6HVYHNTDOFs,commentary,43,0.125,0.036,0.0,new_information,clean,"So, everywhere from Tallahassee up to New York, you see newspapers publishing headlines, like, ""There's this crank that thinks he can make ice as good as God Almighty."" And ultimately, John Gorrie, he does patent his mac",
4DfCXjwQBRA,commentary,2,0.1253,0.0205,0.0,new_information,clean,"Anyways, Sexy Beast is a new entry into the long running pantheon of Netflix's dating shows with a twist. Joining the ranks of hot Netflix hits like dating but you can't have sex, - [Crowd] Aw! - Dating, but instead of s",
3esF-pNAM9c,podcasts,39,0.1254,0.1152,0.0,new_information,repetition,there's many many I think for there's two things for me there's the the pregnancy stories because I think that's so touching because I've had many friends go through difficult fertility Journeys and to hear people who we,
1NLoTuRR3hE,podcasts,138,0.1254,0.0462,,new_information,filled_pause,because it's uh well I wish I could thank her for being an extraordinary parent. I never did. I told you I took her for granted. I never knew how hard it was until I had my own kids. But I I think she'd be so proud of of,
IiAjADve-ec,tv_series,142,0.126,1.0,,off_topic,clean,"Piñeda has advised me on how to make everything okay. I have deeded all my property to you. All my lands, all my lands will become yours the day you'll marry Manolo. Then he will take care of you. Perhaps you rely on Piñ",
6HVYHNTDOFs,commentary,44,0.1264,0.036,0.0,new_information,clean,"Soon, others began work on artificial cooling machines, including James Harrison, a Scottish-born engineer Working in Australia. Harrison noticed that Gorrie's machine had one big drawback. It relied on just two componen",
4EXVrzOACv4,commentary,3,0.1265,0.0205,0.0,new_information,clean,"And that makes sense, if we break down the incentives that are at play. Cooking shows have natural synergy with a lot of brands and advertisers, they are generally family friendly, and while they’re not apolitical they a",
3esF-pNAM9c,podcasts,14,0.1267,0.0068,0.0,new_information,revision,it's good for me right well actually all the fruit that we find today in supermarkets is not natural it is the product of human breeding for thousands and thousands of years to make them extra sweet extra juicy in the sa,look at
MsIvs_6vC38,lectures,65,0.1272,0.0863,,new_information,revision,"The first row didn't get changed, but all the other rows got changed at this step. So this step -- well, I guess maybe -- shall I say it cost about a hundred squared. I mean, if I had changed the first row, then it would",
6Sx_hLPFwU8,lectures,3,0.1276,0.0264,,new_information,repetition,okay so at oakton the median jump will be likely greater than less than or equal to let's see at oakton we're looking at the median all right the jumpers are very conservative and they all jump similar short distances so,
3esF-pNAM9c,podcasts,11,0.1282,0.0339,0.0,new_information,repetition,so I think muscles is a really good example right if two people eat the same exact cookie the person with more muscle mass is going to potentially see a smaller glucose Spike because their muscles are going to absorb mor,look at
CcVMWwXOk8I,tv_series,10,0.1282,0.0205,,new_information,clean,"The story of Dalian revolves around Nazil, a spirited chef, and Farret, a strict businessman. As she cooks for him in secret, they get entangled in family struggles and custody battles while romance quietly brews in the ",
4DfCXjwQBRA,commentary,34,0.1285,0.1216,0.0,new_information,clean,"- Well I would say that I have tactics not to lose. Another complaint with the show is that the dates don't always seem fair. For example, Dominic goes on a bowling date which is fine, but Mick gets to go on a horse draw",
IiAjADve-ec,tv_series,20,0.1291,0.0191,,new_information,clean,"It's Jennifer, though. Even my father doesn't need to tell me not to get in the way of two women who are going shopping. It seems your father taught you well. Do you mind if I borrow the groom just for a little moment?",
o0AMK3wFK9E,ted,110,0.1293,0.3391,,new_information,clean,">> Wow, what a day. Okay, >> we have a tough selection process in front of us right now. Yeah. >> So, should we start looking at like we got to talk through and make some decisions here? >> Okay. >> Okay. What about Job?",
iDtfzQnW-B4,commentary,48,0.1298,0.0965,,new_information,clean,"We on for rehearsal today? Absolutely dear Orpheus? I haven't really been feeling the big wedding scene, you know? So I'm doing a major rewrite. Okay, who are you? You can't, that's not how plays work.",
6HVYHNTDOFs,commentary,29,0.1298,0.0914,0.0,new_information,clean,"(jaunty music) - Consumption of ice in big cities like New York skyrocketed. And by the end of the 19th century, ice had grown into a billion-dollar business. And while part of the demand was due to home ice boxes, the r",
3esF-pNAM9c,podcasts,38,0.1298,0.0863,0.0,new_information,repetition,okay so if we were back in the day like 100 years ago and we wanted to measure the calories in your carrot cake here's what we would do we would take the carrot cake put it in a box then put this box in an aquarium fille,
IiAjADve-ec,tv_series,88,0.1305,0.0877,,new_information,clean,"What do I say? Excuse me. I did not receive my mint on the pillow this morning. We do not leave mints on the pillow. El Comandante said that there would be a mint. It's okay. I'll just tell El Comandante he's wrong. Oh, ",
9szhjhO9epA,commentary,24,0.1322,0.1663,0.0,new_information,clean,"But there was still a problem zippers had to solve, and that was that they were kind of too good, especially zippers that have been used a lot and are kind of worn down in the slider, they can... just unzip on their own.",you can see
MsIvs_6vC38,lectures,60,0.1325,0.0268,,new_information,clean,"So these are the questions that I'm -- let me ask those questions again. Is it proportional -- does it go like n, like n squared, like n cubed -- or some higher power of n? Like n factorial where every step up multiplies",
1NLoTuRR3hE,podcasts,114,0.1329,0.0184,,new_information,repetition,"In fact, the the biggest regret she had is that I was walking down the path that my father was interested in that led to their divorce in the first place. He pursued politics and lost in two elections for state senate an",
1NLoTuRR3hE,podcasts,139,0.133,0.1152,,new_information,filled_pause,">> When you're in the public eye, um as I guess I kind of am now because people watch me a lot, man. Um, it's there's always this balance between what people see, which is a very two-dimensional thing, which is what peop",
AeGEv0YVLtw,commentary,5,0.1331,0.1265,,new_information,clean,"It's an individual achievement. Contrast that with a philosopher like Hegel. Hegel and a lot of the thinkers who came after him said, ""No, your existence as a mind is something you can only become aware of through other ",look at
MsIvs_6vC38,lectures,98,0.1332,0.036,,new_information,clean,"Make a good guess. Twenty four, right. Twenty four Ps. Okay. So, we've got these permutation matrices, and in the next lecture, we'll use them. So the next lecture, finishes Chapter 2 and moves to Chapter 3. Thank you.",
3esF-pNAM9c,podcasts,46,0.1332,0.0462,0.0,new_information,filled_pause,I was thinking as you were talking as well about how glucose is linked to our sort of discipline more broadly you know you were talking earlier about parents and them being able to be more sort of disciplined and strict ,
1NLoTuRR3hE,podcasts,174,0.1339,0.1578,,new_information,filled_pause,"This this uh and and and recognition, even deeper understanding. I think it's still some I still have conversations with folks and and people are very uncomfortable in my party talking about this, particularly members of",
IiAjADve-ec,tv_series,3,0.1344,0.0196,,new_information,clean,"I'm coming. Señor. Sonia, where is my little one? Has she picked a gown yet? No, Papa. [Spanish spoken audio] -It's only a week until your wedding.",
MsIvs_6vC38,lectures,21,0.1345,0.0052,,new_information,clean,"Quick review, then. What's the elimination elementary matrix E21 -- it's one zero, thanks. And -- negative four one, right. Good. Okay. So that -- you see the difference between this and what I'm shooting for. I'm shooti",
o0AMK3wFK9E,ted,48,0.1345,0.2803,,new_information,clean,"Even though I made national headlines for all the wrong reasons, I survived. But recovery wasn't simple. My first lap in the marathon of healing began when doctors told me I need to get my blood flowing again. So, I star",
-QTkPfq7w1A,commentary,21,0.1356,0.124,1.0,clarification,clean,"Well, as an individual driver, you should just go straight down. It will take you 10 minutes to get through the first city street, 1 minute on the new connecting road, and another 10 minutes for the second street. So you",
2IdtqGM6KWU,lectures,6,0.1375,0.0068,0.0,new_information,repetition,uh but we haven't got a we haven't seen a b well actually maybe we have got a basis here for uh the upper triangulars I guess six of these guys one two three four and and a couple more would be upper triangular so there',
1NLoTuRR3hE,podcasts,247,0.1381,0.0325,,new_information,repetition,"And you think if they don't take back the House of Representatives, they won't move from some form of voter suppression the likes of which we've never seen in this country, threats of martial law. What do you think this ",
iDtfzQnW-B4,commentary,71,0.139,1.0,,discourse_filler,clean,"But enough of that episode, let's hear a word from today's sponsor ExpressVPN. Now that we all pretty much live on the internet nowadays, it's important that your online safety is secured. And that's why I use ExpressVPN",
3esF-pNAM9c,podcasts,53,0.1391,0.0462,0.0,new_information,repetition,yeah I can go through all of them if you want sit the other six AR of course of course of course so another hack is eating your food in the right now this is kind of similar to the veggie starter it's just a bit more com,
MsIvs_6vC38,lectures,35,0.1396,0.0345,,new_information,clean,"So what goes here? E three two inverse, right, because I'll multiply from the left by E three two inverse, then I'll pop it up next to U. And then will come E three one inverse. And then this'll be the only guy left stan",
Ff7J-ERl8o0,entertainment,22,0.1399,0.0462,,new_information,repetition,"I'm on the show. There was this one, you know, time where Springsteen performed and I think, you know, we were They get They're giving The Roots like percussive instruments. So, we were like sort of contributing from our",
1NLoTuRR3hE,podcasts,31,0.1405,0.2678,,new_information,filled_pause,"Yeah. Tessa passed away almost two decades ago. And uh I'm I'm now older than she was when she passed away. And you know, I just I never fully appreciated her to the degree I do now as a father, uh, as a mother strugglin",
2IdtqGM6KWU,lectures,9,0.141,0.0049,0.0,new_information,repetition,okay now as long as we've got an example here tell me what we get if I take every symmetric Matrix take all symmetric matrices and add them to all upper triangular matrices then I've got a whole lot of matrices and it is,
3esF-pNAM9c,podcasts,5,0.1414,0.0193,0.0,new_information,repetition,so I'll go just one step back there's lots of different categories of foods but there are two that impact our blood sugar levels it's starches so that's bread rice pasta potatoes oats and sugars so anything sweet from an,
4DfCXjwQBRA,commentary,46,0.1416,0.1216,0.0,new_information,clean,That's not a sigh Mick. I'm not sure if he's meditating or like this is an exorcism. (rhino man exhaling) - Just some nice breathing in and breathing out can settle all that good chi and get us in that state of lovey dov,
6HVYHNTDOFs,commentary,49,0.1434,0.036,0.0,new_information,clean,"And his machine was a huge commercial success. - Meanwhile, public resistance to Godless ice and artificial cooling began to fade, overshadowed by a growing health crisis linked to natural ice. One of the reasons artific",
4IenX7OHumk,tv_series,0,0.1437,0.0193,0.0,new_information,repetition,one Kingdom five Heroes each with a unique fighting not just to survive but to reign supreme over the Savage Kingdom [Music] rule of the kingdom is reserved for the strong Queen of the great Marsh Keeper of the Marsh pri,
1NLoTuRR3hE,podcasts,107,0.1447,0.0339,,new_information,filled_pause,Phyllis and Lion um and Dell rather and nine o'clock the courts opened and we waited for the decision and the judge said there's no irreparable harm. There's no reason to have a temporary resting which meant that we coul,
IiAjADve-ec,tv_series,85,0.1454,0.1216,,new_information,clean,"At this rate, they won't even be able to keep the old crummy one. People are talking about leaving the island. That would be terrible. Excuse me, sir, there's someone here. He says that he's a cousin of Señor Rogelio. -T",
3esF-pNAM9c,podcasts,51,0.1458,0.0442,0.0,new_information,repetition,mhm and what happened listen the results were really stunning so 90% of people reduced their Cravings 90% of people had more energy you had really significant impacts on sleep on hormones on skin on mood on Diabetes I me,
Aj0s9ztoKUc,entertainment,20,0.1459,0.0252,,new_information,filled_pause,"It tastes like your average Gyro meat, which I enjoy. You're throwing first because you won last time, and I need to hear what you gotta say. And why wouldn't I just throw it to Egypt? It's, you know, I mean, I know, it'",
1NLoTuRR3hE,podcasts,24,0.1459,0.0462,,new_information,repetition,I mean that I feel like things for me have radically changed and we can get into why. I mean I've gone through they're they're working on the seventh recall against me right now. I went through a recall process. I've bee,
_gTgloPR0Aw,ted,0,0.1466,0.0205,0.0,new_information,clean,"In 2018, a non-profit gave every adult in western Kenya’s Ahenyo village $500. Most of their families had lived in extreme poverty for generations, and this sum was roughly equivalent to most recipients’ annual salaries.",
iDtfzQnW-B4,commentary,28,0.1468,0.0268,,new_information,clean,"(laughs) Yo the tension was, epic was fuck. A gamer like post coitus? Yo, Gigi is Bay. Do we clip that? Leah, I do believe we're having an intimate moment. (laughs)",
CcVMWwXOk8I,tv_series,9,0.1469,0.0205,,new_information,clean,"Number six, Isameseed and Biri, one of us. This unique love story follows Adam, son of an Irish priest, and Haver, a devout Muslim girl. Their cross-cultural romance is challenged by traditions, religion, and family resi",
MsIvs_6vC38,lectures,28,0.1472,0.0339,,new_information,restart,"And if I divide the second row by three to pull out the three, then I have a one. So if this is L U, this is maybe called L D or pivot U. And now it's a little more balanced, because we have ones on the diagonal here and",
1NLoTuRR3hE,podcasts,175,0.1473,1.0,,discourse_filler,repetition,"And then you start saying well there's going to be two to one graduates coming from our UC system here in California in the next six years. They're like that's not true. and and then they see the stats women and they go,",
H5DhD5Nwl_0,ted,7,0.1475,0.02,,new_information,clean,"Vampire bats under two years old tend to miss a meal as much as once every three nights as they learn the ropes. So, their colonies rely on these rather extreme acts of cooperation to survive; without them, it’s thought ",
AeGEv0YVLtw,commentary,24,0.1477,1.0,,off_topic,clean,"So I went at it with my hands, I was like smashing it and ripping apart the wood and pulling out the screws and I threw it onto the curb! I fucking Songesanded that wardrobe, I Visthused and Dagstorped it until there was",
4X16Iw5ST4Q,commentary,2,0.148,0.0264,0.0,new_information,filled_pause,okay you know what leave a comment let me know if you want me to make a whole video about the fushigi ball because i i really want to spoiler alert i'm gonna make a video about machine people i remember wanting one of th,
6HVYHNTDOFs,commentary,41,0.1481,0.036,0.0,new_information,clean,"And when he says to the world like, ""I've invented ice,"" the reaction was, ""The hell you have. (Amy laughing) No man should be creating ice. Only God can create ice."" And what John Gorrie also didn't realize is that in t",
6HVYHNTDOFs,commentary,16,0.1482,0.036,0.0,new_information,clean,"He sent his youngest brother and his cousin ahead to the island of Martinique to build an ice house ready to receive the cargo. On the morning of February 13th, 1806, Tudor departed Boston Harbor, carrying with him over ",
Aj0s9ztoKUc,entertainment,6,0.1483,0.0196,,new_information,clean,"Give yourself a hernia. I did, sir. Move aside Squire. This must be a noble deed solely for the truest of knights. Though a sword may give thou strength, the sole way to win riches is to find the Golden Tee of Mythicalit",
2IdtqGM6KWU,lectures,20,0.1489,0.0193,0.0,new_information,repetition,so I'm really at when I speak about s I'm speaking about the no space of that Matrix okay let's just say we've got a matrix now we want it null space well wait tell me it's rank first the rank of that Matrix is one thank,
o0AMK3wFK9E,ted,59,0.1489,0.036,,new_information,clean,"She couldn't imagine that someone like me could be a scientist, but I could. >> Watching this, you would have no idea that yesterday he struggled. After six months or nine months of fighting through an appeals process, I",
IiAjADve-ec,tv_series,214,0.1499,0.1216,,new_information,clean,"By the way, Señor Piñeda, I have the money you stole from El Comandante's Fund for the People. -What? -What? It's contagious, please stay awake.",
IiAjADve-ec,tv_series,166,0.1508,0.005,,new_information,clean,"Margarita wants to talk to you, Rogelio. I love her very much, Rogelio, please don't hurt her. Hurt her? Hey, Guapo.",
MsIvs_6vC38,lectures,63,0.1509,0.0719,,new_information,clean,"and I subtract from row six. What's happening there individually? What's going on? If I multiply -- I do a multiplication by L and then a subtraction. So I guess operation -- Can I count that for the moment as, like, one",
iDtfzQnW-B4,commentary,10,0.1515,0.075,,new_information,clean,"No!!! Kurtis wakes up shaking her nightmare to find she's being carried by someone, damn Leah those muscles bro. Close your eyes Kurtis I've got you."" (laughs) Just completely sleeping sideways in someone's arms. (upbeat",
1NLoTuRR3hE,podcasts,187,0.1521,0.0949,,new_information,filled_pause,"I I need to really understand this more fully. Well, you know, uh and so that became my own journey back to the entrepreneur of the trying to iterate and deciding to get some folks that I vehemently disagree on with it o",
1wsF9GpGd00,lectures,5,0.1524,0.0236,,new_information,clean,"So let's give ourselves a little bit more practice. Can we write that B is a subset of C? Well, let's see. C contains a 1, it contains a 7, it contains an 18. So every member of B is indeed a member C. So this right over",over here
Aj0s9ztoKUc,entertainment,65,0.1529,0.1265,,new_information,clean,"Is spicy, and it's got beans in it, so that may, and it's got hot peppers in it. So that makes me think we're in Bolivia and there's also, that's a tortilla, that's just a regular old tortilla. So I think it's Bolivia, b",look at
1NLoTuRR3hE,podcasts,226,0.1529,0.0193,,new_information,filled_pause,">> Unbelievably cordial. Unbelievably it drives people crazy when I say this, but I'd be lying if I didn't say it. every time I have a conversation, including the the night before he quote unquote federalized the Nationa",
IiAjADve-ec,tv_series,209,0.1532,0.0965,,new_information,clean,"This is an outrage, somebody get this animal out of here! That's the voice of the man who said he'd burn down my house if I didn't give my land to El Comandante. Aurelia, is that you? -Do you know her? -I know her, she w",
1NLoTuRR3hE,podcasts,89,0.1533,0.0339,,new_information,repetition,"I'm 20ome years old. Got a wine store, about to open a restaurant I was working on, and now he's put me on the film commission."" I go down to city hall that next Wednesday. It's a group of 20 or 30 people. He's swearing ",
IiAjADve-ec,tv_series,74,0.1537,0.0205,,new_information,clean,"[Spanish spoken audio] It may have been fate, or perhaps it was magic that has brought you to our humble abode, but whichever, I believe that you are here. I'm here. You're here so that we might come to better understand",
2IdtqGM6KWU,lectures,15,0.1553,0.0944,1.0,new_information,repetition,so I take my Matrix bace n now is all 5 5 17 Matrix and now the sub the the question I ask is the subset of of rank four mates is that a Subspace if I add a matrix of so if I multiply a matrix of rank four by of rank fou,
ZL5LcsJGS5Y,tv_series,14,0.1553,0.2713,,new_information,clean,"""Who?"" The man hesitated. ""I don't know the name, but I know one thing. This person wants revenge as much as Berak does."" Meanwhile, back at the warehouse, Zeynep watched Kader playing quietly with the toy ball from the ",
3esF-pNAM9c,podcasts,3,0.1567,1.0,0.0,discourse_filler,repetition,definitely I think even the word glucose people used to know blood sugar but now the fact that people know what glucose is makes me quite happy that's the scientific way to refer to blood sugar it's surprising but the th,
1NLoTuRR3hE,podcasts,207,0.1582,0.0462,,new_information,filled_pause,"I don't think they they they they they believe what they they may have seen on Fox News out here or, you know, One American News and the weaponization of that. And so, you know, I just it's critical, I think, for our par",
Ff7J-ERl8o0,entertainment,15,0.1596,0.0065,,new_information,filled_pause,"To always be included, you know, to always have that seat at the table. So, I feel like as Philadelphia artists, not only hip-hop artists, but just, you know, as a musician coming from Philadelphia, many of us have had t",the table
1NLoTuRR3hE,podcasts,77,0.1605,0.1519,,new_information,filled_pause,"So why did you leave that and do politics? >> I know there was a two things happened. I got a phone call. I was running the wine store, closing it up, doing bookkeeping, accounting, you know, my the warehouse was in my a",
CcVMWwXOk8I,tv_series,3,0.1607,0.036,,new_information,clean,"same things. The story follows Nil and Mray, later denies, as they navigate the roller coaster of modern relationships. With witty banter and relatable humor, the show dives into themes of love, compromise, and everyday ",
Aj0s9ztoKUc,entertainment,79,0.1609,1.0,,discourse_filler,clean,"That's what I was thinking. When I was a little boy, I used to hide in under the covers in the bed at my Nana and Papa's house. I saw a video, this woman, goes into this bedroom. She starts pulling back on the covers, an",
3esF-pNAM9c,podcasts,52,0.1614,0.0462,0.0,new_information,filled_pause,"no okay so it was just 3,000 people doing the hacks and I was just asking them questions uh at the end and it says here 40% roughly 40% of people who wanted to lose weight did in fact lose weight in those four weeks yeah",
4DfCXjwQBRA,commentary,56,0.1621,0.1005,0.0,new_information,clean,"Okay, okay. That's the Sexy Beast show. Again, you know, there's still more to see there if you wanna, you know, watch it yourself but at your own risk of course. I wasn't the biggest fan but I did watch the whole thing.",
6HVYHNTDOFs,commentary,30,0.1622,1.0,0.0,off_topic,clean,"When we get to the point where there are railroads, then comes the invention of the refrigeration car, railroad cars that were insulated with ice blocks to carry things that are perishable. - So, if you think about it, f",
1NLoTuRR3hE,podcasts,87,0.1625,0.0193,,new_information,filled_pause,"It was taking too long."" And >> he's Willie Brown. Willie Brown, the mayor of San Francisco, former speaker of the California Assembly, one of the most dynamic, >> one of the most extraordinary politicians in California ",
o0AMK3wFK9E,ted,51,0.1628,0.075,,new_information,clean,"Moments which are mile markers of connection. Challenges exist, but exploration has shown me that the stories we're told don't always match reality. And sometimes the only way to find out is to go see for yourself. Becau",
1NLoTuRR3hE,podcasts,40,0.163,0.1519,,new_information,filled_pause,">> What was money in your household? Like what was the relationship that you'd formed with it? Well, I had interesting experience with with money because we didn't come from any wealth. But my father uh his relationships",
vexARYQjdN8,podcasts,8,0.1648,0.0719,,new_information,clean,"This is a dream come true by the way. So, you're known for this interesting variation of just the say Nagi throw where you grab the lapel. Can you explain how that works? - In a basic sense, you're gonna take a grip here",
2IdtqGM6KWU,lectures,0,0.1652,0.0193,0.0,new_information,filled_pause,okay this is linear algebra lecture 11 and at the end of lecture 10 I was talking about some Vector spaces but there the the things in those Vector spaces were not what we usually call vectors nevertheless you could add ,
MsIvs_6vC38,lectures,27,0.1659,0.3377,,new_information,clean,"There's a diagonal matrix. And I just -- whatever is left is here. Now what's left? If I divide this first row by two to pull out the two, then I have a one and a one half.",
6Sx_hLPFwU8,lectures,0,0.166,0.0205,,new_information,clean,this will be for the con assignment comparing data distributions so it says samantha brooklyn and mary went to bonnero music festival where they each attended various concerts samantha only went to rock concerts where th,
3esF-pNAM9c,podcasts,16,0.166,0.0068,0.0,new_information,repetition,well the thing is glucose is actually not sweet what you're tasting in fruit is fructose so let me explain so starches like bread pasta rice potatoes oats those are starches those are literally millions of glucose molecu,
1NLoTuRR3hE,podcasts,222,0.1665,0.7386,,clarification,clean,it's on life support now and I don't say that lightly. I say that very thoughtfully and I say that as a guy that's watched the president of the United States not send military in his first term or his first six months an,
6HVYHNTDOFs,commentary,0,0.1668,0.0205,0.0,new_information,clean,"- In the summer of 1841, Florida Doctor John Gorrie faced a dire situation. Yellow fever, also known as the black vomit, was sweeping through his town, wiping out entire families. Patients came to Gorrie's small infirmar",
6HVYHNTDOFs,commentary,42,0.1672,0.0337,0.0,new_information,clean,And Frederic Tudor is a man who does not take lightly to threats to his empire. And what bigger threat to the naturalized harvesting empire is there than human-made ice? - [Derek] There was no way the Ice King was giving,
IiAjADve-ec,tv_series,48,0.1681,0.1265,,new_information,clean,"-It's not. I just hope that you're not in too much discomfort. You never know with internal injuries. Now that you're here I'm improving. Margarita, Señor Piñeda, I believe we have a car waiting to take señor back to the",
IiAjADve-ec,tv_series,199,0.1688,0.0345,,new_information,clean,Disgusting. The Suarez family. The Rodriguez family. The Gonzalez family. [Spanish spoken audio] Aurelia. Margarita. How dare you come here?,
3esF-pNAM9c,podcasts,83,0.1697,0.0462,0.0,new_information,repetition,and I guess much of what might motivate them or give them the discipline to stick is I mean this is certainly the case for me is getting really clear on why why all this stuff matters you know I don't think humans are pa,
o0AMK3wFK9E,ted,16,0.1702,0.1216,,new_information,clean,"The only thing is that today he did not have his talk memorized. He was definitely reading majority of the time. It's mostly memorized, but there are those points where I knew if I tried to say the whole thing verbatim f",
4DfCXjwQBRA,commentary,18,0.1726,0.0719,0.0,new_information,clean,I'm just saying that some of them are easier to look at than others. The worst one in the entire season is this girl. What did this poor girl do to deserve this costume? She's not a beast by my calculations. She's just a,look at
1NLoTuRR3hE,podcasts,150,0.1732,0.0911,,new_information,repetition,like I don't and it was such a she literally it had such a I remember that I remember >> sitting there with dinner with her at Delansancy Street when she said that to me and it sort of hit me in the core. There was I the,
o0AMK3wFK9E,ted,85,0.1737,0.0205,,new_information,clean,"Sadly, we lost 98% of elephant seals in Argentina last year to aven flu. The state tree of Pennsylvania, the majestic hemlock, is in a battle against an invasive insect, and it's not winning. The greatest pandemic this p",
4EXVrzOACv4,commentary,2,0.1738,0.0205,0.0,new_information,clean,"Let’s check out our colour. Oh, yeah, look at that, even, cheesy, saucy, warm all the way through. Mmm, so good. That is a great pizza pop. So, I like watching cooking entertainment, which isn’t really a deep admission o",look at
6HVYHNTDOFs,commentary,9,0.1748,1.0,0.0,off_topic,clean,"- Let's try simple a experiment. I have eight ice cubes spread evenly in one dish here and I have another eight ice cubes now stacked together in one mega cube in this dish over here. Now, if you leave these two plates t",over here
6Sx_hLPFwU8,lectures,4,0.175,0.0128,,new_information,clean,so if seven out of 15 faulted that means seven of them got zero okay so you're looking at seven zeros and then a good jump which would be the median and then seven more jumps that are long distances all right so the medi,
IiAjADve-ec,tv_series,28,0.1751,0.036,,new_information,clean,"-You don't have $0.02 today, You are never going to have $0.02. I should have listened to my mother, she saw you coming a mile away. Maybe you can get your mother to take you out. Come on, that's wrong. Come on, come on!",
MsIvs_6vC38,lectures,5,0.1754,0.0191,,new_information,clean,"Okay. So why -- once again, it's this fact that I can move parentheses around. I can just erase them all and do the multiplications any way I want to. So what's the right multiplication to do first? B times B inverse. Th",
o0AMK3wFK9E,ted,30,0.1759,0.049,,new_information,clean,"I think everyone really connected with it. There were tears and also the topic is just really Chicago based. So, I'm hoping that effect is, you know, resonates with the audience tomorrow. It's making me emotional. I want",
o0AMK3wFK9E,ted,90,0.1765,0.1265,,new_information,clean,">> He's giving the real science while also making it accessible and easy for the audience to understand, which I think is a real challenge that people struggle with. >> Chemists can be first responders in the fight again",
MsIvs_6vC38,lectures,78,0.1768,0.2713,,new_information,clean,Now I'll just -- let me say one more thing about operations. What about the right-hand side? This was what it cost on the left side. This is on A. Because this is A that we're working with. But what's the cost on the ext,
1NLoTuRR3hE,podcasts,229,0.1768,0.0462,,new_information,repetition,"Long for those days. University. I go in the office of Ronald Reagan's old office, Governor Ronald Reagan, that's my old office in as governor of California. I mean, you know, his his last speech in the Oval Office, his ",
IiAjADve-ec,tv_series,108,0.1781,0.0196,,new_information,clean,"Your driver. -What's your name? -Margarita. [Spanish spoken audio] Get away from her. [Spanish spoken audio] Where did you rip off this car? Margarita, Rogelio doesn't even have enough money to even dream about buying a ",
IiAjADve-ec,tv_series,54,0.1788,0.1216,,new_information,clean,"I was doing something. So, Piñeda. He's a beauty, isn't he? Mr. Chunky. Mr. Chunky. There, sir. What you mean to say is you think he's a spy.",
1NLoTuRR3hE,podcasts,5,0.1797,0.049,,new_information,clean,">> I think most people see me as sort of, you know, slick guy. Grew up with a trust fund, but I didn't come from any wealth. Like my mom was a single mom. She was working two, three jobs. She ran out of her own bedroom. ",
CcVMWwXOk8I,tv_series,12,0.18,0.036,,new_information,clean,"This drama is about a close-knit family whose peaceful life is disrupted when Buju, a wealthy student, claims ownership of their home. With four sons, a resilient mother, and a stolen past, things spiral into comic chaos",
IiAjADve-ec,tv_series,141,0.1805,1.0,,discourse_filler,clean,"Ever since your mother died, I have been sleeping. -I am cursed. -You're being loyal to your people. Now I am running out of money. Piñeda has informed me all of our hard work to clean up the water has exhausted our cash",
IiAjADve-ec,tv_series,0,0.1808,0.0719,,new_information,clean,"What do you think? Margarita, you look beautiful! Why won't you let me try it on? Oh, please, sweetheart, I'm just worried about your father. -Think how he might feel. -[Spanish spoken audio] How would she feel?",
Ud6JonLO29o,commentary,3,0.1811,0.0317,,new_information,revision,but just none of them hit the same in fact as a little goodbye to this yearly spooky tradition and the spooky saga as a whole why didn't i show you a few of my rejected spooky songs man look at all these spooky songs the,look at
MsIvs_6vC38,lectures,83,0.1815,0.0828,,new_information,repetition,"Well, I'll include the identity. So that's a permutation matrix that doesn't do anything. Now what's the permutation matrix that exchanges -- what is P12? The permutation matrix that exchanges rows one and two would be -",
o0AMK3wFK9E,ted,29,0.1819,0.0462,,new_information,repetition,>> Darlene the queen of house like just the way that she talks about kind of losing yourself on the dance floor. It's just this equalizer among people. That one really really speaks to me. >> The way that you said that j,
4DfCXjwQBRA,commentary,13,0.1824,0.3391,0.0,new_information,clean,"It makes me feel like a cool super villain. Excuse me, we have too many chairs at our table could one of them be eliminated? I don't wanna spoil the whole show for people who actually wanna watch it and, you know, maybe ",
o0AMK3wFK9E,ted,35,0.1825,0.036,,new_information,clean,"So the dream scenario for tomorrow would be to give the speech of my life and to be declared the winner. That would be the dream. >> After a long day, rehearsals come to a close. But the work doesn't stop there. into the",
-QTkPfq7w1A,commentary,33,0.185,0.2803,0.0,new_information,clean,"Braz's paradox doesn't occur every time you modify a network. You need a very specific set of conditions for it to occur. But if you can make it work consistently, you get this. So, we're here at the Amolf Institute wher",
4DfCXjwQBRA,commentary,4,0.1856,0.0196,0.0,new_information,clean,"So 'Sexy Beasts' on Netflix is actually based on a show with the same name, not gonna say it, that aired on BBC Three, Scott Kramer, friend of the homepage, he did a video about the original British version of this show.",this video
Aj0s9ztoKUc,entertainment,11,0.1857,0.2803,,new_information,clean,"We'll be tasting wraps from around the world and throwing darts at the map to register where we think they're from. Chase will do the measurements. That's right. Hi, it's me, Chase, the golden gift wrapped cartographer.",the map
3esF-pNAM9c,podcasts,10,0.1858,0.0442,0.0,new_information,repetition,and that's why if you really love cookies the best time to eat them is right after you work out right before you work out because your muscles are really hungry for glucose all the time and the bigger your muscles are th,look at
Ff7J-ERl8o0,entertainment,5,0.1867,0.0442,,new_information,filled_pause,">> Well, we knew it worked for us, right? In that Questlove, um, was my first partner. I've been, you know, a rapper. I'd, you know, fancy myself an MC for some years, you know, maybe five or six years before he and I st",
AeGEv0YVLtw,commentary,62,0.1869,1.0,,off_topic,clean,"<zero gravity guitar> ""Every one of us was with Yuri Gagarin as he orbited the Earth 190 miles above us! Astronaut to Earth: I can see forests, rivers, cumulus clouds all around! Everything's so beautiful, it's wonderful",
o0AMK3wFK9E,ted,95,0.1888,0.1152,,new_information,revision,"And wow. I mean, yesterday in rehearsal, right, she was >> Oh my gosh. I loved Lady D yesterday. I mean, she had everyone crying in the room. She had our chemist Tim crying. Like, it's hard for me to imagine not for peop",
3esF-pNAM9c,podcasts,49,0.1891,0.0462,0.0,new_information,repetition,yeah so after eating use your body and your muscles for 10 minutes you can clean your apartment go for a walk with your dog dance to a few songs if you're at the office you can do calf raises under your desk like this so,
AeGEv0YVLtw,commentary,49,0.1898,0.0193,,new_information,restart,And I need to acknowledge that because the progress since then is real too - I’ve changed a lot in the last year. In many ways I'm not the man I was. You can tell looking at my videos that something happened to me at the,this video
Ff7J-ERl8o0,entertainment,12,0.1898,0.1152,,new_information,repetition,"No, I feel like it absolutely informed my process, but not on a conscious level. It did, you know, it also felt like kids just having fun. So, it's something that because I was immersed in it, um, I do feel like to a cer",
MsIvs_6vC38,lectures,81,0.1901,0.0191,,new_information,clean,"Okay. So can I say, now, where does a permutation come in? Let me talk a little about permutations. So that'll be up here, permutations. So these are the matrices that I need to do row exchanges. And I may have to do two",
1NLoTuRR3hE,podcasts,167,0.1905,0.1152,,new_information,filled_pause,"You know, I'm really proud. My wife um who's been a real leader, she's done a half dozen documentaries. She did one that was particularly wellreceived called um a misrepresentation about the myths and disinformation arou",
iDtfzQnW-B4,commentary,70,0.1908,0.3391,,new_information,clean,"What do I want to do with this phone? Dude, I'm smashing that ship boy. Now I'm all rage-y. Spencer, I need you to tell me why? To be continued, damn. Enjoying the story so far, fuck you. All right so we're pretty much l",
6HVYHNTDOFs,commentary,19,0.1916,0.0205,0.0,new_information,clean,"By 1809, Tudor owed $40,000 to investors, which is over 1 million bucks today. He was hounded by creditors, he was forced to hide from sheriffs on his own ships, and he was even sent to debtor's prison twice. (jail bars ",
1NLoTuRR3hE,podcasts,242,0.1934,0.1152,,new_information,revision,"And that was first week in office. It's it's I mean, this is shock and awe. We have people in masks going to car washes without identifying. And people are disappearing in the streets of America today. Thousands of peopl",
9szhjhO9epA,commentary,4,0.1938,0.036,0.0,new_information,clean,"A few wealthy investors actually believed it. So with their backing, the Universal Fastener Company was born. A decade later, the company managed to carve out a small niche, primarily selling its fasteners for women's sk",
Ff7J-ERl8o0,entertainment,11,0.1945,0.047,,new_information,clean,"You know, growing up in Philly, I understand that, you know, you're 9 years old, you're performing in a rap duo with Beanie Sigel. When I interviewed Questlove earlier this year, he talked about, you know, The Roots comp",
1wsF9GpGd00,lectures,4,0.1946,0.0352,,new_information,clean,"So let me write this. This is B. B is a strict or proper subset. So, for example, we can write that A is a subset of A. In fact, every set is a subset of itself, because every one of its members is a member of A. We cann",over here
3esF-pNAM9c,podcasts,71,0.1946,0.0462,0.0,new_information,repetition,I like I don't have all the answers to that we just know that on average if you look at everybody by reducing those spikes you're going to reduce the likelihood of these diseases but you see people who like smoke two pac,look at
2IdtqGM6KWU,lectures,7,0.1952,0.0088,0.0,new_information,repetition,okay as I write that I think okay what about putting get so this is like this intersection is taking all the vectors that are in both that are that are symmetric and also upper triangular now we looked at the union suppo,
o0AMK3wFK9E,ted,31,0.1952,0.0193,,new_information,filled_pause,"And as we are learning time and time again, anything can happen on the day. rehearsals, not a predictor of the actual event day. >> I'm looking forward to rehearsing on the main stage to standing on the big red dot cuz t",
1NLoTuRR3hE,podcasts,90,0.196,0.0205,,new_information,clean,"I'm like, I thought I was going on the film commission. Literally didn't tell me or anyone. I didn't even know what chair meant. And all of a sudden, 26,7 years old, I'm now the president of San Francisco's Parking and T",
2IdtqGM6KWU,lectures,24,0.1961,1.0,1.0,off_topic,repetition,and I don't know how many edges are in there there's an edge if you're friend I so that's the graph for this class a similar graph you could take for the whole country so 260 million nodes and edges between friends and t,
9szhjhO9epA,commentary,22,0.1961,0.0205,0.0,new_information,clean,"And because it runs 24/7, you can wake up each morning to a fresh batch of articles delivered straight to your inbox. So if you're interested in running OpenClaw, head to hostinger.com/veritasiumopenclaw, or click on the",
IiAjADve-ec,tv_series,175,0.1975,0.0268,,new_information,clean,"Another thing is that Mr. Piñeda is kind of maybe a bit weird. Sir? Sir? Sonia? Señor. Sonia, where have you been all this time?",
_gTgloPR0Aw,ted,5,0.1975,0.0247,0.0,new_information,clean,"Then it returned again under the pressure of the COVID-19 pandemic. Clearly, we still have a lot to learn about how cash giving unfolds over time. But regardless of what we learn in the future, the theory for why direct ",
vexARYQjdN8,podcasts,2,0.1975,0.3703,,clarification,clean,"Maybe you'll see me there, and we get a chance to train. And now, dear friends, here's the 2016 Olympic silver medalist in judo, Travis Stevens. - I've been a fan of yours for a long time. Thank you for talking a little ",
4DfCXjwQBRA,commentary,41,0.1983,0.1216,0.0,new_information,clean,"I don't even know where they are but most of the stuff that Mick says, I don't understand. - How does it feel to have nothing but your heart speaking for you right now? It's kinda liberating, right? - What does that mean",
o0AMK3wFK9E,ted,102,0.1983,0.1265,,new_information,clean,It was the feeling of seeing my name on that first flyer with my first DJ gig that I knew that I had inherited real power and responsibility. Responsibility to create spaces of love and communion and justice to elevate m,
3esF-pNAM9c,podcasts,15,0.1984,0.0462,0.0,new_information,repetition,but the thing is you know piece of whole fruit is okay because it has fiber in it the real problem comes when you denature that piece of fruit and you turn it into a juice for example cuz then you're removing that protec,
3esF-pNAM9c,podcasts,82,0.1986,0.0339,0.0,new_information,repetition,sorry you'll be able to get the dopamine from the sugar with less of a spike and less of a crash so less activation of the craving Center in your brain and if you do this throughout the day you're going to feel a little ,
_gTgloPR0Aw,ted,2,0.1987,0.1265,0.0,new_information,clean,"These disappointing results even extended to newer philanthropic models. At this time, many theorists advocated heavily for microfinance, a model that offered small loans to aspiring entrepreneurs in weak economies. But ",
iDtfzQnW-B4,commentary,40,0.1989,0.0965,,new_information,clean,"I think so. Whatever he's got a small dick anyway, right? You're right dude, lets go. Spencer brought cookies, want one? No, I got to go later Kurtis. Wait right now? I just finally figured it out, you and me? It's a bad",
1NLoTuRR3hE,podcasts,88,0.1992,0.0205,,new_information,clean,"And he calls me, he goes, ""This is Willie Brown."" I'm like, ""Oh, Mr. Mayor."" He goes, ""Hey, come on down next Wednesday. I'm a put you on the film commission."" I'm like, ""This is amazing. I'm going to be on the film comm",
6HVYHNTDOFs,commentary,32,0.1995,0.2803,0.0,new_information,clean,"(jaunty music) - This change marked the beginning of a new system called the cold chain. And for the meat packing industry, it was a huge upgrade. Previously, the only way to transport fresh meat was by sending rail cars",
6HVYHNTDOFs,commentary,7,0.1997,0.0084,0.0,new_information,revision,"But to the investors, this plan seemed ridiculous. Tudor wrote, ""People only laugh when I tell them I'm going to carry ice to the West Indies,"" which is understandable because the journey would take three weeks, sailing ",
IiAjADve-ec,tv_series,158,0.1997,0.1216,,new_information,clean,"The moon is hiding in heaven. we are delighted you could come. [Spanish spoken audio] -Hello. -Hi. -How are you? -Good to see you. Excuse me. -Jennifer, please. -No way. I am a friend of El's.",
CcVMWwXOk8I,tv_series,13,0.2,1.0,,off_topic,clean,"The story of this drama revolves around Deafner, a humble waitress who was suddenly pulled into a risky deal to save her brother from mafia trouble. Her mission, make Omar, a rich shoe company CEO, fall in love with her ",
1NLoTuRR3hE,podcasts,191,0.2003,0.0914,,new_information,clean,">> And when people are lost, they do go in search of someone who resonates with them and someone who speaks directly to that their plight. And I my observation as someone that's not an American, when I think about someon",
1NLoTuRR3hE,podcasts,193,0.2004,0.1197,,new_information,repetition,"and he puts it on YouTube for hours and hours and hours and hours. And I think in a glassbox world where we get to see inside now because of technology, the blackbox approach where your PR team paints tries to paint an i",
9szhjhO9epA,commentary,26,0.202,0.0999,0.0,new_information,clean,"I counted up 65 zippers in this room in total, 33 of those 65 had stopping mechanisms, which is over 50%. Which is also something I never noticed on a zipper. But as I was hunting for zippers in my room. I noticed someth",
Aj0s9ztoKUc,entertainment,72,0.2026,0.1265,,new_information,clean,"This is, there's something about the tortilla itself. It's good. The stuff inside, I think it's a vegetarian dish, very. No meats. It's got some, some mush that I feel is from Africa.",
1NLoTuRR3hE,podcasts,155,0.2041,0.1197,,new_information,filled_pause,"And u and I it's funny. I I've got a a little >> um memoir that I'm putting out, ironically, called Young Man in a Hurry next year. >> I love the title. I can relate as well >> that I'm very, you know, I reflect on that ",
IiAjADve-ec,tv_series,173,0.2045,0.047,,new_information,clean,"Okay, now, remember, we go to the first right. First right, second left, okay? Then you'll take the second left, you'll make the third right, okay? If you pass the stop sign, you've gone too far. Come on, listen, you guy",
ZL5LcsJGS5Y,tv_series,13,0.2046,0.0914,,new_information,clean,"The man leaned forward and spoke in a low voice. ""Berak has been meeting someone from your past. Someone who knows everything about Zeynep and Kader."" Serhat's heart sank.",
1NLoTuRR3hE,podcasts,104,0.2057,0.0205,,new_information,clean,I just got elected mayor and made the decision then and it unfolded a few weeks later to start marrying same-sex couples. And we married Phyllis Lion and Delm Martin. And they've been together almost 50 years. You talk a,
3esF-pNAM9c,podcasts,28,0.2067,0.0193,0.0,new_information,repetition,and I if I if I zoomed out on my life say the whole 12 months of a year there will be maybe like this little week or two in clusters where maybe there's a couple of months in between and then there's this two we [ __ ] S,
iDtfzQnW-B4,commentary,43,0.2072,0.4233,,new_information,clean,"Do whatever you want. But what I want is, It's you Leah. let's do episode six. But, first, here are a few words from our sponsors. Oh, what the fuck is this?",
6HVYHNTDOFs,commentary,23,0.2073,0.0475,0.0,new_information,clean,"And he also replaced the manual saws at the lakes with horse-drawn plows, which made it all the easier to get the ice out. Because of that, the price of extracting a tonne of ice dropped from around 30 cents all the way ",
o0AMK3wFK9E,ted,104,0.2081,0.1152,,new_information,revision,"Thank you. The competition today is so high. I mean, I just think like it is a shame and it's just hard, but you know, you've got to really deliver the best version of your talk and Darlene didn't quite get there today. ",
4DfCXjwQBRA,commentary,1,0.2081,0.028,0.0,new_information,clean,"- It might currently say something stupid, like subscribe (ominous music) but that's a bug. Today we're talking about 'Sexy Beasts,' which is a new Netflix show but it's also a very unnatural thing for me to say, Sexy Be",
4EXVrzOACv4,commentary,8,0.2082,1.0,0.0,off_topic,repetition,"“I’m going to show you how to make an activated charcoal detoxifying lemonade” “This is sacha inchi, which is very high in protein.” “Here is goji berry.” “Here we have camu camu. Lucuma powder. Red maca powder. Here we ",
4EXVrzOACv4,commentary,0,0.2087,0.3479,1.0,new_information,clean,"Hey, let’s go make a cooking video! Hey everyone, welcome, today we’re going to be doing advanced Pizza Pops. First thing, we need to stress that these are Pillsbury Pizza Pops, not Pizza Pockets made by the slatterns ov",
o0AMK3wFK9E,ted,124,0.2088,0.1218,,new_information,clean,Oh wow. >> I have burned enough emotional calories today and I am empty. So I'm not thinking about Vancouver until I have to. Like I'm going to go live and I'm going to just sort of like Vancouver will come to me when it,
2IdtqGM6KWU,lectures,10,0.2092,0.0462,1.0,new_information,filled_pause,that these natural operations and we these this is it actually this is the this is the the the set of natural things to do with with subspaces that uh the dimensions come out in a good way okay maybe I'll take just one m,look at
iDtfzQnW-B4,commentary,41,0.2102,1.0,,discourse_filler,clean,"What's with the 180, Yeah, what the fuck? I can't do this to you. We can't do this. And now we need to try to forget, excuse me, Leah, You are so not leaving like this. (laughs) Spencer's chasing.",
4EXVrzOACv4,commentary,13,0.2104,1.0,1.0,discourse_filler,clean,A bit of personal backstory. I actually have a ton of experience shooting food on video. For a couple years I worked with a mid-sized North American franchise making literally hundreds of internal training videos for foo,
AeGEv0YVLtw,commentary,59,0.2111,0.8478,,clarification,clean,"idk but it rules> ""The world's first cosmonaut! The first to open the door into the unknown! The first to step over the threshold of our homeland!"" <Trumpets go fukin nuts> ""Gagarin, Yuri Alekseevich!",
o0AMK3wFK9E,ted,4,0.2117,0.0205,,new_information,clean,>> No. >> My name is Reggie Watts and my life changed forever when I got the opportunity to speak at TED. Now TED is searching the globe for ideas that could change everything. Nine TEDx events around the world. Giving a,
Aj0s9ztoKUc,entertainment,23,0.2118,0.0325,,new_information,filled_pause,"And the question is, is that as it went towards Australia, or is that as it went towards Ireland and Iceland? Hmm. And I think it's, as it went towards Ireland. And I don't know that it's just the Irish blood in me. Okay",
IiAjADve-ec,tv_series,50,0.2134,0.0205,,new_information,clean,"-No. Señor Rogelio, Señorita Margarita is a very busy woman. Perhaps you could send her a letter. Okay, I'm okay. I just meant to take a little fall. Those stairs are slippery, man, I couldn't stop.",
o0AMK3wFK9E,ted,79,0.2139,1.0,,off_topic,clean,"Park my emotions. So, you just want me to sit there and smile at some who's about six McNuggets short of a happy meal? IS THAT WHAT YOU WANT? NO, be engaged, but do it strategically. Here are three tips for your next unb",
IiAjADve-ec,tv_series,90,0.2143,0.1216,,new_information,clean,"-Don't say that. I might have to hurt myself again. Here, come on, give me your best shot. -Come on. -Now, why would I want to hurt you? Let's see, I stay here at a mansion and drink out of silver goblets, or I go back t",
4X16Iw5ST4Q,commentary,13,0.2146,0.0205,1.0,new_information,clean,great song and i remember one day i was watching it with my sister and the performance started and i remember i turned to my sister and i asked hey do you think michael jackson ever gets tired singing that song for us ev,
iDtfzQnW-B4,commentary,44,0.215,0.1216,,new_information,clean,"A Kurtis Conner video? Fuck you. Well I'm proud of you for going after Gibbs. You got moxie kid. we kissed and it was, keep it PG-13 sis.",
IiAjADve-ec,tv_series,162,0.216,0.1216,,new_information,clean,"This is the time, okay? That's not what your island can do for you, but what you can do for your island. Let's just do it. Mr. Chunky, three o'clock. Got it. Hey, we go. -Rogelio, how are you?",
3esF-pNAM9c,podcasts,21,0.2182,0.0462,0.0,new_information,repetition,okay everybody's 30 years old we're going to give this half a healthy no glucose Spike diet and this half glucose spikes every single day and then we'll see when they're 80 you know which group has aged faster we can't d,look at
1wsF9GpGd00,lectures,8,0.2183,0.0352,,new_information,clean,"So we could reverse this notation, and we could say that A is a superset of B, and this is just another way of saying that B is a subset of A. But the way you could think about this is, A contains every element that is i",
IiAjADve-ec,tv_series,205,0.2185,0.0719,,new_information,clean,"Who? They came here before you for the land your father's father's father gave me to make this island safe, but Aurelia. Aurelia doesn't break promises. Doesn't sell trust. Who is trying to take your land?",
1NLoTuRR3hE,podcasts,120,0.2187,1.0,,off_topic,clean,"And she was making the point. She goes, ""Hi honey, it's your mother. I know you haven't seen me in a while, but next Thursday I won't be around, so you may want to come next Wednesday because it will be my last day."" Lit",
MsIvs_6vC38,lectures,16,0.2196,0.2713,,new_information,clean,"Pivots all fine, nothing zero in the pivot position. I get to the very end, which is U. So I get from A to U. And I want to know what's the connection? How is A related to U? And this is going to tell me that there's a m",
AeGEv0YVLtw,commentary,61,0.2202,0.9127,,clarification,clean,"<really cool guitar> ""Was it hazardous? Yes, it was. The first strides into the unknown were about to be made"" <ABSOLUTELY FERAL TRUMPETS JUST HAVING A FUN TIME OF IT> ""Gagarin, Yuri Alekseevich! The hero who blazed a tr",
iDtfzQnW-B4,commentary,64,0.221,0.0719,,new_information,clean,"Gibbs, buzz off, we're in the middle of rehearsal. You sure you don't need a break to check your phone? What are you talking about? What's a phone? Where am I,? fuck Who are you? Sorry, what are you talking about? He's s",
AeGEv0YVLtw,commentary,20,0.2214,0.1216,,new_information,clean,"My suicide attempt left me living on cheated time, I should have died: I've done nothing with it except commodify it to gain sympathy points from better people, and it wasn’t a serious attempt anyway: I wasn’t even injur",
CcVMWwXOk8I,tv_series,6,0.2218,0.036,,new_information,clean,"Number nine, Hanjamese submetic marriage by surprise. The story is based on Tark and ITR, two young lovers from families feuding for 36 years. They secretly marry and return home, accidentally reigniting old rivalries wh",
9szhjhO9epA,commentary,6,0.2226,1.0,0.0,off_topic,clean,"Naturally, the Universal Fastener Company had very few repeat customers, and they fell into debt. But in 1906, a new engineer joined the team, 25-year-old Gideon Sundback, who had just moved to the US from Sweden. Why do",
3esF-pNAM9c,podcasts,17,0.2233,0.0193,0.0,new_information,repetition,I personally would never have a can of real soda I would always have the diet soda always always always because those sweeteners don't raise your blood sugar levels okay they don't create that big spike and that big insu,
1NLoTuRR3hE,podcasts,216,0.2242,0.0911,,new_information,filled_pause,I that's where I that's where I get that's where I stand firm and uh right now my biggest fear you asked about how where our country is. I feel like Trump has opened that overturn window in a way uh that I very concerned,
MsIvs_6vC38,lectures,71,0.2244,0.1138,,new_information,clean,"If I add a hundred squared to ninety nine squared to ninety eight squared -- ninety seven squared, all the way down to two squared then one squared, what have I got, about? It's just one of these -- let's identify it fir",
ZL5LcsJGS5Y,tv_series,8,0.2252,0.1265,,new_information,clean,"He took the box and closed the door slowly. Zeynep already knew. ""Another message."" she whispered. They opened the package together. Inside was a small toy ball, the same kind Kader used to play with years ago. Taped to ",
Aj0s9ztoKUc,entertainment,46,0.2253,0.0911,,new_information,filled_pause,"And the spice is there. I'm picking up what it's putting down, I'll tell you that right now. Uh, is Egypt just a safer guess? It could also be Australia.",
2IdtqGM6KWU,lectures,5,0.2261,0.0462,1.0,new_information,filled_pause,but so I've got three of these original nine are symmetric but uh so this is an example where but that's that's not all right what's the dimension let's put the dimensions down dimension of the of m was nine what's the d,
o0AMK3wFK9E,ted,46,0.2269,0.036,,new_information,clean,"Now, here's the thing. This journey didn't start because I love running. It started because, well, let me take you back. In March of 2024, I climbed Mount Washington in New Hampshire, home to the world's worst weather.",
IiAjADve-ec,tv_series,51,0.2273,0.0345,,new_information,clean,"Are you saying this is El Comandante's house? Yes, man, everybody around here talks with that we this and we that, so it took me a while to figure it out. That's because they don't want you to figure it out. Man, you sho",
4IenX7OHumk,tv_series,4,0.2283,1.0,0.0,off_topic,clean,[Music] [Music] [Music] timana and Mala you have lost half your young family protect the remaining three pups with your lives [Music] [Applause] the pale pack faces its most lethal challenge zela's Army is ready for comb,
4X16Iw5ST4Q,commentary,8,0.2305,0.0863,0.0,new_information,filled_pause,yeah there's a little a little message to you aspiring comedians out there always explain your jokes and then they use this premise for one more psa uh there's a group of kids hanging out and then the ice cream truck dri,
IiAjADve-ec,tv_series,19,0.2312,1.0,,discourse_filler,clean,"Jennifer is on her way to take me shopping. -Oh! -You know what? -It's not important, I can do it later. -No, no, it's fine. One thing my father taught me is to never get in the way of a woman and her shopping.",
_gTgloPR0Aw,ted,6,0.232,0.028,0.0,new_information,clean,"And for another, ensuring their child can finish school might allow them to bring in more money in the future. Fortunately, we can afford this kind of help. Today, wealthy countries spend $200 billion a year in internati",
o0AMK3wFK9E,ted,61,0.2328,0.0339,,new_information,filled_pause,The difference between yesterday and today is gargantuan. >> I know. >> I looked at the parasites feeding on the bees and found that they only fed near the liver. I fluorescently stained the liver and found it inside of ,
4EXVrzOACv4,commentary,14,0.2332,0.0345,0.0,new_information,clean,"It didn’t go well. “That mayo does not do it any favours.” “No, why?!” One of the things you learn really fast working with food is that while it’s not that hard to make it look, you know, at least good and appetizing, i",
ZL5LcsJGS5Y,tv_series,6,0.2335,0.075,,new_information,clean,"The war outside hadn't ended, but inside the room something fragile had begun to heal. Morning arrived too quickly. A sharp knock on the warehouse door shattered the quiet. Serhat froze instantly, motioning for Zeynep to",
AeGEv0YVLtw,commentary,1,0.2341,0.0193,,new_information,restart,"he wrote a play called ""No Exit"" which has a lot of philosophy in it, because, he couldn’t just write some ideas down or create a work of art - he had to try and do both at the same time like a knob. And in the play thre",
IiAjADve-ec,tv_series,110,0.2341,0.0345,,new_information,clean,"Come on this side. [Spanish spoken audio] What is [Spanish spoken audio]? Diablo, devil because Arturo makes them with poison rum, and… And? Balls, so you have to buy two.",
1NLoTuRR3hE,podcasts,52,0.2342,0.0252,,new_information,filled_pause,"Yeah, we had uh Baltimore Street. I told the president this too. Speaking of Trump, uh he he we were talking a few weeks ago and he goes, ""Hey, this new scum thing, you know, because he calls me new scum, Gavin Newskum.""",
MsIvs_6vC38,lectures,14,0.2351,0.0478,,new_information,clean,"So these are like basic facts that we can now use, all right -- so now I put it to use. I put it to use by thinking -- we're really completing, the subject of elimination. Actually, -- the thing about elimination is it's",
3esF-pNAM9c,podcasts,27,0.2352,0.1152,0.0,new_information,filled_pause,and then you just continue your whole day like that so you sort of put yourself into a corner if you start your day with a spike and it's really difficult to get off that roller coaster does that roller coaster last acro,
4X16Iw5ST4Q,commentary,1,0.237,0.0462,1.0,new_information,repetition,i remember there was that one little caesars commercial where it like advertises a new pizza and then it cuts to a shot of an audience going one more time and then they just play the exact same ad over again that's still,
IiAjADve-ec,tv_series,13,0.2373,0.075,,new_information,clean,"Tourists don't come to this side of the island anymore. -El Comandante will take care of us. -No. I think El Commandante has forgotten about all of us. All we do is talk, talk, talk.",
MsIvs_6vC38,lectures,95,0.2389,0.047,,new_information,clean,"Six. Six of them. Six P. And they're sort of nice, because what happens if I write, multiply two of them together? If I multiply two of these matrices together, what can you tell me about the answer? It's on the list.",
6HVYHNTDOFs,commentary,22,0.239,0.0914,0.0,new_information,clean,"Now, back in Tudor's day, his work was finally paying off. The cafe owners in the West Indies started asking him for more and more ice, and he realized that he could increase his profits, just by refining his methods. So",
-QTkPfq7w1A,commentary,37,0.239,0.1265,0.0,new_information,clean,"And this is called well snapping. Here it is mapped to a force displacement graph. As you'd expect, the more force you apply, the more the material bends or displaces. But eventually you reach a tipping point and beyond ",
Aj0s9ztoKUc,entertainment,71,0.2402,0.0193,,new_information,filled_pause,"You're going for Iceland, which. I'm gonna enjoy this. And Chase, if you want to have some fun, you can hold that up, uh, for me to throw through it. Like this. Yeah, dude. No, thank you. I think this is South Africa.",
o0AMK3wFK9E,ted,121,0.2407,0.0264,,new_information,filled_pause,"Um, you know, Kelly brought her like curator experience. I'm like my distribution experience. We do have to narrow it down to just one speaker who will go on to take the stage uh and join us in Vancouver. The speaker who",
IiAjADve-ec,tv_series,30,0.2412,0.1265,,new_information,clean,"Just think. I'm going to visit you, and we're going to go shopping. Go driving, and we'll tell each other all our secrets. We already do that. You're going to be Mrs. Manolo. Oh, pampered to the max.",
o0AMK3wFK9E,ted,10,0.2422,0.1265,,new_information,clean,"I am originally from West Palm Beach, Florida. I am here to try to help people talk to one another without strangling one another. That's basically helping to moderate conversations and meet people and depict people in w",
iDtfzQnW-B4,commentary,39,0.2425,0.2713,,new_information,clean,"It's normal sized when I'm normal size so it's fine. All right, whatever you say man. Whatever let's just go, okay? Hold on shouldn't we wait for Tyler? He said he wanted to come too. I'm sure he'll just meet us there le",
1NLoTuRR3hE,podcasts,46,0.2433,0.0678,,new_information,filled_pause,Dyslexia certainly was the greatest gift in relationship to the entrepreneurial suits. And that led to this led to me sitting here with you as governor of California in politics. >> And when did you find out you had dysl,
CcVMWwXOk8I,tv_series,2,0.2433,0.3479,,new_information,clean,"This drama revolves around Isra who marries Ozen for financial security. But after heartbreak and separation, she returns years later to find him a successful CEO, her new boss. With a plan to make him fall in love again",
-QTkPfq7w1A,commentary,43,0.2438,0.1265,0.0,new_information,clean,"In fact, you can even hear it snap out. Put them all together and you get the mechanism. If you stretch it slowly, you'll see how tension builds up in the three middle pieces with the sides staying mostly relaxed. But if",
6HVYHNTDOFs,commentary,35,0.2444,0.036,0.0,new_information,clean,"A few scientists had devised and even built prototype cooling machines, but they weren't commercially viable. And Gorrie wasn't faring any better. He had spent three years struggling to make artificial ice with no succes",
AeGEv0YVLtw,commentary,57,0.245,0.0339,,new_information,restart,"I'll make another video on this channel closer to the time explaining the details of the stream, when it'll be, how you can see it, and what charity I'll do it for and if the cosmonaut video or this one meant anything to",you can see
9szhjhO9epA,commentary,29,0.2456,0.075,0.0,new_information,clean,"- They improved the machine, particularly they improved the speed. - [Gregor] They then also decided to switch to manufacturing everything in-house from the zippers themselves to the machines, to even the boxes that the ",
Ff7J-ERl8o0,entertainment,27,0.2467,0.0965,,new_information,clean,"All right, finally we'd like to close with the dream, okay? And so, for you, you know, you're an artist who creates across mediums from music to the stage, film and TV. When you think about Black Thought's final form, wh",
1NLoTuRR3hE,podcasts,255,0.2472,0.1197,,new_information,repetition,>> I think it it starts yesterday. It's not about the guy or guy on the white horse to come save the day. It's not about 2028. It's about the midterms which we just talked about. It's also about what happens between now ,
4EXVrzOACv4,commentary,22,0.2505,0.1265,0.0,new_information,clean,"And, as always, thanks for watching.” I wanted to make this video as a way of interrogating my own relationship to the media that I consume. I enjoy the spectacle of food entertainment and in particular I like seeing the",this video
2IdtqGM6KWU,lectures,4,0.2506,0.0462,1.0,new_information,filled_pause,okay that's like the standard basis in fact our space is practically the same as nine-dimensional space it's just the nine numbers are written in a square instead of in a column but somehow it's different and and ought t,look at
1NLoTuRR3hE,podcasts,177,0.2515,0.3351,,new_information,repetition,"And you see all of these indexes of unhappiness and loneliness and isolation. You see, I mean, Scott, it's been just he's the best. I mean, talking about what this means in terms of just the inability for for boys to eve",
IiAjADve-ec,tv_series,185,0.2518,0.1216,,new_information,clean,"-Yes. -What about the signs and the dead fish? -That's what I want to know. -My father would never… -Let me explain something to you bastard. She's my fiancee, do you understand what that means? Let me explain something ",
Aj0s9ztoKUc,entertainment,56,0.2519,0.2803,,new_information,clean,"Judge on me. No, don't spit it out. Think about the cultural insensitivity of spitting it out once you've got it in your mouth. Oh, I'm just wiping my mouth 'cause I got some on the outside. Ooh, that is spicy. Oh God. I",
1NLoTuRR3hE,podcasts,212,0.2522,0.0462,,new_information,filled_pause,"and Nuke Gingrich on, former Speaker Gingrich who led my recall effort against me. You know, I just I'm trying to just find some balance in that respect because, you know, there are good people that vehemently disagree w",
IiAjADve-ec,tv_series,143,0.2527,0.0719,,new_information,clean,"The only thing I care about, Mija, is that you'll be happy. I know. Manolo is very handsome. His family… You do love him, don't you? -Yes.",
1NLoTuRR3hE,podcasts,102,0.2528,1.0,,redundant_repetition,clean,"And all I thought about is, man, I want to introduce myself as mayor of San Francisco. I didn't say a word. I didn't even thought about marriage equality. When I ran for mayor, no one asked me about it. They were talking",
MsIvs_6vC38,lectures,8,0.2531,0.0719,,new_information,clean,"Good. While we're at it, let me do a transpose, because the next lecture has got a lot to -- involves transposes. So how do I -- if I transpose a matrix, I'm talking about square, invertible matrices right now. If I tran",
3esF-pNAM9c,podcasts,56,0.254,0.3574,0.0,new_information,filled_pause,yeah I think some of the ones that show traditional food combinations and how they're actually good for our glucose levels are fascinating for example grapes and cheese so I'm French and often when you eat like a big uh ,
4X16Iw5ST4Q,commentary,10,0.2546,0.8403,0.0,clarification,repetition,so it's about like media literacy and you know questioning and thinking critically about the media that you're consuming which is good which is very it's very very important especially nowadays but i gotta say when i was,
1NLoTuRR3hE,podcasts,15,0.2556,0.075,,new_information,clean,"And I know you're going to continue to shoulder roll what I'm going to say, but many of the book makers, the odds have you as being the next president of the United States in 2028. >> Yeah. >> I'm going to throw that.",
MsIvs_6vC38,lectures,54,0.2565,1.0,,off_topic,clean,So that's -- this moment is maybe the new insight in elimination that comes from matrix -- doing it in matrix form. So it was -- the product of Es is -- we can't see what that product of Es is. The matrix E is not a part,
AeGEv0YVLtw,commentary,43,0.2567,0.075,,new_information,clean,"I was like, “Maybe trauma didn’t give me anxiety: maybe it gave me the power to see into the future!” Although again, I had to be like, ""Well, just because they said that it’s over doesn’t mean that they’re gonna come in",
o0AMK3wFK9E,ted,55,0.2573,0.0193,,new_information,filled_pause,"Hi, I'm Dr. Sammy, your friendly neighborhood entomologist. But I wasn't always. See, I used to be terrified of insects as a kid. I couldn't think of anything more disturbing. It actually got to a point where my mom got ",
MsIvs_6vC38,lectures,23,0.2575,0.1216,,new_information,clean,"So what is the inverse of this? Remember those elimination matrices are easy to invert. The inverse matrix for this one is 1 0 4 1, it has the plus sign because it adds back what this removes. Okay.",
2IdtqGM6KWU,lectures,23,0.2578,1.0,0.0,off_topic,repetition,okay what's a graph okay this isn't calculus we're not I'm not thinking of like some sign curve the word graph is used in a complete different way it's a set of a bunch of nodes and edges edges connecting the nodes so I ,
4EXVrzOACv4,commentary,7,0.2584,0.2803,0.0,new_information,clean,"They are made gold… with edible gold leaf, so these are a little bit expensive to make because gold leaf doesn’t really come that cheap.” There is also a persistent problem in food entertainment where it intersects with ",
AeGEv0YVLtw,commentary,19,0.2591,0.1265,,new_information,clean,"I can’t think of a single person who looked forward to seeing me, in fact frequently it was the opposite. Professionally I was replaceable; artistically, I was invisible. My YouTube channel was deeply immoral: it betraye",
53T5eYxGf3I,ted,1,0.26,0.0339,,new_information,revision,then we set out to create an open source DIY do-it-yourself version that anyone can build and maintain at a fraction of the cost we call this the global village construction set so let me tell you a story so I finished m,
1NLoTuRR3hE,podcasts,130,0.2618,0.1578,,new_information,filled_pause,"um So, every year we raise money to cancer research in my mom's name. And uh and we've never forgotten her. And uh but she was someone that could have easily been forgotten, man. Um she's just, you know, sacrificed every",
3esF-pNAM9c,podcasts,65,0.2618,0.0707,0.0,new_information,filled_pause,but but totally Stephen I even meet people on the street or like my readers and stuff and they'll show me that in their purse they have a little um bottle of vinegar they take with them it's super easy and you know I was,
AeGEv0YVLtw,commentary,48,0.2619,0.0345,,new_information,clean,"I'm gonna be back in London for a few days, do you wanna meet up maybe?” And every time I go through that Descartes process of, “Well, maybe that never really happened, maybe it was all just in my head! Maybe it can all ",
1NLoTuRR3hE,podcasts,59,0.263,0.075,,new_information,clean,"and I know the stats around young boys that grow up in particular that don't have a father figure in at home. That for me that's a perfect recipe for like small tea, maybe big tea trauma in some capacity. Later in your l",
Ud6JonLO29o,commentary,2,0.2633,0.0264,,new_information,filled_pause,but i don't know if you've ever tried writing more than four songs about the exact same thing but it's hard and don't get me wrong i'm still a spooky person okay i'm not i haven't abandoned the spook but at this point i ,
Aj0s9ztoKUc,entertainment,88,0.2637,0.0949,,new_information,revision,"I don't go. All places that end in, land. I don't go anywhere for the food apparently. I, I, I go for the adventure, I go for the. And I would be all about the food. I gotta go, man, I got to go. It's kind of obvious tho",
MsIvs_6vC38,lectures,25,0.2639,0.0914,,new_information,clean,"That says the first row's right, four times the first row plus the second row is eight seven. Good. Okay. That's simple, two by two.",
IiAjADve-ec,tv_series,22,0.264,0.1216,,new_information,clean,"Adios. [Spanish spoken audio] Look at this, man. Can you hear it? I hear nothing. -What do you mean you can't hear it? -Oh! The day I own this sound system, I know I've died and gone to heaven.",look at
4X16Iw5ST4Q,commentary,26,0.2645,0.0949,0.0,new_information,repetition,i'm allergic to peta okay all in all i think these psas worked well for the time you know these aired before youtube and tick tock existed so like the only content you really had to be mindful of was like television and ,the screen
9szhjhO9epA,commentary,9,0.2655,0.0205,0.0,new_information,clean,"Sundback realized that this (paper crinkling) was never gonna work. So after years of tinkering, he submitted a patent of his own. This is a patent from 1914, but if you take a look, it is nearly identical to a zipper fr",
1NLoTuRR3hE,podcasts,53,0.2665,0.0065,,new_information,filled_pause,"I said, ""It's not, Mr. President, it's not particularly original."" And he goes, ""What do you mean? What do you mean?"" I said, ""Well, there were there was the bully on Baltimore Street uh in Cordom Madera, California used",
6Sx_hLPFwU8,lectures,1,0.2665,0.0448,,new_information,filled_pause,and uh if we look at if we look at what it said for samantha the one that she went to was between 113 and 117 okay the other girl brooklyn she went to four of the same ones with samantha but the other ones that she went ,look at
MsIvs_6vC38,lectures,88,0.2665,0.0088,,new_information,repetition,So I'll leave one zero zero alone and I'll switch -- I'll move number three up and number two down. Okay. Those are the ones that just exchange single -- a pair of rows.,
1NLoTuRR3hE,podcasts,221,0.2666,0.0462,,new_information,filled_pause,"And uh I'll tell you that and we're celebrating our 250th anniversary of the founding fathers, the best of the Roman Republic, Greek democracy. and and uh you know this notion of of of system of checks and balances, popu",
6HVYHNTDOFs,commentary,50,0.2673,0.3251,0.0,new_information,revision,"- You put an ice block into your cocktail, you could get cholera. There are, like, stories of hospitals treating wounds with ice, and then the ice makes you get a disease, and your wound isn't even the problem. - They're",
6HVYHNTDOFs,commentary,48,0.2687,0.1265,0.0,new_information,clean,"(ice cracking) The cold gas is then cycled through a compressor, raising its temperature, and then it's pushed through a condenser coil. Here, the hot gas cools and turns back into a liquid, releasing the absorbed heat b",
MsIvs_6vC38,lectures,41,0.2691,0.1216,,new_information,clean,"When I do this multiplication, I'm going to get ones on the diagonal and zeroes above. Because -- what does that say? That says that I'm subtracting rows from lower rows. So nothing is moving upwards as it did last time ",
Aj0s9ztoKUc,entertainment,8,0.2699,0.036,,new_information,clean,"No purchase necessary to enter or win. Sweepstakes runs from May 4th 12 a.m. Pacific Time to May 8th, 2026 11:59 p.m. Pacific Time. Terms and conditions apply. Void where prohibited. Visit mythical.com for official rules",
ZL5LcsJGS5Y,tv_series,5,0.2703,0.075,,new_information,clean,"Zeynep nodded. ""And I almost did exactly what she wanted again."" ""But you didn't."" Serhat replied. ""You told me the truth. That changes everything."" For the first time in days, they sat side by side without distance betw",
MsIvs_6vC38,lectures,70,0.2704,0.7954,,clarification,clean,"And what do those add up to? Okay, so now we're coming to the punch of this, question, this operation count. So the operations on the left side, on the matrix A to finally get to U. And anybody -- so which of these quant",
1NLoTuRR3hE,podcasts,204,0.2705,0.3493,,new_information,clean,"Yeah. And you don't have to like someone, but if you trust that you know who they are, then you feel, I think, safer in predicting what they'll do. >> Totally. >> Now, if I don't see Kamala sat on Joe Rogan or some someo",
1NLoTuRR3hE,podcasts,236,0.271,0.0345,,new_information,clean,Do you think he's going to try and stay in power >> when people close to Donald Trump when people close to Donald Trump send the governor of California >> a hat that says Trump 2028? They're not around. >> They sent you ,
6HVYHNTDOFs,commentary,4,0.2714,0.0205,0.0,new_information,clean,"In the winter of 1805, Tudor was thinking back to a tragic incident that had happened four years earlier. He and his brother came down with a bad fever while visiting the Caribbean. Back home, they would've just asked th",
ZL5LcsJGS5Y,tv_series,0,0.2717,0.075,,new_information,clean,"The engine sound outside faded into the distance, but the unease it left behind stayed inside the warehouse. Serhat stood by the window, watching the empty road as if he could still see the shadow of the car that had jus",
AeGEv0YVLtw,commentary,12,0.272,0.0339,,new_information,restart,"I still get emails literally every day from people saying that video saved their lives, which is amazing. And people drew fan art of the cosmonaut and did songs and wrote poems and Regeneration Magazine wrote an article ",
1NLoTuRR3hE,podcasts,190,0.272,0.1197,,new_information,filled_pause,Uh he's got a dream with a deadline. He's there in places people don't expect him to be. He's meeting with folks without any filter. He's willing to confront people he disagrees with and and agrees with. He's willing to ,
CcVMWwXOk8I,tv_series,0,0.2723,0.096,,new_information,clean,"What happens when laughter meets love and secrets spark unexpected bonds? In today's video, we dive into the world of Turkish romantic comedies. Filled with drama, charm, and heart, these 15 series are not just sweet, th",
-QTkPfq7w1A,commentary,31,0.2752,1.0,1.0,off_topic,clean,"Incogn tracks down the data brokers holding your information and starts cutting those connections. With the new unlimited plan, you can use their custom removals feature to target specific people search sites or sketchy ",
IiAjADve-ec,tv_series,123,0.2755,0.6852,,clarification,clean,"I promise I'm going to have my father do something about this. I believe you, Margarita. Do you think I'm trying to use you? Why would you pick me for that? Maybe. You have everything, right?",
1NLoTuRR3hE,podcasts,169,0.2757,0.1578,,new_information,filled_pause,"And if it was happening to any minority group, particularly in my party, the Democratic party, we'd be all over it. Instead, we've been timid about it because men have this sort of hierarchical uh benefits in society. Go",
AeGEv0YVLtw,commentary,47,0.2761,0.0863,,new_information,restart,"But you just can’t seem to make them happy.” And like with the makeup thing, I know that's not true. It’s a conspiracy theory... And yet... Also I wish somebody would unwrite 50 Shades of Grey cause I feel like I have to",this video
Aj0s9ztoKUc,entertainment,33,0.2764,1.0,,discourse_filler,clean,"Is that a egg roll? Well, I'll cut you a part. Oh, thank you. It looks fried. We've got rice, chicken. Fried chicken. And what looks to be like a cinnamon twist from Taco Bell on the, on the outside.",
Aj0s9ztoKUc,entertainment,39,0.2766,0.1265,,new_information,clean,"It's hitting a lot of things that I like. Fried chicken, curry. Rice, form factor, burrito form factor. Crunch. I have a guess. We cannot forget. I'll make it. We can't do what we do, which is love something, and then ju",
MsIvs_6vC38,lectures,79,0.2778,0.2678,,new_information,repetition,"Let me just tell you the answer there. It's n squared. So the cost for every right hand side is n squared. So let me -- I'll just fit that in here -- for the cost of b turns out to be n squared. So you see if we have, as",
MsIvs_6vC38,lectures,87,0.2781,0.3377,,new_information,clean,"Zero What one are you going to do now? STUDENT: I'm going to switch the STRANG: Switch rows one and -- One and three, okay. One and three, leaving two alone. Okay. Now what else? Switch -- what would be the next easy one",
4EXVrzOACv4,commentary,19,0.2786,0.0325,0.0,new_information,restart,Something about them should be familiar to anyone aware of the Frozen Elsa Spider-man trend of horrifying CG videos that consumed children’s entertainment on YouTube a couple years back. These blanket food/craft channels,
4X16Iw5ST4Q,commentary,5,0.2789,0.1578,0.0,new_information,repetition,no doubt so there's a hole in that psa's logic right there okay stay fit doesn't matter how fit you are okay cause i was fit as hell dude i was jacked i was in the best shape of my life in third grade but when it comes d,
IiAjADve-ec,tv_series,42,0.2793,0.1265,,new_information,clean,"Be sure, if you watch Top Gun, the whole room shakes. -Sonia. -Please, go to bed. How is this place so much… You're still feverish. I hope there's no swelling in the brain.",
Aj0s9ztoKUc,entertainment,89,0.2795,0.0719,,new_information,clean,"I've gotta try to do it. And Thailand is the little, the big peninsula coming down there, right. Below China. That's it, right?",
1NLoTuRR3hE,podcasts,55,0.2802,0.0264,,new_information,filled_pause,"And he moved immediately off on another topic. Uh, yeah. So, we, you know, I was I was the bold cut guy. The hair, you know, the Dutch boy look, you know, you remember I don't know if you remember the old Dutch boy stuff",
1NLoTuRR3hE,podcasts,112,0.2814,0.1578,,new_information,filled_pause,"and uh that sort of started my political life. >> When I overlap the dates here, you win your mayoral mayoral race in 2003. >> Um your mother was getting was sick in the years in the leadup to that. She was diagnosed wit",
IiAjADve-ec,tv_series,120,0.2821,0.1602,,new_information,clean,"My father used to say, you should always try to find people's reasons for doing things. She's not right. -Would you like to know Carmelita's reason for being so mad?",
Aj0s9ztoKUc,entertainment,1,0.2832,0.0205,,new_information,clean,"That's right. Golden Tee of Mythicality is back. Here it is on my shirt. Yes, this year we're giving away a total of $50,000 in cash prizes.",
AeGEv0YVLtw,commentary,54,0.2846,0.6738,,new_information,clean,"And that is also why I have... this. This is the complete works of Shakespeare. I think it was Judi Dench who once said that this book contains every single human emotion: if you can feel it, it’s in here. So I'm gonna r",
4DfCXjwQBRA,commentary,3,0.2847,0.1602,0.0,new_information,clean,"[Crowd] Huh? - I'm making it sound like everybody has a different human face which would be horrifying. More specifically, everyone has the faces of beasts, of beasts, I have to say it like that. Even that feels wrong be",
1NLoTuRR3hE,podcasts,137,0.2851,0.3251,,new_information,filled_pause,"My wife was nervous to run up on stage because it was like, this is a big damn deal. And he comes right up, grabs me. And everyone kind of like is moving around the audience. I'm like, what do I do? And I like just insti",
1NLoTuRR3hE,podcasts,237,0.2854,0.036,,new_information,clean,"I sat in the Oval Office for 90 minutes with Donald Trump, first Democratic governor to do that. And he was looked and he looked around. I said, ""Hey, so he was behind you."" I said, I looked around the pictures. I'm like",
3esF-pNAM9c,podcasts,81,0.2858,0.0325,0.0,new_information,repetition,I I don't know I don't know what what to offer them really like what what can I offer them what can we offer them so people who are stuck in a craving cycle that are the extreme end of the craving cycle okay so when you',
9szhjhO9epA,commentary,31,0.2862,0.0462,0.0,new_information,revision,Like 10 billion is crazy. - It's equivalent to more than 3 million kilometers in length. It could be like around like 80 trips around the world. - [Gregor] And not all of these are regular everyday zippers either. - So t,
Ff7J-ERl8o0,entertainment,16,0.2872,0.049,,new_information,clean,"Well, Lady B, you know, who was an iconic Philly DJ that we all looked up to as kids and listened to her show, you know, every weekend. She was the first, you know, female to rap on a record. So, like, she like the first",
1NLoTuRR3hE,podcasts,97,0.2875,0.0193,,new_information,filled_pause,>> You became mayor of San Francisco. You had a big impact while you were mayor of San Francisco. One of the things people remember you a lot for is your attitude towards same-sex couples and the uh Defense of Marriage A,
6HVYHNTDOFs,commentary,54,0.2876,0.0188,0.0,new_information,revision,"There wouldn't have been that connection to make PCR viable in that way without a fridge. - I think it's easier to focus on the movement of macroscopic objects and macroscopic things happening, but this is really about c",
IiAjADve-ec,tv_series,150,0.2887,0.8026,,clarification,clean,"Rogelio! Help me, please! Help! Somebody call a doctor. Rogelio, Rogelio. Rogelio, please. My face! Rogelio, take. Rogelio, take this. I'll take you to the hospital! Oh, my skin!",
2IdtqGM6KWU,lectures,1,0.2894,0.0863,0.0,new_information,repetition,okay I can add the I can multiply by scalers I can multiply two of them together but I don't do that that's not part of the vector space picture the vector space part is just adding the matrices and multiplying by number,
1NLoTuRR3hE,podcasts,213,0.2909,0.0339,,new_information,filled_pause,He attacks vulnerable communities. My mom her what her real early indelible inspiration for me in terms of one of those two to three jobs she had wasn't just working as a waitress and doing the bookkeeping but she worked,
3esF-pNAM9c,podcasts,95,0.291,0.1152,1.0,new_information,filled_pause,so but I just think like something that has such a big clear positive impact or at least in the short term of productivity Focus um that people are so dependent on in culture must be at somewhere having equal and opposit,look at
Ff7J-ERl8o0,entertainment,28,0.2913,1.0,,discourse_filler,repetition,"And in terms of uh legacy, I mean, I would hope to be, you know, revered in the way that someone like a Louis Armstrong is in that, you know, he when he was doing it, he did it for the love of doing it, right? Creating, ",
9szhjhO9epA,commentary,14,0.2918,0.0093,0.0,new_information,clean,"First, it sliced pieces off the wire to serve as individual teeth, and then it stamped the scoop and nib into each tooth. Finally, the machine would clamp the two arms of the Y-shape together onto a piece of fabric calle",
ZL5LcsJGS5Y,tv_series,3,0.2918,0.0352,,new_information,clean,"We're just talking."" But even Kader could feel the tension in the air. She hugged Zeynep tightly as if she understood more than they believed. After Kader returned to bed, the silence returned with heavier weight.",
3esF-pNAM9c,podcasts,19,0.292,0.0049,0.0,new_information,repetition,Stephen I'm actually not anti- sugar what are you talking about no I love sugar I eat sugar I eat carbs all the time but I want people to know what I know which is how and when to eat those things that's the end of the p,
MsIvs_6vC38,lectures,82,0.292,0.0877,,new_information,clean,"Let me do three by threes. Actually, why don't I just plain list all the three by three permutation matrices. There're a nice little group of them. What are all the matrices that exchange no rows at all?",
3esF-pNAM9c,podcasts,25,0.2921,0.1197,0.0,new_information,repetition,it's really important to have protein in the morning then you add some healthy fats olive oil butter avocado and then if you want for taste you can add a bit of starch like a piece of bread for example or some potatoes i,
1NLoTuRR3hE,podcasts,76,0.2925,1.0,,discourse_filler,filled_pause,"Diversity broadly defined >> uh in every way, shape, or form. And so the business became this sort of the pursuit of wow of awe of surprise of iteration of of daring energy. So the core ideology just kept growing in that",
H5DhD5Nwl_0,ted,1,0.2932,0.02,,new_information,clean,"Common vampire bats are opportunistic hunters that have been observed to feed from snakes, sea lions, and pelicans, but they mostly take their meals from land mammals. And with the spread of agricultural areas, they incr",
Aj0s9ztoKUc,entertainment,51,0.2947,0.0707,,new_information,filled_pause,"No, no, no. It was a bag with, with, um, fries in it and fried chicken pieces. This is an evolution of the spice bag. All right, Link, you had 23.",
o0AMK3wFK9E,ted,33,0.2949,0.0339,,new_information,filled_pause,"Walking out in front of a large audience. I've done it before. I've spoken twice at graduation. But yeah, I'm feeling excited. Uh, and also I've got home advantage because I'm talking about Chicago in Chicago and I'm als",
4X16Iw5ST4Q,commentary,4,0.2955,1.0,1.0,off_topic,clean,it was a nightmare and so is he seriously though this kind low-key kind of happened my first kiss was in third grade one day i was swinging on a swing obviously and this one girl who will remain nameless she got her frie,
9szhjhO9epA,commentary,28,0.2955,0.1655,0.0,new_information,clean,"It began as a single workshop in Tokyo where each zipper was made by hand. Then in 1945, that workshop was completely destroyed by allied bombs, but Yoshida was undaunted. He rebuilt the plant, and after the war, he star",
4X16Iw5ST4Q,commentary,19,0.296,1.0,1.0,discourse_filler,clean,this is what we gotta do i also think like the tonal shift from like watching a fun happy cartoon to this is very effective [Music] you're gonna die you're gonna die tomorrow yeah you might even die tonight if alan takes,
Ff7J-ERl8o0,entertainment,20,0.2961,0.1519,,new_information,repetition,">> Yeah, you're staying in practice. And I think, you know, the fact that, you know, I mean, at this point, 15, 16 years have gone by that we've had that level of practice every day. It definitely informs everything else",
IiAjADve-ec,tv_series,8,0.2963,0.1602,,new_information,clean,"I was afraid something like this might happen, Margarita. -Do you see this shrimp? -Yes. -It looks healthy, yes? -Yes. We can't eat it because the water is poisoned.",
IiAjADve-ec,tv_series,91,0.2966,0.1107,,new_information,revision,"What's that supposed to mean? I never leave this place. I mean, I travel, but I'm not allowed to go anywhere on my own. I was in Europe last month. There's one cathedral after another. Listen, I know how lucky I am, but ",
o0AMK3wFK9E,ted,83,0.2976,0.075,,new_information,clean,"Because believe it or not, just a little civic CPR could save someone's life. I really appreciate y'all making time for me today. Thanks for listening. Bye everybody. Thank you so much. Thank you. Thanks. He was amazing ",
o0AMK3wFK9E,ted,103,0.2979,0.075,,new_information,clean,"She's doing well. It's just it's a big shift from yesterday's rehearsal. And if you want to dance on many dance floors, literal or metaphorical, you have got to make space, come without judgment, and teach someone your d",
MsIvs_6vC38,lectures,92,0.2985,0.0429,,new_information,repetition,"That puts row two moves up to row one, row three moves up to row two and row one moves down to row three. And there's one more, which is -- let's see. What's left? I'm lost. STUDENT: Is it zero zero one?",
3esF-pNAM9c,podcasts,91,0.299,0.0193,0.0,new_information,repetition,yeah there are some studies showing that if you go to bed after dinner that that has caused a big glucose Spike you're going to have have less restorative deep sleep and for me if I go to bed with a big rcos bike at dinn,
AeGEv0YVLtw,commentary,52,0.2993,0.0707,,new_information,restart,"but... If all of human knowledge is like a library that we can borrow from or add to, then when men don't put these kinds of stories on the shelves nobody can borrow them. We all miss out on the intellectual resources ne",
iDtfzQnW-B4,commentary,30,0.2998,0.1216,,new_information,clean,"(door bell rings) Okay, okay, I guess I should get that. If you have to. It's Cody Spencer! Cody you brought me cookies? Thought you might want some sugar. Thanks, and goodbye.",
MsIvs_6vC38,lectures,48,0.3016,0.115,,new_information,repetition,"And now I'll do that multiplication and I'll get a happy result. I hope. Did I do it right so far? Yes, okay. Let me do the multiplication. I believe this comes out. So row one of the answer is one zero zero.",
9szhjhO9epA,commentary,13,0.3043,0.02,0.0,new_information,clean,"Each of the tiny teeth needed to be precisely shaped for the fastener to work, but at the time, there were simply no tools around that could do this reliably. - So he had to come up with some extraordinarily clever machi",
MsIvs_6vC38,lectures,66,0.3044,0.0456,,new_information,clean,"Now, what about the next step? So now the first row is fine. The second row is fine. And I'm changing these zeroes are all fine, so what's up with the second step?",
o0AMK3wFK9E,ted,17,0.3054,0.2803,,new_information,clean,"You landed it really well, too. You left a little pause there. First, like maybe 10 to 15 seconds were a little bit fast. I was a little concerned that my speech was too long and it came in under time and I could slow do",
1NLoTuRR3hE,podcasts,43,0.3058,0.1197,,new_information,repetition,"If you want a basketball hoop, you're gonna have to work for it. There was nothing handed, nothing given. And so, she was grinding. She's working in part-time waitress. I got in the restaurant business. I was a bus boy. ",
1NLoTuRR3hE,podcasts,228,0.3065,1.0,,off_topic,filled_pause,">> Shouldn't No, it shouldn't. Look, I used to have my beef with George W. Bush, George HW Bush. We we'd have our beefs on the other side. Uh Republicans certainly with Clinton or Obama or even Biden.",
4DfCXjwQBRA,commentary,19,0.3065,0.036,0.0,new_information,clean,We're also introduced to the typical snarky Netflix narrator who's trying to tell jokes all the time. - I'm looking for the big epic romance. - [Narrator] Nothing says epic more than three guys in one afternoon.,
IiAjADve-ec,tv_series,216,0.3074,1.0,,off_topic,clean,"[Spanish spoken audio]. -I can't take this. Everybody's crazy in this house, I'm out of here. This wedding is off. Here, hold this. I'll get Piñeda.",
3esF-pNAM9c,podcasts,57,0.3075,0.0188,0.0,new_information,filled_pause,delicious it's Al better for your glucose levels because you're putting clothing on that sugary carb that is the piece of fruit or ham and melon or rice and beans all these traditional combinations cause smaller spikes t,
1NLoTuRR3hE,podcasts,27,0.3089,1.0,,off_topic,clean,I got a sell by date and I'm going to put everything on the line. Let's get into it then in terms of your early context in your childhood because I think >> you have to understand that to understand the person and the co,
2IdtqGM6KWU,lectures,3,0.3104,0.0828,0.0,new_information,repetition,A basis for M again all 3x3 okay and then I'll just count how many members are in that basis and I'll know the dimension and okay it's going to take me a little time in fact what is the dimension what any idea of what I',
Aj0s9ztoKUc,entertainment,21,0.3105,0.3391,,new_information,clean,"This kind of thing has really made its way out of the Middle East. It's made its way everywhere and I think it has something to do with this very specific sauce, that, you're right about how sweet it is. You don't think ",
-QTkPfq7w1A,commentary,42,0.3107,0.8486,1.0,clarification,clean,"Exactly. If you draw the system as a set of springs, it looks something like this. The long and lanky components represent the two springs on the sides, but they actually don't feel like springs at all. You can easily pu",
1NLoTuRR3hE,podcasts,0,0.3113,1.0,,off_topic,clean,"Epste and Trump were close. Sorry, Donald. Just a fact. And when Elon Musk tweets Trump's on the list and a few days later, there is no list.",
IiAjADve-ec,tv_series,194,0.3124,0.0719,,new_information,clean,"Margarita, remember your promise? I'm so glad you got rid of that loser. I think I got rid of the wrong one. $1,000.",
MsIvs_6vC38,lectures,42,0.3135,0.9823,,clarification,clean,"Okay. Now -- so really, what I have to do is check this minus two one zero, now this is -- what's that number? This is the number that I'm really have in mind. That number is ten. And this one is -- what goes here?",
3esF-pNAM9c,podcasts,107,0.3137,1.0,1.0,off_topic,repetition,no I don't do anything what are you talking about you always give me bodyy vineger thank you Stephen wor thank you so much thank you for being here I appreciate you thank you isn't this cool every single conversation I h,
Aj0s9ztoKUc,entertainment,87,0.3141,0.0205,,new_information,clean,"Yeah. Apparently I go places and learn nothing. You're a well traveled man. Mm-hmm, yep. You've been to Thailand, Ireland, and Japan.",
iDtfzQnW-B4,commentary,27,0.3154,0.075,,new_information,clean,"Get over here Leah Gibbs, gibbs me a kiss. Finally, I thought our second kiss would never happen. The tension was getting epic.",over here
Ff7J-ERl8o0,entertainment,18,0.3159,0.1152,,new_information,repetition,"He courted us over time. You know, we met at a Roots gig. Um, and that was Yeah, we sort of forged a relationship and and over time, you know, I mean, I think, you know, the first Within the first day or two that, you kn",
Aj0s9ztoKUc,entertainment,28,0.3162,0.036,,new_information,clean,"I'm gonna split the diff between Egypt and Australia. Mm-hmm. Ma, ma. Mauritius. Mauritius. Mauritius. Mauritius. Mauritius. Mauritius. I practiced with all of these words beforehand. Okay. Okay. Iceland.",
AeGEv0YVLtw,commentary,63,0.3166,1.0,,discourse_filler,clean,"By the way, yes the video was done in one continuous shot with no cuts. > <I changed costume from Superman to Clark Kent really quickly when I was out of frame> <We did two takes, of which this was the second cause it wa",
1NLoTuRR3hE,podcasts,96,0.3166,0.0264,,new_information,filled_pause,"Um, you know, give it a shot. Miss 100% of shots you don't take. And uh was I think pulling third or fourth and decided to go for it and ran for mayor of San Francisco.",
Aj0s9ztoKUc,entertainment,73,0.3169,1.0,,discourse_filler,clean,"Could be Egypt, but I have to go all the way to South Africa to try my best here to get back into this. Oh yeah. Come on now. Chase, do me a solid.",
4DfCXjwQBRA,commentary,43,0.3176,0.0911,0.0,new_information,filled_pause,"That's the kinda dream that this date is out of, not like a fairy tale. So then, and this is the case in both of the dates, after they do the activity, they go have conversation over drinks. So just when you think things",
MsIvs_6vC38,lectures,85,0.32,0.0857,,new_information,clean,They're all the ways I can take the identity matrix and rearrange its rows. How many will there be? How many three by three permutation matrices? Shall we keep going and get the answer?,
4EXVrzOACv4,commentary,20,0.3203,0.0828,0.0,new_information,repetition,"I’m sorry, I got sucked in there. Ann Reardon, owner and host of the How to Cook That, and her husband Dave have done some great investigative reporting into the business structure of these channels. I’ve included the li",
1NLoTuRR3hE,podcasts,185,0.3209,0.0462,,new_information,repetition,"Everyone just knows what's going on."" Meanwhile, I'm like 20 pages in writing this down. Say, ""Oh, it it's about loss of man."" ""Oh, no. It's about the man of No, it's about it was about Joe Rogan. We didn't go on Joe."" O",
1wsF9GpGd00,lectures,6,0.3217,0.8478,,clarification,clean,"Every element of C needs to be in A. So A has an 18, it has a 7, it has a 1. But it does not have a 19.",
IiAjADve-ec,tv_series,4,0.3224,1.0,,discourse_filler,clean,"-We're very close, señor. Didn't you have a business matter that you had to attend to today? Yes, I believe I do. If you want your daughter to have a wedding, why don't you go and tend to it?",
MsIvs_6vC38,lectures,2,0.3242,0.9127,,clarification,clean,"Can I take the easy part, the first step first? So, suppose A is invertible -- and of course it's going to be a big question, when is the matrix invertible? But let's say A is invertible and B is invertible, then what ma",
Ff7J-ERl8o0,entertainment,26,0.3248,0.0911,,new_information,repetition,"And um yeah, I think that was a it was just a wake-up call for me. And then of course like composing the music, writing the lyrics for a theater production, that's such a massive creative undertaking. Was there a most un",
9szhjhO9epA,commentary,12,0.3264,0.0052,0.0,new_information,clean,"Now, Sundback's original design was a little different to this big guy. It sported rectangular teeth with a bump on the top called the nib, and an equivalently shaped indent on the bottom called the scoop. That way, when",
MsIvs_6vC38,lectures,4,0.3264,1.0,,redundant_repetition,clean,"I multiply the two matrices A inverse and B inverse, but what order do I multiply? In reverse order. And you see why. So the right thing to put here is B inverse A inverse. That's the inverse I'm after. We can just check",
MsIvs_6vC38,lectures,67,0.3265,1.0,,discourse_filler,clean,"And then you're with me. Roughly, what's the cost? If this first step cost a hundred squared, about, operations then this one, which is really working on this guy to produce this, costs about what? How many operations to",
3esF-pNAM9c,podcasts,75,0.3269,0.1578,0.0,new_information,filled_pause,and they just need a way out but to me it's um it's wild that we got to this point are you saying that you're not a fan of people taking a zenek or are you saying that you're not a fan of the environment that has caused ,
-QTkPfq7w1A,commentary,35,0.3273,0.2803,0.0,new_information,clean,"Yeah, right. I guess you never expect things to yank back on you so unexpectedly cuz a rubber band, you're stretching it and you feel it wants to pull back on you more and more, but here it just you're never ready for fr",
o0AMK3wFK9E,ted,73,0.3275,0.2713,,new_information,clean,I think that's something that a lot of people are wondering how to do right now. He was a real standout yesterday. So I'm excited to see if he can deliver in the same way today. >> When you have to deal with someone whos,
Ff7J-ERl8o0,entertainment,3,0.328,0.1602,,new_information,clean,"So, let's get right into it and I'm going to start at the beginning. You know, when you and Questlove started performing as a duo in the late 1980s, what was the biggest dream that you dared to imagine for yourselves? Li",
o0AMK3wFK9E,ted,45,0.3282,1.0,,off_topic,clean,"I'm just an ordinary bloke, but I'm attempting something extraordinary. I want to become the first person in history to officially run every single street in the city of Chicago. Every corner, every block, every neighbor",
6HVYHNTDOFs,commentary,38,0.3286,1.0,0.0,off_topic,clean,"As Gorrie turned the crank, the piston moved down, compressing the air and raising its temperature. To prevent the air from being sucked out of the large tank, Gorrie added a one-way valve at the bottom of the cylinder. ",
IiAjADve-ec,tv_series,133,0.3289,1.0,,discourse_filler,clean,"Guards! The little fantasy vacation is over. If I ever see you or your little snoop friend again. Out! Margarita. Margarita! Margarita! Margarita! -Stop. -Margarita! [Spanish spoken audio], please stop.",
IiAjADve-ec,tv_series,121,0.3295,0.075,,new_information,clean,"The water. El Comandante says he will do something about it. If my father says he'll do something about it, he will. Maybe Aurelia is right.",
IiAjADve-ec,tv_series,103,0.3295,0.0719,,new_information,clean,"I hope I'm not disturbing you. He was just leaving. I wanted to… Would you take me to the other side of the island? -Yes. -Yes. Paul, would you mind going upstairs and grabbing my bag? Get in the car, I'm driving. Oh, I ",
ZL5LcsJGS5Y,tv_series,20,0.3305,0.0052,,new_information,clean,"The engine started and the car disappeared into the night. Inside the warehouse, Serhat and Zeynep believed they had finally taken control of their story. But the truth was far more dangerous, because the next betrayal w",
iDtfzQnW-B4,commentary,22,0.3309,0.0345,,new_information,clean,"what's going on? Waaah! Waaah! Hey little one. (shush) Waaah! Waaah! Okay, okay. Sing a lullaby. ♪ Blackbird singing in the dead of night ♪ ♪ Take these broken wings and learn to fly ♪ That was a Christmas song right? I'",
1NLoTuRR3hE,podcasts,234,0.3309,0.3493,,new_information,clean,Remember the president of the United States said Nome should be arrested. They said on what grounds he got elected. Said he doesn't like the fact that his political enemy got elected. It means he's not he doesn't say tha,
1NLoTuRR3hE,podcasts,42,0.3325,0.1152,,new_information,repetition,"And when I say two, three jobs, when I say that, I mean literally two, three jobs. We had guests always living at the house. I didn't understand what guests living at the house mean. She moved out of her own bedroom to r",
IiAjADve-ec,tv_series,14,0.3328,0.036,,new_information,clean,"Nobody does anything. -There is a curse over El Comandante. -Right, Aurelia. A big, fat do nothing for the people curse! [Spanish spoken audio]",
Aj0s9ztoKUc,entertainment,31,0.3329,0.0184,,new_information,filled_pause,"You should have done it Link, you should have done it, but you didn't. Canada? Oh, sorry. I was trying to keep your measurements under wraps. Uh, Rhett, you had 35.",
4DfCXjwQBRA,commentary,23,0.333,0.2803,0.0,new_information,clean,"- I am the techno prince, warrior, poet, monkey man, spiritual cowboy on the hero's journey to liberate humankind, yeah. - Oh my God. I'm gonna, just, a lot of the rest of this video is just gonna be me showing you clips",this video
MsIvs_6vC38,lectures,91,0.3332,0.2042,,new_information,repetition,"STRANG: Zero one zero. Okay, now a second row -- say zero zero one and the third guy One zero zero. So that is like a cycle.",
1NLoTuRR3hE,podcasts,162,0.3341,0.0949,,new_information,repetition,"and um and did I just a drop of the dime. I mean back to just Mimi Silver just a rock star. and she told me, you know, I remember she said, ""You're coming over to see me tonight and we're going to fix this."" >> I've buil",
-QTkPfq7w1A,commentary,45,0.3342,0.1265,0.0,new_information,clean,"And this leads to some pretty remarkable properties. If you slowly control the stretching force by adding water to a cup below the mechanism, the mechanism first slightly sags like you'd expect. But when you reach the ti",
Aj0s9ztoKUc,entertainment,64,0.3366,0.0339,,new_information,filled_pause,"Yeah, let me help you with that. Hmm. Here I'll help too. Well, by memory, I know that there's that island country, Mauritius. Mauritius. And then there's Bolivia.",
4X16Iw5ST4Q,commentary,14,0.3392,0.3493,0.0,new_information,clean,i think i do still believe in house hippos you know maybe the real house hippos were the friends we made along the way i think now it's time we talk about some psas that did work really well [Music] i am ashtar a robot f,
MsIvs_6vC38,lectures,69,0.3394,0.2803,,new_information,clean,"No way I should have written that -- squeezed that in. Let me try it so the count is n squared plus n minus one squared plus -- all the way down to one squared. That's a pretty decent count. Admittedly, we didn't catch e",
IiAjADve-ec,tv_series,44,0.3417,1.0,,off_topic,clean,"Fortunately, the only injuries you sustained were a slightly sprained ankle and a few other extremely minor cuts and bruises. There was some damage to our vehicle, but considering that you are from the village, and there",
vexARYQjdN8,podcasts,9,0.3451,0.7258,,useful_repetition,clean,"And see how you naturally get pulled forward when I slip the pressure. That's the basics of it. Now I have to get you to a point where you can't sprawl and lower your center gravity. So what I do for that is, when I lowe",
o0AMK3wFK9E,ted,117,0.3461,0.1578,,new_information,filled_pause,it's why aren't we why aren't why aren't we >> doing this you know >> and darling >> it was a gift to allow that story uh of Chicago house and the foundations and that story to be told on the stage I think was a treat th,
-QTkPfq7w1A,commentary,18,0.3472,0.5123,0.0,clarification,clean,"In fact, he predicted it over 20 years earlier. His name was Dietrich Braze, a German mathematician. And back in 1968, Braze was studying road networks. As part of his research, he imagined a scenario where drivers from ",
IiAjADve-ec,tv_series,12,0.3478,0.2713,,new_information,clean,"Why is that? -Everyone'll sail out if we can't fish. Then start selling jellyfish repellent to the tourists again. That was a great idea, it could've worked. Yes, it could have worked. You got caught, and so did you, Lui",
2IdtqGM6KWU,lectures,17,0.348,0.0462,0.0,new_information,filled_pause,okay okay those are topics that I wanted to uh just fill out the the previous lectures I'll ask one more Subspace question a more a more uh likely example suppose I'm in let me put put this example on a new board suppose,
IiAjADve-ec,tv_series,35,0.3487,0.1216,,new_information,clean,"She could've killed us. Oh, right, right, Carmelita? -Yes! -Come on, she loves me, man. Next time I get serious, I'm getting myself a girl with a car. Right. Will someone like that fall for you?",
MsIvs_6vC38,lectures,32,0.3508,0.1216,,new_information,clean,"That's, like, my point here. I can multiply these together to get a matrix E, but I want it over on the right. I want its inverse over there. So what's the right expression now? If I write A and U, what goes there?",
IiAjADve-ec,tv_series,38,0.3508,0.1216,,new_information,clean,"None of this would've happened if you'd taken that woman out. -There you are, Luis. -Carmelita, go, go! Come on! Look out! Oh my God. Is he dead? I don't know.",
4X16Iw5ST4Q,commentary,17,0.3524,0.0264,0.0,new_information,revision,and yeah their parents might yell at you but in the grand scheme of things that's not my problem how about we watch another scary one ever wonder what a bag of crack looks like in the last two years over 5000 people in c,
MsIvs_6vC38,lectures,17,0.3524,0.096,,new_information,clean,"Can I do it for a two by two first? Okay. Two by two, elimination. Okay, so I'll do it under here. Okay. So let my matrix A be --",
2IdtqGM6KWU,lectures,8,0.353,0.2875,1.0,new_information,repetition,okay so that's that's the final space I'm going to introduce I have a a couple of subspaces I can take their intersection and now I'm interested in not their Union but their sums so this would be the this is the intersec,
1NLoTuRR3hE,podcasts,16,0.3539,0.1578,,new_information,revision,"I know you're going to shoulder roll it and tell me California. >> Well, that's surreal. I mean, that's ridic I mean, that's something that even in those higher moments, not low moments, where I may have had a little bit",
iDtfzQnW-B4,commentary,54,0.3555,0.0678,,new_information,repetition,"With that gown, we could totally rehearse the wedding scene today! ♪ Baby are you down down down down down ♪ God I don't have enough diamonds. I'm going get an email from my business manager, and he's going be like, ""Hey",
MsIvs_6vC38,lectures,64,0.3575,0.115,,new_information,revision,"I mean, if I count them separately, I'd have a certain number of multiplies, certain number of subtracts. That's really want to do. Okay. How many have I got here? So, I think -- let's see. It's about -- well, how many, ",look at
2IdtqGM6KWU,lectures,16,0.3579,0.157,0.0,new_information,repetition,so they're all sort of natural ideas so rank four matrices or rank one matrices let me let me change that to rank one let me take the subset of rank one matrices is that a vector space if I add a rank one Matrix to a ran,
4X16Iw5ST4Q,commentary,15,0.3592,0.0264,1.0,new_information,repetition,i don't know what that means but i will dedicate the rest of my life to figuring that out yeah like i said this one stuck with me like more than any of them because it was like it was scary you know the the creepy scary ,
Aj0s9ztoKUc,entertainment,43,0.3592,0.1265,,new_information,clean,"Oh yes, that was Chase doing something to me. I thought I got wrap in me. I was just ribbing you. We are eating so much of this. Yeah.",
-QTkPfq7w1A,commentary,29,0.3595,1.0,1.0,discourse_filler,filled_pause,"Okay, I thought it was spam, so I didn't reply. Uh, and then I got a couple of emails and I felt bad and I thought, okay, I'd be nice and actually respond. I drafted up a little email, but once I hit send, suddenly my in",
iDtfzQnW-B4,commentary,63,0.3602,0.1216,,new_information,clean,That's the one constant thing with my character. I'm kissing fucking everybody dude. Yeah. Alright. (phone vibrating) Is there something you want to say Spencer?,
1NLoTuRR3hE,podcasts,178,0.3617,0.9227,,useful_repetition,filled_pause,"And for me politically, it's as I said, it's code red. not just the substance, the morality of it, but also the politics attached to it because the other parties weaponize this and it's it's multicultural. It's multi-thn",
Aj0s9ztoKUc,entertainment,48,0.3619,0.0707,,new_information,filled_pause,"I'm gonna eat a little bit more while you think. This could be a fusion thing. It could be like a chicken curry egg roll is what they would call it. Oh, you, uh, you're onto something there.",
IiAjADve-ec,tv_series,62,0.3631,0.9271,,useful_repetition,clean,"With my humble respect, sir, you're a fifth-generation dictator. -The people have no choice. -That is beside the point. The point is that as my father taught me, and his father before him, these are my people. I must be ",
MsIvs_6vC38,lectures,9,0.3644,0.0191,,new_information,clean,"Let me start from A, A inverse equal the identity. And let me transpose both sides. That will bring a transpose into the picture. So if I transpose the identity matrix, what do I have? The identity, right? If I exchange ",
IiAjADve-ec,tv_series,206,0.3667,0.9163,,clarification,clean,"I don't know their names. The one with no cojones is a fish. The other one, the stupid one, his tongue twists. Princessa, love is the only thing that can break the spell put in your father when your mother died.",
Aj0s9ztoKUc,entertainment,52,0.3671,1.0,,off_topic,clean,"Rhett, 4. I got scared for a second. Thought he had a gold chain. I got a flat one, Link.",
vexARYQjdN8,podcasts,6,0.3676,0.0719,,new_information,clean,"- Okay. - So it's very difficult for you, like, if you take a grip here on the side, and then you were to try to come in and split my legs, right there, you see how I can start to slide and there's a gap on this side. A ",
vexARYQjdN8,podcasts,4,0.368,0.075,,new_information,clean,"- The fundamental movement here is the splitting either the hips, or you're doing some-- - Leg to the outside. - You've just gotten really good at doing this step. - And generating power from it, where when I kick, like,",
1NLoTuRR3hE,podcasts,135,0.3685,0.157,,new_information,repetition,I I wish she could see my four kids. >> Yeah. Yeah. Yeah. Yeah. >> Come on. >> Yeah. >> I got sworn in as governor of California and my wife's there and we got a three-year-old.,
vexARYQjdN8,podcasts,10,0.3686,0.785,,clarification,restart,"- And then you're doing this big-- - Yes, so, typically if I find my point at the center, my foot starts there, and then I replace, and I slip, and then we come back out. If you're gripping and I'm holding your hand, whi",
Aj0s9ztoKUc,entertainment,77,0.3695,0.0965,,new_information,clean,"We've been told that we should just cut and eat. I'm trying to peek in here. Well, you've peeked. So, so inside of here we've got some minced meat, some sort of looks like an egg yolk. Is that a shrimp? And then some sor",
IiAjADve-ec,tv_series,104,0.3699,0.2713,,new_information,clean,"Am I driving too fast? I think I'll stay back here on the floor until you turn off the thrusters, yes? Just a tad? [Spanish spoken audio] Are you okay? I'm fine.",
3esF-pNAM9c,podcasts,6,0.3724,0.075,0.0,new_information,clean,and I can go into detail into these but these are what underpin all the negative consequences of glucose spikes so start with that first one okay the mitochondria so there's these little factories in your cells that are ,
ZL5LcsJGS5Y,tv_series,18,0.3741,0.1265,,new_information,clean,"""But whoever it is, they know us very well."" The sun disappeared behind the city skyline, leaving the warehouse in shadow once again. Serhat and Zeynep stood side by side, looking out the window at the darkening streets.",
9szhjhO9epA,commentary,2,0.3746,0.1216,0.0,new_information,clean,This is a video about the surprising genius of zippers. What is that? - This is a device that basically started it all. The idea was just to take a bunch of hooks and eyes and try to put them together in some fashion to ,
IiAjADve-ec,tv_series,16,0.3747,0.8254,,useful_repetition,clean,"-Just sign here. -The people are my responsibility, Piñeda. My wife and I made a promise to take care of them. -[Spanish spoken audio].",
3esF-pNAM9c,podcasts,0,0.3771,0.2875,,new_information,repetition,you're telling me that that will have an impact absolutely and the studies prove it it's an amazing ingredient that's been used for its health benefits for example it has impact on visceral fat and that belly fat yeah,
1NLoTuRR3hE,podcasts,184,0.3773,1.0,,discourse_filler,filled_pause,"I'm like, that's amazing. You're an expert. It was Israel for sure. No, it was inflation for sure. No, it was interest rates for sure. No, it was incumbency uh for sure. No, it was uh it was woke for sure. It was trans f",
MsIvs_6vC38,lectures,43,0.3775,0.1107,,new_information,revision,"Row three against column two, it looks like the minus five. What it's that ten. How did that ten get in there? I don't like that ten. I mean -- of course, I don't want to erase it, because it's right.",
4DfCXjwQBRA,commentary,22,0.3782,0.0719,0.0,new_information,clean,"- One day the partying stops? Say it ain't so mantis man. And finally, finally, there's rhino dude and he sucks. - [Narrator] Mick, a holistic health practitioner from LA.",
o0AMK3wFK9E,ted,94,0.3782,1.0,,off_topic,filled_pause,"And for those of you that don't know this, uh, Chicago is the proud birthplace of house music. All right. Yes. Now, we're going to hear from Darlene, who is a legend in Chicago.",
H5DhD5Nwl_0,ted,4,0.3801,0.0893,,new_information,clean,"It keeps the blood flowing by preventing platelets from clumping and plasma proteins from turning solid, while also dilating the pig’s vessels and dissolving existing blood clots. She laps the flowing blood, the notch in",
1NLoTuRR3hE,podcasts,105,0.3802,0.0339,,new_information,filled_pause,They were denied the ability to marry for only one reason. They were a same-sex couple. And uh we decided to test the law and was told that people found out and they were not going to allow us to move forward with the fi,
1wsF9GpGd00,lectures,3,0.3827,0.3391,,new_information,clean,"We can say that B is a strict subset of A, because B is a subset of A, but it does not equal A, which means that there are things in A that are not in B. So we could even go further and we could say that B is a strict or",
o0AMK3wFK9E,ted,32,0.3828,0.1265,,new_information,clean,The lights were brighter than I thought they were going to be. I'm feeling nervous because I have a really ambitious idea to attempt to deliver here and I really wish that I had more time to sit down and memorize every a,
MsIvs_6vC38,lectures,49,0.3832,0.0456,,new_information,clean,"Oh, I know that all this is going to be left, right? Then I have two one zero. So I get two one zero there, right? And what's the third row?",
Aj0s9ztoKUc,entertainment,49,0.3839,1.0,,off_topic,clean,"I'd go for Australia, if I were you. I'm losing too much. Well. That might be the reason to go take a chance. Yeah, it might be. Australia is a good guess. No, I'm thinking Egypt. You haven't been to Egypt. No, I haven't",
1NLoTuRR3hE,podcasts,106,0.3849,0.0205,,new_information,clean,They were going to do a temporary restraining order. I realized I was mayor. I could open city hall earlier. So we opened city hall at 8. We married Phyllis and Lion.,
MsIvs_6vC38,lectures,15,0.385,1.0,,off_topic,clean,"And please don't. We'll be beyond that, but it's the right algebra to do first. Okay. So, now I'm coming near the end of it, but I want to get it in a decent form. So my decent form is matrix form. I have a matrix A, let",
MsIvs_6vC38,lectures,55,0.3856,0.0965,,new_information,clean,"What's great is when we put them on the other side -- their inverses in the opposite order, there the L comes out just right. Okay. Now -- oh gosh, so today's a sort of, like, practical day. Can we think together how exp",
4DfCXjwQBRA,commentary,33,0.3857,0.075,0.0,new_information,clean,It's time for the second date. Dominic is first. So we're at least spared the rhino man for a little while. - I wouldn't say I have tactics to win.,
IiAjADve-ec,tv_series,80,0.3871,0.0337,,new_information,clean,"Yes, it's easy for you to say. Rogelio, may I call you Rogelio? Please, sir, you can call me anything you want. Sir, you're El Comandante, right? Thank you, Rogelio.",
iDtfzQnW-B4,commentary,76,0.3874,0.1265,,new_information,clean,"Yeah, leave a comment suggest some other similar games like this that I can play once this series is over maybe. Press subscribe button, because as soon as you press the subscribe button, you become a valued citizen of K",
1NLoTuRR3hE,podcasts,246,0.3882,0.1602,,new_information,clean,"What more evidence do you need? He's quite literally they're so concerned about taking over the House. Now, Democrats were on path to do it. They have to re-rig the game.",
IiAjADve-ec,tv_series,64,0.389,0.2803,,new_information,clean,"From today, no one's allowed to bring me bad news before twelve o'clock. -Yes, sir. -No.",
o0AMK3wFK9E,ted,93,0.3905,1.0,,discourse_filler,filled_pause,"Uh and I just I feel like I was remembering uh all the tips that I had along the way. I had the clicker in the wrong hand, but it was cool. >> Next up is Chicago's very own Queen of House music.",
Aj0s9ztoKUc,entertainment,3,0.3919,0.0268,,new_information,clean,"To enter, head over to Mythical.com and snag a golden tee just like this one that Link is wearing for a chance at winning one of three winning tees. Okay? But you know what? Don't take our word for it, listen to these gu",
IiAjADve-ec,tv_series,60,0.3919,0.1216,,new_information,clean,"The last thing we need right now is for people to think that El Comandante's daughter has run one of them over. -That would invite… -Invite him to dinner. Dinner? Dinner! Surely, you've heard of it.",
IiAjADve-ec,tv_series,46,0.392,1.0,,off_topic,clean,"This may help to recover part of my very high lost income and feed my many people, at least for today. What really worries me is… -Are you all right? -Yes. Not counting my back, of course.",
4X16Iw5ST4Q,commentary,28,0.3926,0.0193,1.0,new_information,filled_pause,it's just common courtesy okay uh thank you so much current for sponsoring this video and so many others in the past hope you check them out because it helps me out a bunch when you guys check out the sponsor so everybod,this video
6HVYHNTDOFs,commentary,37,0.3936,0.1216,0.0,new_information,clean,"But, notice that this process is completely reversible. If the piston is released, the high pressure air pushes the piston back until the pressure equalizes. So now, when one of the molecules bounces off the piston, it l",
o0AMK3wFK9E,ted,62,0.3959,1.0,,off_topic,clean,"You have to figure out every little detail of how the host interacts with the parasite that triggers the parasite to feed. And if you don't, they just die. And look, for several months, these parasites dying was my entir",
IiAjADve-ec,tv_series,11,0.3965,0.9127,,clarification,clean,"You can barbecue him, you can even chop him up into pieces and put him in with your rice. -There's 1000 ways. -Are you done? -Yes. -Okay. Look, if you ask me, I think we should all learn shipbuilding.",
MsIvs_6vC38,lectures,33,0.3968,0.0719,,new_information,clean,"Okay. So I've got the inverse of this, I've got three matrices in a row now. And it's their inverses that are going to show up, because each one is easy to invert. Question is, what about the whole bunch?",
1wsF9GpGd00,lectures,10,0.3978,0.0191,,new_information,clean,"They're note quite exactly the same thing. But we know already that we could also write that A is a strict superset of B, which means that A contains everything B has and then some. A is not equivalent to B. So hopefully",
1NLoTuRR3hE,podcasts,121,0.3978,0.7168,,useful_repetition,clean,"I called my sister. I'm like, ""What the hell is this?"" She goes, ""She's crying."" And she said, ""She just told me she's going to do an assisted suicide because it's so bad."" She left a voicemail. And so that next week I w",
53T5eYxGf3I,ted,0,0.399,1.0,,off_topic,restart,[Music] hi my name is marchan farmer technologist I was born in Poland now in the US I started a group called open- Source ecology we've identified the 50 most important machines that we think takes from Modern Life to e,
3esF-pNAM9c,podcasts,36,0.4003,0.1578,0.0,new_information,revision,but I won't eat until what 400 p.m. 5:00 p.m. which will be probably you know after I get back to the office and stuff like that you feel good I feel fine so that's the thing right my recommendation is if you feel great ,
1NLoTuRR3hE,podcasts,57,0.401,1.0,,off_topic,filled_pause,"You get the vibe. This is uh this is my father trying to insert. So, Irish Catholic family. My dad went to Catholic schools and so by definition, I went to Catholic school. My mother who loved the sailor outfits, kneeh h",
AeGEv0YVLtw,commentary,23,0.4018,1.0,,discourse_filler,restart,"There was actually this one really funny moment, when I moved out of the flat months after the breakup I had to get rid of this Ikea Trysil wardrobe. And when she first moved in I spent all day building the thing so she ",
iDtfzQnW-B4,commentary,62,0.4023,0.1265,,new_information,clean,"Sure. Orpheus I can't believe we're getting hitched. Outback Steakhouse, Outback Steakhouse I'll fuck it dude I'll kiss everybody.",
MsIvs_6vC38,lectures,11,0.403,0.0191,,new_information,clean,"So that's -- this equation is -- just comes directly from that one. But this equation tells me what I wanted to know, namely what is the inverse of this guy A transpose? What's the inverse of that -- if I transpose a mat",
IiAjADve-ec,tv_series,129,0.4032,0.0965,,new_information,clean,"I'll get you home. Oh, dear. Papa, I can explain. I don't want to hear anything you have to say right now. Margarita Tesoro, how could you make us worry like this? Sir, this was all my fault.",
1NLoTuRR3hE,podcasts,243,0.4033,0.2803,,new_information,clean,"That is not normal. And every day he's able to shapeshift and distract us to move someplace else. I've got a big announcement, huge announcement on Putin.",
o0AMK3wFK9E,ted,80,0.4035,0.1265,,new_information,clean,"Tip one, keep your questions short. 10 seconds or less. Long questions feel like a setup. Tip two, find the narrative. Get the story behind the belief. Help them talk about everyone's favorite subject themselves.",
4X16Iw5ST4Q,commentary,3,0.4039,0.0462,0.0,new_information,filled_pause,and yeah jacob made a video about these last year and a bunch of other people did as well but no one has the balls to make a video about it this year let's start off with one that uh really hits home for me [Music] yeah ,
IiAjADve-ec,tv_series,66,0.4043,0.2713,,new_information,clean,"Better make it closer to dinnertime. No, I can't do it today. No, I can not, I'm busy. No, it's too late. No, let's do something. Why don't we meet tomorrow?",
-QTkPfq7w1A,commentary,13,0.4045,0.0257,1.0,new_information,repetition,"When you cut the rope, each spring only extends by about half as far as before, which is why you can add so much slack on these black and red ropes to give the impression that the weight is going to fall down. When you c",
MsIvs_6vC38,lectures,73,0.4057,1.0,,off_topic,clean,"It's this order -- n cubed. It's like I have n terms, right? I've got n terms in this sum. And the biggest one is n squared. So the worst it could be would be n cubed, but it's not as bad as -- it's n cubed times -- it's",
IiAjADve-ec,tv_series,145,0.4062,0.0191,,new_information,clean,"I want to invite Rogelio to the party. -Why, Margarita? -I want to say goodbye. Please.",
IiAjADve-ec,tv_series,144,0.4072,1.0,,off_topic,clean,"-Yes. Why wouldn't I love him? Yes, then you will marry him. I just need to ask one thing. Anything, Mija.",
1NLoTuRR3hE,podcasts,113,0.4083,0.0893,,new_information,clean,">> Yep. So, you're contending with the woman in your life who's clearly had the most impactful role on shaping who you are and being there for you when the odds were against you and when no one else was. In the leadup an",
iDtfzQnW-B4,commentary,20,0.4087,1.0,,discourse_filler,clean,"Jesus. I'm always starving after a good cuddle sesh. Dig in, don't want it to get cold. You don't want this piping, hot, lemon, lime sandwich on white bread to get cold. Okay",
CcVMWwXOk8I,tv_series,11,0.4093,0.7386,,clarification,clean,"This delightful romcom follows Bar, a serious lawyer, an a joyful taxi driver whose parts cross after a mysterious accident involving his nephew. Their unlikely bond turns into a spark-filled journey of laughter and love",
IiAjADve-ec,tv_series,201,0.4096,0.2803,,new_information,clean,"I can pardon them, but I need your help with something else. Be careful of what you say. She's a high priestess. A great one. [Spanish spoken audio] You brought La Princesa.",
AeGEv0YVLtw,commentary,34,0.4101,0.2678,,new_information,revision,"Another risk along similar lines is that you might become what some psychologists might call ‘codependent:’ apparently it’s controversial whether there is actually such a thing, scientifically, but what I mean is - stric",
9szhjhO9epA,commentary,7,0.4104,1.0,1.0,off_topic,clean,"- [Gregor] See, one of the managers at the company had- - An absolutely drop-dead gorgeous daughter. (Gregor chuckles) And that daughter came into the eye of Gideon Sundback, and he was completely smitten. So he ends up ",
4EXVrzOACv4,commentary,23,0.4114,1.0,0.0,discourse_filler,clean,But also I am aware that there is a view of the world and an attitude towards food and a philosophy of food that is carried with that. It is not inherently good or bad but neither is it value neutral. Implicit in each is,
Aj0s9ztoKUc,entertainment,4,0.4118,1.0,,off_topic,clean,"Dost thou want to win $50,000? Yes, but how, my Lord? By removing thine sword? Squire, why don't you remove your sword from thine stump? Right away, milord.",
iDtfzQnW-B4,commentary,60,0.4121,0.047,,new_information,clean,"(suspenseful music) Okay bye, okay bye. Wow Kurtis, need something Gibbs. All right he should have like an Australian accent, right?",
4DfCXjwQBRA,commentary,10,0.4124,0.1663,1.0,new_information,clean,"- Side note, I hate the rhino guy and, but I will be talking about him later. Don't you worry your little head. Even right now, the trailer is sitting at a, you know, a healthy, like to dislike ratio, you know, and they ",
IiAjADve-ec,tv_series,93,0.4129,0.0191,,new_information,clean,"This is a refined game for refined people, that's it. No, silly, you just have to… Hey, listen, if you want to see the other side of the island, I'll take you. Wouldn't be proper, would it? Let's hope not. Margarita.",
6HVYHNTDOFs,commentary,28,0.413,0.3337,0.0,new_information,repetition,"- All kinds of rumors and jokes and cultural thoughts started to to crop up. And if you look at some of the most popular songs at the time, ""She Fell In Love with the Iceman,"" or ""The Iceman Took My Wife."" If you look at",look at
IiAjADve-ec,tv_series,43,0.4131,0.075,,new_information,clean,"I am Señor Piñeda. You were in a very minor car accident. Somehow, you stumbled in front of one of our vehicles. She had no intention of hurting you.",
IiAjADve-ec,tv_series,191,0.4132,0.1216,,new_information,clean,She killed Mr. Chunky. -It's not what you're thinking. -They should be thrown in jail. -Why? -Because they tried to steal your safe. -What?,
IiAjADve-ec,tv_series,135,0.4133,0.02,,new_information,clean,-You've confused her enough already. Margarita! Margarita! -Rogelio! -Tell them to let me go! Rogelio!,
4EXVrzOACv4,commentary,1,0.4141,1.0,1.0,off_topic,clean,"Since we want the final plating to be right-side-up, and we’ll be flipping them part way through the process, we’re thinking ahead here. Once they’re ready the first thing to do is put them into the microwave for eighty ",
1wsF9GpGd00,lectures,7,0.4141,0.075,,new_information,clean,"So once again, this right over here is false. Now we could have also added-- we could write B is a subset of C. Or we could even write that B is a strict subset of C. Now, we could also reverse the way we write this. And",over here
Aj0s9ztoKUc,entertainment,10,0.4143,0.1216,,new_information,clean,"Now, wraps can get a bad rap, but I love a good rap. That's, it's a confusing way to say that. Well, good, because confusion is part of my strategy. It's time for Where in the World Do These International Wraps Come From",
9szhjhO9epA,commentary,1,0.4144,0.0442,1.0,new_information,revision,"You probably used one 10 times today without even noticing, except the only time you do is when one breaks. I'll show you what to do when this happens, but what is actually going on inside this thing? I mean, obviously t",
AeGEv0YVLtw,commentary,40,0.4146,0.075,,new_information,clean,"Which is a joke, but it's also true. I do have flashbacks and nightmares and I am triggered occasionally and that can mess me up for a whole day, although it’s getting rarer, which is really nice. And sometimes having tr",
3esF-pNAM9c,podcasts,40,0.415,0.1578,0.0,new_information,filled_pause,you know we're all we're all stuck in this vicious cycle of having this toxic food around us that's making us sick but not understanding how to get out of it and everybody wants to be healthy that man he was eating stuff,look at
AeGEv0YVLtw,commentary,37,0.4156,0.1265,,new_information,clean,"I need a new philosophy. And it came as quite a shock to my Mum, who when it was all over and I told her said, “It’s hard to imagine you being terrified of anyone.” And that's fair, I’m a big strong guy. But that doesn’t",
1wsF9GpGd00,lectures,1,0.4163,0.2713,,new_information,clean,"So the first question is, is B a subset of A? And there you might say, well, what does subset mean? Well, you're a subset if every member of your set is also a member of the other set. So we actually can write that B is ",over here
4DfCXjwQBRA,commentary,57,0.4169,0.2803,0.0,new_information,clean,"The show itself, I can't really say I myself am not a spiritual cowboy, so I just couldn't be an honest judge of it but that's the video, baby. Thanks to and I genuinely have no idea how to pronounce this so please corre",
AeGEv0YVLtw,commentary,58,0.4185,0.7299,,clarification,clean,"This is Moscow calling On the 12th of April, the Soviet Union orbited a spaceship around the Earth with a man on board The astronaut is a Soviet citizen: Major Gagarin, Yuri Alekseevich"" <sick guitar and bass> ""Gagarin, ",
o0AMK3wFK9E,ted,78,0.4186,0.9831,,clarification,clean,"In other words, objectivity is an ability, not an identity. Hold it, Joshua. Hold it. Hold it. Learn without judgment.",
ZL5LcsJGS5Y,tv_series,19,0.4188,0.075,,new_information,clean,"Zeynep said quietly. Serhat took her hand, his grip steady. ""Then we get stronger."" In the distance, a phone screen lit up inside a parked car. A hidden figure watched the warehouse through binoculars and sent a short me",
1NLoTuRR3hE,podcasts,223,0.419,0.1216,,new_information,clean,"A war within. So, I say this very soberly and mindful of the moment we are in American history. >> Do you think he wants to see you fail?",
-QTkPfq7w1A,commentary,22,0.4201,0.1265,0.0,new_information,clean,"Well, not really. See, drivers like you are selfish and everyone wants the shortest possible travel time, which means everyone starts flooding the narrow city streets. As drivers switch to this new shortcut, the narrow s",
o0AMK3wFK9E,ted,14,0.4207,0.6948,,clarification,clean,"I'm realizing that a larger audience could also be served by having this information. And as I can tell you, fear and lack of imagination make for lousy guiding principles in science. You really nailed it. So good. So go",
3esF-pNAM9c,podcasts,99,0.4215,1.0,1.0,discourse_filler,filled_pause,so now now I protect protect myself you know I don't read anything and my team filters stuff to me that's important and uh all in all like the the quote unquote attention I just keep coming back to the fact that you know,
-QTkPfq7w1A,commentary,10,0.4219,0.02,0.0,new_information,clean,Look at what happens when you remove the slack side ropes from the initial setup. You're left with this a mass hanging from a spring hanging from another spring. So these springs are connected in series. Obviously when y,look at
IiAjADve-ec,tv_series,223,0.422,0.4065,,new_information,clean,"Margarita, oh, you are a hero to my people. -Are you okay? -She's crazy, man. -Is he dead? -Yes. Arrest him!",
o0AMK3wFK9E,ted,60,0.4222,0.1265,,new_information,clean,"But as it turns out, the right skill set for understanding that complicated subject was curiosity co-mingled with empathy. See, our bees are dying rapidly. And at the center of the problem is veroa, this tiny tick-like m",
H5DhD5Nwl_0,ted,6,0.4244,0.0352,,new_information,clean,"Dodging its trampling hooves, the vampire bat propels herself back into the night air. She tries to feed again, but each interruption puts her at greater risk. Thankfully, she doesn't live alone, and even though it's a c",
IiAjADve-ec,tv_series,49,0.4244,0.924,,useful_repetition,clean,"I will need you to sign this waiver. Señor Piñeda, I'm sure he's a very honest person. He knows I didn't mean him any harm. Will I be seeing you again? -No.",
4DfCXjwQBRA,commentary,16,0.426,0.0719,0.0,new_information,clean,"And now this brings me back to my earlier point. What is a beast? What is a beast? Because when it gets too close to humanoid, I start to get grossed out. Rhino man here is fine. Mantis guy looks nasty but he's definitel",
IiAjADve-ec,tv_series,148,0.4266,1.0,,redundant_repetition,clean,"I say we go. Let's do it for the people, man. We'll take a bucket of water, wouldn't that be great? We'll take a bucket of slimy, polluted water, dump it into their fish ponds. Yes, then that way, they can stick their ha",
ZL5LcsJGS5Y,tv_series,2,0.4269,0.9127,,clarification,clean,"Kader stepped out of the room, rubbing her eyes. ""Why are you both awake?"" she asked sleepily. Zeynep quickly forced a gentle smile and knelt beside her. ""Everything is okay.",
AeGEv0YVLtw,commentary,30,0.4288,0.8254,,useful_repetition,clean,"And in my experience that's true, cause I rationalised it. I rationalised it and I didn’t realise what that was costing me, cause in the end the only rationalisation that made sense was that I deserved it. We stayed toge",
3esF-pNAM9c,podcasts,93,0.4293,0.049,0.0,new_information,clean,so it would just make me have a bit of brain fog I would not think Super clearly but yet every night when I went to bed I would be dreaming about my flat white in the morning and it was something I really wanted to solve,
IiAjADve-ec,tv_series,125,0.4324,0.1663,,new_information,clean,"When you didn't hit me at the fishpond. At Arturo's. On the dance floor. Show me, Rogelio. Like them.",
iDtfzQnW-B4,commentary,49,0.4338,0.0965,,new_information,clean,"(laughs) I imagine though, if you go see a play and you didn't like that part, you can go, hey, hold on timeout! You're telling me Romeo and Juliet died? Nope. It's going to be way flame-emoji, heart-eyes-emoji. Okay, no",
3esF-pNAM9c,podcasts,26,0.4344,0.0049,0.0,new_information,repetition,no if you want sugar have it as dessert after a meal after lunch or after after dinner because after your lunch and after your dinner you have lots of food already in the digestive system so any sugar you put in afterwar,
o0AMK3wFK9E,ted,125,0.435,0.1218,,new_information,clean,"But right now, I'm going to go sit somewhere, play Hell Divers 2, order a big pizza, and go to the gym, and try to act like nothing happened today. I'm grateful. I'm blessed. And I'm humbled. >>",
IiAjADve-ec,tv_series,184,0.4353,0.2713,,new_information,clean,"Ask your father about what he's doing to the water. Why they're telling us it's polluted and keeping us from fishing, but guess what? They're not. The water's fine. Listen, I went swimming yesterday. -What?",
1NLoTuRR3hE,podcasts,210,0.4355,0.1578,,new_information,filled_pause,"Um, you know, the the sort of John Meechum language, you know, the soul of America is is is is struggling. And I really worry about our institutions. I worry about our democracy. I worry about neighbors turning on neighb",
1NLoTuRR3hE,podcasts,151,0.4365,0.1578,,new_information,revision,">> Well, I mean, divorce, you lose your mom, divorce, dealing with a new job, dealing with high-profile decisions that became very national. All of a sudden, I'm, you know, punching above my weight as a young elected off",
Aj0s9ztoKUc,entertainment,24,0.4374,0.1265,,new_information,clean,"He thought he was Scottish, so he doesn't know jack. Okay. That's pretty close. I think that there's one country where they take something that's good",
6HVYHNTDOFs,commentary,5,0.4377,0.02,0.0,new_information,clean,"(pensive music) Today, we know that ice wouldn't have saved his brother's life because he likely suffered from a rare case of bone tuberculosis. But at the time, Tudor believed that it was the lack of ice on the islands ",
iDtfzQnW-B4,commentary,50,0.4381,0.6638,,new_information,clean,Oh my gosh. Lightning-emoji. Do you want to come over to my house and watch the wizard-emoji? Cup-emoji of fire-emoji? Can you take Chris Phucker tonight?,
1NLoTuRR3hE,podcasts,203,0.4384,0.1197,,new_information,repetition,>> Because even the crazy thing I I observe about Trump is even the imperfect things he says that would once upon a time have revolted on people and would have had adverse reactions. The fact that he's willing to say the,
IiAjADve-ec,tv_series,140,0.4385,0.9729,,clarification,clean,"I pick these for you. Oh, Margarita. Mija, I have disgraced our family's name. No, it's not possible.",
MsIvs_6vC38,lectures,10,0.4404,0.6948,,clarification,clean,"It doesn't know the difference. If I transpose these guys, that product, then again it turns out that I have to reverse the order. I can transpose them separately, but when I multiply, those transposes come in the opposi",
o0AMK3wFK9E,ted,24,0.4411,0.1663,,new_information,clean,Your talk benefits so much from just you going slow and letting like the things just sit with us. >> The environment is so supportive. I think that everyone here is here to lift each other up. And so to get that kind of ,
4X16Iw5ST4Q,commentary,6,0.4432,0.7466,1.0,clarification,filled_pause,oh yeah all the time girls just like chase you and kiss you okay yeah literally like every day and they say how ugly you are while they do it the [ __ ] and this is kind of [ __ ] up too because it's like kind of like on,
o0AMK3wFK9E,ted,88,0.4435,1.0,,off_topic,clean,"And as you can see, we have abused this bug. Its protective layer is dissolving. Its insides are exploding. Within days, the creature conservancy started pebbles on a treatment of peromy.",as you can see
IiAjADve-ec,tv_series,15,0.4437,0.1216,,new_information,clean,"What is this? It's the… help… we agreed on for the village. Yes, sir. [Spanish spoken audio] Are you sure? -The language is… -Lawyer, sir. Lawyers, I agree. -They make everything more complicated. -It's confusing. Sir.",
o0AMK3wFK9E,ted,23,0.4485,1.0,,off_topic,clean,">> I got some good feedback on some things I could adjust in my talk, which was very helpful. So, rehearsals were fantastic. Yeah, >> out of all the cities, definitely this is one of our strongest lineups. And what made ",
o0AMK3wFK9E,ted,119,0.449,0.9163,,clarification,clean,">> Deliberation complete and decision made. And for one lucky speaker, their lives are about to be changed forever. Y'all, what we witnessed was so extraordinary. You guys all took the stage. You all moved people. You ch",
1NLoTuRR3hE,podcasts,163,0.451,0.075,,new_information,clean,And there's a blind spot that I keep seeing in early stage founders. They spend very little time thinking about HR. And it's not because they're reckless or they don't care. It's because they're obsessed with building th,
4IenX7OHumk,tv_series,5,0.4516,0.3337,0.0,new_information,repetition,[Music] While others starve Saba's [Music] Ingenuity keeps her in the game [Music] [Music] only a fool comes between a queen and her [Music] pride matsumi is King is coming [Music] the nomads are banished lucky to be ali,
1NLoTuRR3hE,podcasts,165,0.4537,1.0,,off_topic,clean,"It grows with your small business from startup through to growth, even when you start hiring team members abroad. So, if you want HR support that's there through the exciting times and the challenging times, head to just",
4DfCXjwQBRA,commentary,37,0.4541,1.0,1.0,discourse_filler,clean,"Did that happen in that movie? Who's to say? - You actually want me to slide down a bowling alley? - Yeah, what's wrong with that? Like balls go down, so like we can go down too. - So, the problem with that argument is t",
IiAjADve-ec,tv_series,102,0.4541,0.0719,,new_information,clean,"Do you think this bump is big enough? Yes, look, I was snooping around a little. I came across this safe, and… Hi, it's Margarita, may I come in? Yes.",
1NLoTuRR3hE,podcasts,227,0.4546,0.3251,,new_information,filled_pause,"Completely made 100% made it up and then federalizes the guard. Um, it's uh it's a game. It's a show. It's a dangerous game and it's a very exhausting show and it's becoming derivative and uh and more dangerous. >> Isn't",
iDtfzQnW-B4,commentary,9,0.4565,1.0,,discourse_filler,clean,Okay so this is a flashback I think Tony it's so not just one night. It's every night. God I wish you'd never play football again. (crash),
o0AMK3wFK9E,ted,65,0.4575,0.0205,,new_information,clean,"It's got so much energy. When I imagined myself as one of these mites, I realized that my world was only smell, taste, and touch. And so I took this really thin membrane that felt like bee skin and rubbed it up against a",
Ff7J-ERl8o0,entertainment,14,0.458,0.0252,,new_information,repetition,"What are the qualities that distinguished Philly's hip-hop scene at that time? Like, how was it different from what was going on in like New York or Los Angeles? We were in the shadow of, you know, one of the major sort ",
1NLoTuRR3hE,podcasts,202,0.4583,0.2678,,new_information,filled_pause,"Sometimes I question that because people want you to be your authentic self, but they're like, ""Well, don't swear as much or be your authentic self, but don't be so emotional or be your authentic self, but there's a but.",
4EXVrzOACv4,commentary,17,0.459,0.1265,0.0,new_information,clean,And now what I’m going to do is trim and clean these cuts in a way that you might see them in a butcher’s shop.” This video in particular is fascinating to me because while a general audience can follow the subject matte,this video
3esF-pNAM9c,podcasts,88,0.4628,1.0,0.0,discourse_filler,clean,so you know lemons they're really yellow yeah okay so the reason they're yellow is because of the substance called aroc citrin it's an antioxidant it's really good aroc citrine has been discovered by scientists to be rea,
IiAjADve-ec,tv_series,139,0.4645,0.2803,,new_information,clean,"I do not mean to speak unkindly, but this has never happened. You just took the car. We had no idea where you were. I don't even know how to think about it. I don't want to fight with you, Papa.",
1NLoTuRR3hE,podcasts,7,0.4662,0.7925,,clarification,filled_pause,"She's going to do an assisted suicide. And uh I was holding her hand. She's and her last breath. But look, everything that finds the best of me, grit, hard work is reflected in her. And that led to me sitting here with y",
IiAjADve-ec,tv_series,33,0.4667,1.0,,discourse_filler,clean,"You better get this out of your system right now because once you're married to Manolo, it's going to be a diamond leash, girl. -What's that supposed to mean? -Look out! -[Spanish spoken audio]. -Oh, sorry.",
6HVYHNTDOFs,commentary,20,0.4686,0.075,0.0,new_information,clean,"The reason demand wasn't picking up was because the people of the West Indies didn't know what to do with ice. So, all he had to do, he reasoned, was make them understand by offering them some refreshing drinks. (beverag",
4EXVrzOACv4,commentary,4,0.4711,1.0,0.0,off_topic,clean,"And, again, it’s easy to see why. Food is one of the few truly universal things, everyone needs to eat, but it’s also highly localized, highly cultural, and, yes, highly political. What you eat says a lot about where you",
6Sx_hLPFwU8,lectures,5,0.4711,1.0,,discourse_filler,repetition,okay so those one or two that jump zero they pull the mean in that direction okay remember the outliers so if there's one or two that jump zero those are going to be outliers because most of them jump median distances th,
o0AMK3wFK9E,ted,67,0.4715,1.0,,discourse_filler,repetition,">> Right. I mean, >> but consider this. That study critical for saving the bees almost didn't happen because of how we have intentionally structured science. All of the policies that allowed me to be booted from my progr",
6HVYHNTDOFs,commentary,17,0.4725,0.0272,0.0,new_information,clean,"We hope this will not prove a slippery speculation."" After nearly three weeks at sea, Tudor's ship arrived, and to his relief, around half of the ice had survived the trip. But there was a problem. His brother and cousin",
Aj0s9ztoKUc,entertainment,35,0.4726,0.1197,,new_information,filled_pause,"It needs to be in our lives and mouths constantly. I just dropped a bunch of it in the thing. Hmm. Hmm. It's hot. It's interesting, the fact that it's got that sweetness on the outside. Yeah.",
-QTkPfq7w1A,commentary,6,0.4735,0.0191,0.0,new_information,clean,"Here's a closer look at the setup. You have a spring hanging from a hookup here. And then via this green rope, it's connected to another spring that's carrying this weight below them. There are two extra ropes here as we",look at
3esF-pNAM9c,podcasts,67,0.474,0.0478,0.0,new_information,clean,yeah so this fat you know I can grab visceral fat is underneath my muscle layer and you would know if somebody has visceral fat if they have kind of a big hard belly have you ever seen that and they just kind of but if y,
H5DhD5Nwl_0,ted,3,0.4757,0.9163,,clarification,clean,"And she finds a spot where she’s less likely to get caught, protecting herself from possible reprisal— and from starvation as she races the clock. She delicately pierces the pig’s skin with her curved, razor-sharp inciso",
3esF-pNAM9c,podcasts,104,0.4782,1.0,1.0,off_topic,revision,Stephen I didn't say a [ __ ] word and he said that to me yeah I mean it's what I took from what you said is just how a total stranger sing a couple of words can really have such a tremendous impact like I interpret it a,
iDtfzQnW-B4,commentary,2,0.4788,0.1265,,new_information,clean,"Okay before we get into the video really quick, got new merch, it's all Kurtis Town Kottage themed, its we're having a Kurtis Town Kottage summer. We got T-shirts, we've got tie dye hoodies, we got bucket hats. We have K",
ZL5LcsJGS5Y,tv_series,12,0.4794,1.0,,discourse_filler,clean,"For the first time, the danger felt closer than ever. It wasn't just outside anymore. It might already be inside their circle. Later that day, Serhat met an old contact in a crowded cafe.",
1NLoTuRR3hE,podcasts,19,0.4804,0.0949,,new_information,repetition,"I mean, that's that's fate will determine. >> I I I totally understand that. But I but I want to just get clear on one thing which is you would be honored to play the role as president of the United States",
2IdtqGM6KWU,lectures,2,0.4814,0.157,0.0,new_information,filled_pause,but I'm not multiplying matrices I'm just adding so I'm fine these this is a Subspace similarly if I add two upper triangular matrices I'm still upper triangular and uh that's a Subspace now I just want to take these as ,
1NLoTuRR3hE,podcasts,26,0.4819,1.0,,off_topic,clean,"I don't know where that takes me, but I know I have a responsibility over the next 18 months and I'm going to run the 110 yard dash. I'm not going to I'm not going to run the 90 yard dash on the way out of here. And so t",
IiAjADve-ec,tv_series,89,0.4827,0.2713,,new_information,clean,"[Spanish spoken audio] If you want to fish, shouldn't you use a rod and reel? I have quick hands, you should see me play cards. -It's nice to see you feeling better.",
3esF-pNAM9c,podcasts,76,0.4831,1.0,0.0,discourse_filler,filled_pause,hey anytime there's sugar in a product that's dessert that's not real food we have to give people access to food so many people live in food deserts and all they have is soda and processed frozen meals it's it's a global,
1NLoTuRR3hE,podcasts,81,0.4837,1.0,,discourse_filler,repetition,"He goes, ""Well, your champagne, I just asked her to marry down the block at the Palace of Fine Arts >> and we love the champagne and I just want to say thank you. You were so nice to me."" >> I remember literally sitting ",
o0AMK3wFK9E,ted,69,0.4863,0.075,,new_information,clean,"And as Mama Ramsay will tell you, people fear what they don't understand. And as I can tell you, fear and lack of imagination are lousy guiding principles in science. Thank you.",
4DfCXjwQBRA,commentary,30,0.4876,0.7954,0.0,clarification,clean,"- I don't know, what did he say? - How can you breathe with that small thing? - His Wiener. (host fake laughing) - So after the first dates, they do a little check-in with the contestants and see how they're feeling.",
ZL5LcsJGS5Y,tv_series,15,0.488,1.0,,discourse_filler,clean,"Each bounce echoed like a warning. The past she tried to bury wasn't just returning, it was knocking on the door. That evening, Serhat returned, his face serious. ""We're running out of time.""",
o0AMK3wFK9E,ted,21,0.4892,0.0678,,new_information,filled_pause,"That was just beautifully delivered. >> I tie this around. Oh my gosh. I need to practice this. Uh yeah, >> you got >> rehearsals are never perfect. You're never going to have the perfect talk and I've learned a lot. I s",look at
1NLoTuRR3hE,podcasts,67,0.4919,0.0949,,new_information,revision,"I mean, there's nothing linear about our lives. It's fail forward fast, miss 100% of shots you don't take."" So you were giving employees $500 to if they failed. >>",
o0AMK3wFK9E,ted,8,0.4924,0.2803,,new_information,clean,"It's that whole tree falling in a forest thing. No, it doesn't make a sound if no one's there to hear it. A speech given to an empty room, you might as well just shut up cuz there's nothing happening. It is time for us t",
IiAjADve-ec,tv_series,75,0.4934,0.0999,,new_information,clean,"-El Comandante. -El Comandante. When I found out my Margarita had been in an accident on the other side of the island, I was… -A very minor accident.",
1NLoTuRR3hE,podcasts,83,0.4941,0.1265,,new_information,clean,"Magic, man. That's that's it. To your point, I thought, ""This is it. This is my bliss. This is I'm going to keep doing this forever."" And then I got a damn call from the mayor of San Francisco. >>",
IiAjADve-ec,tv_series,117,0.4957,0.5503,,new_information,clean,"Carmelita, stop. -Do you want to dance? -No. There you go, Rogelio, grind it!",
o0AMK3wFK9E,ted,98,0.496,0.075,,new_information,clean,"In Chicago's basement, warehouses, and gymnasiums, house music was forged with resistance, resilience, and ingenuity. >> She's a little more nervous. I can feel it.",
1NLoTuRR3hE,podcasts,116,0.4968,0.3351,,new_information,repetition,"something I think about. You know, there there's days where I'm like I go, ""She told me so."" You know, when you're sitting there facing a recall, you're like, ""Told you."" So, >> a recall for anyone that doesn't know is >",
2IdtqGM6KWU,lectures,18,0.4982,0.3479,0.0,new_information,clean,so I just want to consider that bunch of vectors is it a Subspace first of all it is a Subspace it is a sub space what's how do we see that it is a Subspace I formally I should check if I have one vector that with whose ,
1NLoTuRR3hE,podcasts,254,0.4984,0.738,,clarification,filled_pause,That's why my party needs to own up to that. And u this is existential. We need to do better and we need to I'm uh that's correct. Are you fa are you faithful hopeful that the Democratic party are going to wake up in tim,
1NLoTuRR3hE,podcasts,134,0.5005,0.1216,,new_information,clean,"When you're later, you win the race to become governor of San Francisco. Do you think about her? Do you think Do you wish she could have seen >> Yeah.",
1NLoTuRR3hE,podcasts,84,0.5018,0.1216,,new_information,clean,"Can I just ask you on that question? When that guy came in with his fiance, why was it so meaningful to you? I can literally still see the emotion in your face some 20 years later. >> Because what I did had meaning. It m",
1NLoTuRR3hE,podcasts,220,0.5023,1.0,,off_topic,clean,He can say and do whatever the hell he wants. And there's no oversight. There's no advise and consent. There's no co-equal branch of government. Speaker of our House of Representatives completely abdicated that. The ques,
o0AMK3wFK9E,ted,81,0.5041,0.7258,,useful_repetition,clean,"And third, don't agree, just acknowledge. Hey, I know this was a tough conversation, but you leveled with me. So, thank you. >> If you're going to write a book on how to give a talk, I think you could study this one. It'",
Aj0s9ztoKUc,entertainment,84,0.5054,0.1578,,new_information,repetition,"It's gotta be an Asian country or a place where this is taking hold. Because you got. Yeah. I mean, I have some ideas, so speak freely. This pork, it tastes like that, um.",
MsIvs_6vC38,lectures,37,0.5086,1.0,,discourse_filler,clean,"Let me take a typical case. So let me -- I have to do three by three for you to see the improvement. Two by two, it was just one E, no problem.",
IiAjADve-ec,tv_series,9,0.51,0.1216,,new_information,clean,"A year ago, you could eat them, which means you could sell them. Go and look for a job. Where's there to get work on this island? We are surrounded by an ocean, and we're not allowed to fish.",
ZL5LcsJGS5Y,tv_series,11,0.5109,0.1602,,new_information,clean,"Zeynep's voice trembled. ""You think someone we trust is helping her?"" Serhat nodded slowly. ""It's the only explanation."" Fear spread through the room like smoke.",
-QTkPfq7w1A,commentary,54,0.5129,0.854,1.0,useful_repetition,repetition,"Could it be easier to install a system like this where you're actually moving the resonance instead of like a whole tune mass damper or or something like that? Yeah, I think this solution is still very complex. It's very",
IiAjADve-ec,tv_series,193,0.5133,0.9729,,clarification,clean,"The plan was fail proof. Hey, don't touch me. I didn't do anything, I'm just a cook. Rogelio, I'll be outside.",
1NLoTuRR3hE,podcasts,224,0.5135,1.0,,redundant_repetition,clean,>> I think he wants to take me out and down at the same time. I think he enjoys the sparring with me. I think he I think he thrives on it. I know he does. >> Cuz he calls you Gavin New Scum. Yes. >>,
iDtfzQnW-B4,commentary,34,0.5152,0.6852,,clarification,clean,"I want to keep those memories buried forever. From this moment forward. I'm leaving that night behind me. - (books sound) Books. - Leah, Leah! Where'd you go?",
Ff7J-ERl8o0,entertainment,4,0.5153,1.0,,discourse_filler,repetition,"You know what I mean? Before we had even put any any music out. We always sort of had the idea that, you know, we were going to break through above and beyond the Philadelphia sort of, uh, you know, ceiling. What gave yo",
o0AMK3wFK9E,ted,112,0.5156,0.0478,,new_information,clean,"Okay. Dr. Sammy, >> the stage presence was incredible. You can hear the audience, you know, commenting as if they were talking to him one-on-one. They were all making noise. He They gave him a standing ovation. He did wo",
Aj0s9ztoKUc,entertainment,86,0.5158,0.8335,,new_information,clean,"Yeah, it's, it is Thai like with the. So. With the carrots, the crunchy. Now you've been to Thailand?",
ZL5LcsJGS5Y,tv_series,4,0.5158,1.0,,redundant_repetition,clean,"Serhat placed the envelope on the table between them. ""We need to think clearly."" he said. ""Berak wants us divided. That's why she pushed you to stay silent.""",the table
1NLoTuRR3hE,podcasts,143,0.5167,1.0,,discourse_filler,repetition,">> I think there was a a magazine, The Economist did a headline said, ""Young man in a hurry, he wants to be governor."" Seriously. And it wasn't question mark. It was more There we are. It was more like like he's serious.",
1NLoTuRR3hE,podcasts,240,0.5182,1.0,,discourse_filler,revision,"Do you think he would stay for a third, fourth time? >> Yeah. I mean, he I think he's the guy that tried to wreck this country, try to light our democracy on fire.",
-QTkPfq7w1A,commentary,2,0.5189,0.1265,0.0,new_information,clean,"The amount it shoots up is tiny. But the physics behind it is so counterintuitive, nobody thought it was possible. It feels like it violates physics. That's why it's fun. The paradox that controls this mechanism governs ",
-QTkPfq7w1A,commentary,40,0.5211,0.259,0.0,new_information,repetition,Call it counter snapping. Imagine that gust of wind blows under your umbrella but instead of flipping out your umbrella suddenly closes in. Or you try to pull apart a straw and the joints suddenly contract. The wind is p,
-QTkPfq7w1A,commentary,51,0.523,0.2803,0.0,new_information,clean,"Like it gets stronger and stronger, and then it just locks it out. Yeah. Yeah. That's cool. The same happens in reverse. If you vibrate the robot hand at 6.4 hertz, the mechanism is quickly going to switch back to its or",
MsIvs_6vC38,lectures,77,0.5231,1.0,,off_topic,clean,And algebra is discrete. Okay. So the answer is one third n cubed.,
1NLoTuRR3hE,podcasts,103,0.5249,0.1216,,new_information,clean,"It was literally that moment that I walked outside, used that cell phone, called my chief of staff, and said, ""We need to do something about it."" He goes, ""What do you mean?"" And I said, ""Well, I'm gonna come back tomorr",
Aj0s9ztoKUc,entertainment,7,0.5261,0.0345,,new_information,clean,"If thou received a gold, silver, or bronze shirt, thou shalt be showered in riches. Is there any legal information we need to know? Must be legal resident of US or Canada. 18 years or older.",
9szhjhO9epA,commentary,11,0.5261,0.1265,0.0,new_information,clean,"That's it. See, as you zip up, the Y-shaped cavity tilts the teeth at just the right angle so that the tooth has enough space to slot into its groove without bumping into the tooth above. And as you zip down, this wedge ",
3esF-pNAM9c,podcasts,41,0.5268,0.0707,0.0,new_information,repetition,yeah well we'll make sure that they eat healthy later we just need to make sure they eat something now listen we used to think type two diabetes was a disease is reserved for adults and now 5-year-olds get it it's very i,
1NLoTuRR3hE,podcasts,22,0.5274,0.8403,,clarification,repetition,"I don't need to be something to do something. Yeah. For me, it's it's it's a it's you've got to I mean, I got to feel it. It's got to be in my my core, my soul. It's got to be a burning need and desire to be accountable ",
AeGEv0YVLtw,commentary,13,0.5277,0.2803,,new_information,clean,"That's not real! It’s just a joke for my trans audience. But I said when I get suicidal I feel big and clumsy, oafish, fat. I have a recurring fear that when I turn round in a crowded public space I'm gonna bump somebody",
1NLoTuRR3hE,podcasts,253,0.5278,1.0,,off_topic,clean,And I imagine that may satisfy him as long as he gets his person in to replace him so they can continue that griff going forward. > > The American people elected him. They said that's our guy. >>,
IiAjADve-ec,tv_series,204,0.528,0.8188,,useful_repetition,clean,"My father? I'm old, very old, Princessa. Too old and dried up for the magic you need. Why did you bring her? I can't do anything for her father as long as you obey them.",
3esF-pNAM9c,podcasts,97,0.528,1.0,1.0,discourse_filler,filled_pause,um but maybe we're not focusing don't you think it disconnects you a little bit from yourself maybe that's the downside that you're you're less grounded you're less in your body you're a bit less authentic to you you get,
4X16Iw5ST4Q,commentary,21,0.5289,1.0,1.0,discourse_filler,filled_pause,but you find me when you need more the choice is yours what do you think nah this joke's not worth the time a message from consume children's advertisers holy [ __ ] dude okay point proven got it always ask to see a guy',
o0AMK3wFK9E,ted,107,0.529,0.1265,,new_information,clean,I don't think I've been that encaptured for an hour and a half straight in a really long time. I loved it. I felt genuinely inspired. I had full body goosebumps after every single one. >> They were all really good.,
Ud6JonLO29o,commentary,5,0.5292,0.0257,,new_information,filled_pause,and i'm a spooky dj i play the spooky's tracks it's a spooky party a spooky [Music] so thank you guys for enjoying the spooky songs i did really enjoy making them and you know what even though i'm not making any more you,
-QTkPfq7w1A,commentary,41,0.5294,0.7168,0.0,useful_repetition,clean,"That's why it's fun. So, how does this thing work? Well, the mechanism itself is built out of three different components, and on their own, they all stretch normally when you try to pull them apart. Individually, they be",
4DfCXjwQBRA,commentary,51,0.53,0.8403,1.0,clarification,filled_pause,"- You're hot, I was not expecting this- - God has been kind to you too, baby. - It just, ah, he's like playing a Matthew McConaughey character. God has been kind to you, baby. - I'm happy with what she looks likes and so",
-QTkPfq7w1A,commentary,7,0.531,1.0,0.0,redundant_repetition,clean,"Here it is in slow motion. So, even though the ropes on the side were slack and we cut the only rope in tension, the weight somehow went up. Okay, so if you're unconvinced that cutting the green rope actually makes the w",
MsIvs_6vC38,lectures,29,0.5318,1.0,,off_topic,revision,"Now I have to think about bigger than two by two. But right now, this was just like easy exercise. And, to tell the truth, this one was a minus sign and this one was a plus sign. I mean, that's the only difference. But, ",
4DfCXjwQBRA,commentary,50,0.5356,1.0,1.0,redundant_repetition,clean,"(upbeat techno music) Incredible. She looks so much better without a massive blow hole. - Okay, of course, she's gorgeous. - [Narrator] Flying skywards. (gentle upbeat music) - Hi. - Oh, there's our culturally appropriat",
Aj0s9ztoKUc,entertainment,34,0.5357,0.7954,,clarification,clean,"And then a dipping sauce, which looks like curry. Good Lord. Oh. So good. Oh my God. There's already some of that curry sauce in it. What in the world, where has this been, Link?",
4DfCXjwQBRA,commentary,11,0.5361,1.0,0.0,off_topic,clean,So it was ratios all around. So I think people are not a fan. I have taken it upon myself to watch the whole show. It's only six episodes that are 20 minutes long each but I did it.,
6HVYHNTDOFs,commentary,3,0.5361,0.049,0.0,new_information,clean,"Then, you had to kind of float it to shore, and a horse would help to kind of pull the ice into the back of a wagon. It was frequently common for the harvesters and their horses to fall through into the ice, sometimes to",
IiAjADve-ec,tv_series,61,0.5362,0.9203,,clarification,clean,"-Yes, are you sure, sir? -Of course, I'm sure. I'm always sure, I am the sure one. That's why the people have chosen me to be their El Comandante.",
6HVYHNTDOFs,commentary,46,0.5368,0.6948,0.0,clarification,clean,"Now, the reason this works is because something special happens when a substance changes phase. So, in order to go from a liquid to a gas, it needs to absorb a lot of energy. And pretty much all this energy goes into ove",
1NLoTuRR3hE,podcasts,63,0.5373,0.0339,,new_information,repetition,>> And you started that business in 1992 which was the year I was born. And as I as I >> rubbing it in as I sit here 32 years later the business still exists. You've placed it into a trust. >> It still exists.,
_gTgloPR0Aw,ted,1,0.5373,0.74,1.0,new_information,clean,"But when economists started studying this kind of aid in the late 90s and early 2000s, they made some surprising discoveries. After running various randomized control trials, where one group received education or job tra",
Aj0s9ztoKUc,entertainment,45,0.5388,1.0,,discourse_filler,revision,"Never saw anything like that. I mean, it could be South Africa. Could be. Because there might be something else in that curry that we're just not picking up on. Oh man.",
1NLoTuRR3hE,podcasts,47,0.5399,1.0,,off_topic,repetition,yeah I think you got and now he uses as a crutch and she never wanted it as a crutch. She never told me. She said I found out about I was home early one day came back from school and I I don't know why I ended up in her ,
IiAjADve-ec,tv_series,21,0.5407,0.4174,,new_information,clean,"Margarita! -Hello, Manolo. -Hi. Vamos. We got to go out.",
Aj0s9ztoKUc,entertainment,97,0.5414,0.3351,,new_information,filled_pause,"And it's time to spin the Wheel of Mythicality. Clayton. We love Clayton. There's lots of, uh, places to eat right off of the interstate.",
o0AMK3wFK9E,ted,75,0.5419,1.0,,off_topic,clean,"Slavery was the economy. Eventually, he just deflated and he said, ""It really doesn't matter what I say."" And the moment he said that, I knew I had failed. I had missed a huge opportunity. See, I asked the questions ever",
Aj0s9ztoKUc,entertainment,95,0.5431,0.7849,,useful_repetition,clean,And you know what. That means you win Rhett. And what do I get to do in Good Mythical More. You get to be an international rap god. Yes.,
3esF-pNAM9c,podcasts,64,0.5433,1.0,1.0,discourse_filler,repetition,okay so I'm mixing it like this you didn't put much in there I put a tablespoon it's a tablespoon and even that small amount you L it looked like you you kind of filled the lid I fill the lid twice basically which is app,
o0AMK3wFK9E,ted,47,0.5448,0.1265,,new_information,clean,"And as it turns out, this world's worst weather slogan isn't just clever marketing. Because on the way down, hurricane force winds threw me onto a rock. I was knocked unconscious. Hypothermia set in frostbite began eatin",
ZL5LcsJGS5Y,tv_series,9,0.5471,0.9306,,useful_repetition,clean,"The past never forgets. Zeynep's hands began to shake. ""How does she know about this?"" Serhat's expression darkened.",
1NLoTuRR3hE,podcasts,86,0.5478,0.0949,,new_information,filled_pause,It was it was marking a really important moment in his life. Business changed after that. It wasn't business. It was just it was it was a different proposition. >> Then you get a phone call >> and I get a phone call and ,
1NLoTuRR3hE,podcasts,60,0.5481,1.0,,discourse_filler,repetition,"And I wondered if that if that that picture that's part of the same picture, which is putting the mask on, various forms of escapism. >> Yeah. No, 100%. Well, look, I mean, my my my grandfather that took his life was was",
ZL5LcsJGS5Y,tv_series,16,0.5487,0.4343,,new_information,clean,"he told Zeynep. ""This isn't just Berak anymore. Someone else is helping her.""",
Ff7J-ERl8o0,entertainment,19,0.5491,1.0,,discourse_filler,filled_pause,"And then, when you're doing that kind of a job, you know, you'll perform with artists every night from across all different kinds of genres. >> Absolutely. How has that kind of breadth of collaboration influenced you as ",
1NLoTuRR3hE,podcasts,98,0.5491,0.4984,,new_information,filled_pause,">> Well, I was uh yeah, it was uh 2004 and uh my party, the Democratic party was not uh um people were not enthusiastic, weren't even promoting.",
CcVMWwXOk8I,tv_series,7,0.55,1.0,,off_topic,clean,"Cuz early birds summar [Music] shop until she lands a job at an ad agency. There she meets K, a handsome boss with a mysterious charm. What starts as a professional clash turns into an unforgettable romance full of fun, ",
o0AMK3wFK9E,ted,54,0.552,1.0,,discourse_filler,clean,"So yeah, amazing. Yeah, >> Dr. Sammy yesterday he struggled. It was a rough rehearsal and he had a lot of work to do a lot. I really hope that he went home and focused. You know, sometimes in rehearsals that stuff happen",
4DfCXjwQBRA,commentary,48,0.5557,0.2713,1.0,new_information,clean,"- Hi guys, how's it going? - Good but tense, stakes are high, babe. - Why is he calling her babe? They met today.",
1NLoTuRR3hE,podcasts,230,0.5558,0.1519,,new_information,filled_pause,"I mean, what happened to that Republican party? Um, and uh this is different. This is darkness. >> Really >> darkness >> because I hear this every election cycle. >> No, this is this is dark. We're we're only six months ",
3esF-pNAM9c,podcasts,79,0.5566,1.0,0.0,discourse_filler,filled_pause,yeah so unfortunately once you go through men menopause your glucose response to the same food becomes higher so your body is less good I know you're making a sad face I know it's difficult you your glucose levels natura,
1NLoTuRR3hE,podcasts,48,0.5576,0.4233,,new_information,clean,"I'm like, ""The hell is this?"" And I remember she got home. I said, ""Mom, what is this?"" And she goes, ""Put that away."" I'm like, ""What? What is it?"" She goes, ""No.""",
1NLoTuRR3hE,podcasts,145,0.5585,0.0707,,new_information,repetition,I have nothing negative to say etc but it ended that was embarrassing you know it's you're it's in the public everything's in the I'm growing up in the public growing up with this just bright lights >> how did you [ __ ],
IiAjADve-ec,tv_series,6,0.5586,0.8188,,useful_repetition,clean,"[Spanish spoken audio] Your mother would be so proud. Papa, are you all right? -Yes, I'm all right. -Are you all right, señor?",
4DfCXjwQBRA,commentary,24,0.5587,0.3493,0.0,new_information,clean,"and I maybe should. When we're talking about these shows, we don't know these people. We're commenting on their actions, we're commenting on the character of the show. There's, you know, selective editing that happens. P",
MsIvs_6vC38,lectures,7,0.5604,1.0,,redundant_repetition,clean,"That does multiply A B, and this time it's these guys that give the identity, squeeze down, they give the identity, we're in shape. Okay. So there's the inverse.",
IiAjADve-ec,tv_series,29,0.5607,0.0345,,new_information,clean,"-Have you heard the English version? -Yes, but it's so much sexier in Spanish. Everything's sexier in Spanish. Especially Manolo. I can't believe you'll be a married woman.",
IiAjADve-ec,tv_series,119,0.5631,0.3391,,new_information,clean,Carmelita. Stop it. Stop what? I haven't even started. Carmelita shouldn't talk to you like that. I thought I deserved it.,
4DfCXjwQBRA,commentary,28,0.5639,0.1594,1.0,new_information,clean,"but then the Yang too. - I Just, I don't, I can't put it into words. It's just, it's just too much. - He is very in tune with himself and- - What was he starting to do there? Was he like starting to dance? You gotta have",
IiAjADve-ec,tv_series,157,0.5639,0.2713,,new_information,clean,"Do you have a death wish or something? -Count them. Six. No, no, five. My friends, welcome to our humble gathering. The sun is shining.",
Aj0s9ztoKUc,entertainment,54,0.5658,1.0,,off_topic,clean,"A disadvantage, you can use it. It's gushy. Whoa, what is flavor. Flavor's something that you experience when you taste things? Careful.",
1wsF9GpGd00,lectures,2,0.5661,0.0976,,new_information,clean,So let me write that down. B is subset of A. Every element in B is a member of A. Now we can go even further.,
6HVYHNTDOFs,commentary,27,0.5664,0.0999,0.0,new_information,clean,"This surge in demand resulted in a curious new profession. The iceman. The iceman would go door to door, delivering huge blocks of ice up to 45 kilograms. And while home delivery was nothing new in the 19th century, the ",
o0AMK3wFK9E,ted,52,0.5669,0.1197,,new_information,repetition,despite what you're told. Explore the streets of life in every sense. Thank you very much. I think what he's doing is incredible. I'm not sure if the core of his idea is something that will be new to people or is somethi,
IiAjADve-ec,tv_series,70,0.5677,0.1578,,new_information,revision,"I mean, tough, you know. I've talked to your father, and I'm going to get you a driver. From now on, you'll no longer have to drive yourself. I love to drive. Margarita, this is to protect you.",
1NLoTuRR3hE,podcasts,161,0.5683,1.0,,discourse_filler,filled_pause,And um and I've just tried to you know I think the fact that we're friends today is like really important to me like one of the most important things like to sort of reconcile and that's been really u profoundly importan,
IiAjADve-ec,tv_series,132,0.5696,0.1265,,new_information,clean,-I didn't do it. Piñeda. Take care of this boy. I wasn't going to let anything happen to her.,
AeGEv0YVLtw,commentary,36,0.5732,0.6738,,new_information,clean,"I'm sure. I have done the Descartes thing of trying to doubt everything I think I know until I find the one undoubtable thing, and when I get down to that kernel of truth it's just,"" You're worthless and your needs mean ",
2IdtqGM6KWU,lectures,25,0.5745,1.0,1.0,discourse_filler,filled_pause,not more than three right actually true you know me I take credit for reducing your Clinton distance uh what's your distance to Monica uh not um anybody below below four is in trouble here uh or maybe three but uh right ,
IiAjADve-ec,tv_series,169,0.5751,0.0337,,new_information,clean,"Señorita, can I get you a drink? Hey. Let's go and talk to my dad. [Spanish spoken audio]",
1NLoTuRR3hE,podcasts,44,0.5753,0.6948,,clarification,clean,"They lost their purpose, their meaning, their mission. And so when I started getting a business, it was never about making money. It was about making a difference. It was about building something, a brand. It was about a",
AeGEv0YVLtw,commentary,46,0.5757,1.0,,off_topic,clean,"Because at time of recording I really don't think I can do that! Are you not looking for commitment? Cause I'm gonna act like I'm Prince Charming and you're the only one for me, cause I'm scared that if I don't you'll hi",
AeGEv0YVLtw,commentary,42,0.5762,0.075,,new_information,clean,"that’s the lesson I needed to learn! 10/10, best therapy I never had.” Even funnier, I got that appointment with that therapist because my anxiety about affections being withdrawn was getting in the way of me enjoying my",
IiAjADve-ec,tv_series,41,0.5769,1.0,,off_topic,clean,"I thought this was… Isn't this… It's not. I noticed you don't have a surround sound. If you place these speakers in different parts of the room… Boy, you've had a terrible accident. I hope it hasn't affected your brain, ",
IiAjADve-ec,tv_series,57,0.5769,0.2713,,new_information,clean,"For a thieving spy, he doesn't seem particularly discreet, does he? There has been a lot of grumbling among the villagers. -The villagers have even been meeting. -Why? Haven't we been sending them the money to help them?",
3esF-pNAM9c,podcasts,34,0.5775,0.1663,0.0,new_information,clean,you have to like dose these stressors in a way that is going to be manageable for your body I see lots of women who do all those things I just mentioned and then they're like and I don't have my perod and I don't underst,look at
1NLoTuRR3hE,podcasts,182,0.5783,0.4189,,new_information,repetition,"It was part of that exploration. Again, back to humility and grace. Two words I'll use over and over and over and over again. Seek first to understand before you're understood.",
IiAjADve-ec,tv_series,200,0.5784,0.1265,,new_information,clean,"-I…. -It's all your fault our men are in jail. I only got out because they couldn't think what to charge me with. Listen, I can fix that.",
Aj0s9ztoKUc,entertainment,57,0.5796,0.1265,,new_information,clean,Hoo. Lemme take this 'cause I need all the help I can get. I'm opening this and I'm not letting you look at it. Oh. I can see it. You can see it. It's got big peppers in it.,you can see
4DfCXjwQBRA,commentary,26,0.5814,1.0,1.0,redundant_repetition,clean,The dates themselves are super boring. They talk about stuff like how they used to be shy in the past. - I grew up very shy. - So did I. - But now are no longer shy and in fact are so confident that they apply to be on N,
Aj0s9ztoKUc,entertainment,14,0.5815,1.0,,discourse_filler,clean,"It's, it's about to not be part of it. Just let me see what I can do. That's gyro meat. It seems to me that it's onions. What kind of sauce we got? Woo.",
1NLoTuRR3hE,podcasts,8,0.582,0.075,,new_information,clean,>> He's an incompetent governor. Look at the job he's doing. He's a stone cold liar. >> There's always conflict between you and Trump.,look at
2IdtqGM6KWU,lectures,12,0.5825,0.1578,0.0,new_information,filled_pause,okay so there's a that's one more example and of course the point of the example is these things don't look like vectors they look like functions but we can call them vectors because we can add them and we can multiply b,
-QTkPfq7w1A,commentary,5,0.5825,1.0,1.0,redundant_repetition,filled_pause,"You don't think anything's going to happen? In the same place. Uh, weight is going to be right over there. Like it's going to fly off or what? No, not not too much, but probably it's going to go to this way. If you cut t",
1NLoTuRR3hE,podcasts,233,0.5846,0.0949,,new_information,filled_pause,"He's eliminated the inspector general's auditing capacity. He's going after uh polit political opponents, removing them from key positions of power and influence and putting in uh acolytes, putting out people uh that jus",
IiAjADve-ec,tv_series,172,0.5864,0.5614,,new_information,clean,"Rogelio, let's go. -Sir. -Rogelio. -I was thinking of… Sir… -Yes, Rogelio. I was thinking about job opportunities.",
IiAjADve-ec,tv_series,83,0.587,1.0,,off_topic,clean,"What about the emergency fund? That is why we have it. As I was telling El Comandante, it's not enough, is it? Look, you guys want me to be honest? -Yes, of course, by all means.",
4X16Iw5ST4Q,commentary,12,0.5888,1.0,1.0,off_topic,repetition,what oh no [Music] [Music] yeah that house hippo ad was like a huge whoosh for me don't get me wrong great idea for a commercial it's very smart but like don't be smart when you're trying to hear a commercial towards chi,
6HVYHNTDOFs,commentary,6,0.591,0.1594,0.0,new_information,clean,"What if he could be the one to bring ice to the Caribbean? And, in the process, make his fortune. So, Tudor got to work. He hired dozens of men to gather ice and approached investors to help finance a ship.",
4DfCXjwQBRA,commentary,21,0.5917,0.6638,1.0,new_information,clean,He's a model that loves nightlife. - [Narrator] So why are you here and not off raving? - One day my partying will have to slow down or even stop.,
IiAjADve-ec,tv_series,154,0.5919,0.0719,,new_information,clean,-What's going on? -Remember Piñeda's safe? I think the answer will be in there. We should check it out. Party time.,
-QTkPfq7w1A,commentary,14,0.5921,0.162,0.0,new_information,clean,Each one has to be longer than the length of one of the springs in series plus the green rope. That's what adds the slack. But they also can't be much longer than that because too much slack will nullify the contraction ,
1NLoTuRR3hE,podcasts,100,0.5924,0.1265,,new_information,clean,"I'm like, Jesus. I walk back out and you had to put your cell phones, early cell phone days. And we're all in line waiting to get our cell phones back. And I remember the couple right next to me as I'm waiting in line af",
Aj0s9ztoKUc,entertainment,75,0.5931,0.049,,new_information,clean,"It definitely helps. You're very close. You're very close, and I'm actually glad I didn't get close to Bolivia. Rhett, 39.",
IiAjADve-ec,tv_series,23,0.5933,1.0,,discourse_filler,clean,"You know, I feel like going to El Comandante's and giving him a piece of my mind You better think about marching fast in the other direction, my friend. Oh, shit! Hey. -Baby.",
iDtfzQnW-B4,commentary,17,0.5938,0.3391,,new_information,clean,"I'll buy 60 diamonds. How about that? Great. You know I'm still feeling sort of chilly. Let's cuddle up quick. And still fucking running to the bed. You can't just walk, huh? I know the bed's right, literally right besid",
1NLoTuRR3hE,podcasts,91,0.5942,1.0,,discourse_filler,filled_pause,"Inspiration, desperation. I know what the hell I was doing. And that was how my political career began. Literally that phone call, that appointment, not to film, but parking in traffic. And uh that marked a pretty signif",
Ff7J-ERl8o0,entertainment,21,0.5953,0.0462,,new_information,repetition,"When I interviewed Jimmy Fallon, he said performing with Bruce Springsteen while dressed as Bruce Springsteen was his crowning achievement. >> Right. Um, I mean, for for a few of us, there's there's a Bruce Springsteen, ",
o0AMK3wFK9E,ted,108,0.5953,1.0,,off_topic,clean,"I would have to say my favorite would be Joshua. He resonated a lot, especially right now with what's going on around the world. >> I think my all-time favorite was Dr. Sammy Ramsay.",
MsIvs_6vC38,lectures,12,0.5961,1.0,,redundant_repetition,clean,"And this equation tells me that here it is. This is the inverse of A transpose. Inverse of A transpose. Of A transpose. So I'll put a big circle around that, because that's the answer, that's the best answer we could hop",
IiAjADve-ec,tv_series,192,0.5976,1.0,,redundant_repetition,clean,"-What? You broke into the wrong safe? I told you to go right, man. Okay. How regretful. Take them away. What's wrong with you, I told you to go right, and then go to the left. Her, too.",
1NLoTuRR3hE,podcasts,129,0.5983,0.1519,,new_information,filled_pause,>> What were those conversations? What do you say to someone in such a situation where it's the last conversations you're having? It was um you know you you say the prefuncter things you know just know how much you meant,
iDtfzQnW-B4,commentary,61,0.5986,1.0,,off_topic,clean,Outback Steakhouse. Can you hang for a minute? I'll take Chris Phucker after rehearsal.,
IiAjADve-ec,tv_series,136,0.599,0.4174,,new_information,clean,"Margarita, please think. You're engaged. I just wanted to say goodbye.",
1NLoTuRR3hE,podcasts,172,0.6004,1.0,,off_topic,filled_pause,"Can't be what you can't see. And a lot of these kindergarten, elementary teachers, most of them are women. is so about recruiting more men uh to become teachers, focusing on caregiving, focusing more broadly on very inte",
MsIvs_6vC38,lectures,72,0.6007,1.0,,off_topic,clean,"No. If it was n factorial, we would -- with determinants, it is n factorial. I'll put in a bad mark against determinants, because that -- okay, so what is it? It's n -- well, this is the answer.",
vexARYQjdN8,podcasts,3,0.601,0.1663,,new_information,clean,"Spread the knowledge, here we go. - My goal is to make you go up, and then I'm gonna go under, and then put you on your back right where you were standing. That's the idea, but I actually don't have to do much lifting. S",
9szhjhO9epA,commentary,0,0.6021,0.3391,0.0,new_information,clean,"(zipper whirring) - How does a zipper actually work? Like try to push down on a zipper from above and it probably won't budge, but if you just use the pull tab, suddenly it's buttery smooth. So how does it do this? We've",
-QTkPfq7w1A,commentary,46,0.6021,0.7466,1.0,clarification,repetition,"So you get a sudden jump up in force showing that the material has stiffened. Oh, this little force jump is enough to make it slip out of your hands. If example, I mean it even though you said it is a small jump, it's li",
AeGEv0YVLtw,commentary,29,0.6027,0.1005,,new_information,clean,"Don’t worry, there’s gonna be a happy ending. What I learned is that trauma isn’t always like a lightning bolt where you know that you’ve been hit. Sometimes trauma is like poison that someone slips into your food in lit",
o0AMK3wFK9E,ted,1,0.6039,0.2803,,new_information,clean,I'm feeling excited. The streets of I messed up. Woo. >> The way that you said that just is bringing tears to smile. >> Made me cry. >> Perfect timing.,
1NLoTuRR3hE,podcasts,241,0.604,1.0,,off_topic,repetition,"He said it was it was a day of love January 6. So much so that he literally, as you know, pardoned everybody that participated in that melee. I mean, that happened. That is grounds in and of itself to question whether or",
vexARYQjdN8,podcasts,12,0.6043,0.1216,,new_information,clean,"And let's say like, right? I can't attack, because this leg is in front. I also, if you have a good stable position, I can't necessarily move that foot. But your off balance point is here at the front, and there at the r",
1NLoTuRR3hE,podcasts,101,0.6045,0.1265,,new_information,clean,"The president gave, I'm so sick and tired. I'll never forget these guys said, ""I'm so sick and tired of the homosexual agenda."" And I'm like, and I literally turned homosexual. It was porative.",
-QTkPfq7w1A,commentary,50,0.6052,0.8026,0.0,clarification,clean,"So it's close to the natural frequency of this system. This is going to drive the structure into resonance. But once the vibrations get big enough, the mechanism is actually going to switch states on its own, change its ",
IiAjADve-ec,tv_series,84,0.6053,1.0,,off_topic,clean,"-Okay. The truth is, we don't want any emergency fund. Just use the money to clean up the water. Most people want to have a better life for their kids, that's it.",
MsIvs_6vC38,lectures,93,0.6055,0.8049,,new_information,repetition,STRANG: Is it zero zero one? Okay. STUDENT: One zero zero.,
Aj0s9ztoKUc,entertainment,12,0.6062,1.0,,discourse_filler,clean,"Because the best present, is my presence. Oh. Is it now? Look at that word play. Not arguing with that, Chase. We got our first one right here in front of us.",look at
iDtfzQnW-B4,commentary,8,0.6064,0.1197,,new_information,repetition,"I got my 'episoda' here. Don't worry this is a regular size can just my hand is very big. And you'll notice I say hand, because only this hand is big. My other hand is criminally tiny. I'm on the run from the law from my",
iDtfzQnW-B4,commentary,13,0.6066,0.2713,,new_information,clean,"I also shit the bed. What, you're awake? Good morning, sunshine. Were you watching me sleep? God you're such an Edward.",
IiAjADve-ec,tv_series,155,0.6066,0.2713,,new_information,clean,Power to the people! Do you see that? Cousins? That's me and them. -Hey. -Hi. What are they doing here? I invited them. Are you out of your mind?,
4X16Iw5ST4Q,commentary,16,0.6103,1.0,1.0,discourse_filler,clean,in there they're not going anywhere you know i feel like there's aren't any like horror movies or shows like geared towards children anymore dude that's what's messed up about today's society we gotta scare kids more you,
iDtfzQnW-B4,commentary,26,0.611,0.9127,,clarification,clean,", dude. All right, I'll spend my real life may I watch these fake cartoon girls kiss. Not weird at all. We'll tell them we couldn't hear the doorbell. What doorbell? Exactly.",
IiAjADve-ec,tv_series,17,0.6114,0.924,,useful_repetition,clean,"-Absolutely, sir. My wife and I made a promise to protect them. Yes, but how can we protect them now that the ocean has turned green? Do this, sir, one more.",
iDtfzQnW-B4,commentary,57,0.6118,1.0,,off_topic,clean,I can't imagine leaving the underworld and not turning around and check you out. (suspenseful music) What does it mean? Leaving the underworld? Why would you be leaving the underworld? Can you not check people out in the,
IiAjADve-ec,tv_series,202,0.6144,1.0,,redundant_repetition,clean,Señora. You shouldn't make an old woman wait. She might be dead when you get there. I didn't realize you were expecting me.,
1NLoTuRR3hE,podcasts,45,0.6158,0.7466,,clarification,filled_pause,And that pursuit I think created a mindset where the businesses actually really thrived because it wasn't about the money. It was about something more important. It was bigger than that. And and so my relationship to mon,
Aj0s9ztoKUc,entertainment,22,0.6171,0.1663,,new_information,clean,"It's almost translucent. Like Mayo. I feel like, look at that. This is, it comes from the Middle East and then as it headed a certain direction, it became something else.",look at
IiAjADve-ec,tv_series,76,0.6173,0.6852,,clarification,clean,"-Well. A very minor accident, yes. To be honest, my first thought was that she had been kidnapped by some peasants. -They're not peasants. -I know, they're villagers. -Whatever you want to call them, they're… -Kidnappers",
Aj0s9ztoKUc,entertainment,0,0.6189,0.1216,,new_information,clean,Where are these international wraps from? Let's talk about that. Good Mythical Morning. Did you hear the news? Yeah.,
IiAjADve-ec,tv_series,32,0.6191,0.2803,,new_information,clean,"Maybe. It's just I've done everything everybody ever told me to do. Now, listen to you.",
Aj0s9ztoKUc,entertainment,44,0.6196,0.0264,,new_information,revision,"Cancel lunch. I don't think it's Ireland, I mean. You went to Ireland. And I never saw that.",
o0AMK3wFK9E,ted,76,0.6208,1.0,,off_topic,clean,"What I failed to do was find out why he believed them. What if I'd asked better questions? Questions like, ""Who influenced you the most in forming these views?"" Or, ""What if I had asked?"" Suppose we let all of these monu",
4DfCXjwQBRA,commentary,29,0.6231,0.1602,0.0,new_information,clean,"- Really like that. - And to my dismay, sex Tina aquafina Nina is into it. - What did the elephant say to the naked man?",
MsIvs_6vC38,lectures,47,0.6248,0.0191,,new_information,clean,"And now, in reverse order, I want to invert that. Just right? I'm doing just this, this. So now the inverse is again the same thing, but add in the five.",
6HVYHNTDOFs,commentary,12,0.627,1.0,0.0,discourse_filler,clean,"Okay, I have another example. Two ice cubes, two dishes. The only difference, really, is gonna be that I have this fan, which is gonna be blowing air onto this ice cube. Now, it's not heating any of the air, it's just bl",
-QTkPfq7w1A,commentary,53,0.6287,0.7258,0.0,useful_repetition,clean,"Yeah. Other snapping structures could also switch upon resonance. But the problem that once they switch, they're much more elongated, much more contracted. So they don't, let's say, they wouldn't provide the same functio",
o0AMK3wFK9E,ted,63,0.6314,0.6813,,clarification,repetition,"And if I was going to figure it out, I would have to from the parasites vantage point. So, I did what I did as a kid. I I went through my empathy exercise. And y'all, I face palmed almost immediately.",
iDtfzQnW-B4,commentary,75,0.6328,0.3493,,new_information,clean,"yeah, I hope you check them out link in the description like I said. All right, see yah. All right that's it for the video hope you liked it. If you did please press the like button because believe it or not one like equ",
3esF-pNAM9c,podcasts,33,0.6334,1.0,0.0,discourse_filler,filled_pause,so you have to be cautious and make sure you're not giving your body glucose otherwise big [ __ ] do you think fasting is good for you inent fasting I think it's nuanced I think what I've seen is that in men it just work,
o0AMK3wFK9E,ted,120,0.6342,0.867,,useful_repetition,clean,You changed lives. And it was incredible. We saw the audience go crazy time and time again. It was amazing. >> And us deliberating after was actually the hardest thing.,
MsIvs_6vC38,lectures,6,0.6345,1.0,,redundant_repetition,clean,"It's just like -- you take off your shoes, you take off your socks, then the good way to invert that process is socks back on first, then shoes. Sorry, okay. I'm sorry that's on the tape. And, of course, on the other sid",
IiAjADve-ec,tv_series,196,0.6351,1.0,,redundant_repetition,clean,"I never said you were stupid. Look, that just means it hasn't died yet. it's not going to because the water's fine, look. Why, because Rogelio said so?",
IiAjADve-ec,tv_series,24,0.6373,0.767,,new_information,clean,-Don't you dare baby me. -Where the hell were you? -I was at the town meeting.,
IiAjADve-ec,tv_series,203,0.638,0.9717,,clarification,clean,"Why did you come to me? -Carmelita. -Oh, but you didn't listen. You are as stubborn as your father.",
iDtfzQnW-B4,commentary,77,0.6389,0.1578,,new_information,revision,"Well again, check out the new merch. It's cool, it's good, it's nice. Checkout the podcasts. I just did Episode 100 It's great. I mean I'm recording it yet but I'm sure it's great. But it will be up by the time this vide",this video
IiAjADve-ec,tv_series,72,0.6395,0.6738,,new_information,clean,"This is for your own good, I want to protect you. That's it. -Yes. -I love you. I love you, too.",
IiAjADve-ec,tv_series,78,0.6401,1.0,,discourse_filler,clean,"-No, no. She didn't do it. I kind of rolled in front of her car. You see, my friend's girlfriend threw a rock at my Corvair and puncture my tire. I was trying to find a spare, which was stupid since I didn't have one.",
o0AMK3wFK9E,ted,99,0.6401,0.1265,,new_information,clean,"Queer, straight, black, and brown kids created a new world out of the word no. The music was intoxicating. Everybody loved it. Imagine a place for yourself where you feel fully actualized, free.",
1NLoTuRR3hE,podcasts,219,0.6403,0.6813,,clarification,filled_pause,>> Nothing that surprised me now is that he's a very different guy than he was in the first term. He's uh there's no limits now. It's there's a megalomania there. >> Megalamia. >> He feels no limits now. And you feel tha,
o0AMK3wFK9E,ted,97,0.6405,0.2678,,new_information,repetition,"If you wouldn't, I'm here to propose a way for you to feel comfortable in your skin, for you to live judgment free and have grace for others, including yourself. I'm a little worried about her holding notes because somet",
Aj0s9ztoKUc,entertainment,94,0.6417,0.0999,,new_information,clean,"There was no way to get out of it. Rhett, you had 4. Link, 5. Ooh. And that's a wrap. Okay.",
IiAjADve-ec,tv_series,39,0.6435,0.8254,,useful_repetition,clean,"It was either him or the pig. Don't leave me. I won't. Kiss me before I die. -Yes. -I thought you might have use for this. Yes, thank you.",
o0AMK3wFK9E,ted,11,0.6435,1.0,,discourse_filler,clean,>> Rehearsals are fun. I think one of the reasons why it's it's a little bit easier in rehearsal is because people don't necessarily expect you to have everything together. I forgot the whole time that I was supposed to ,
iDtfzQnW-B4,commentary,56,0.6442,1.0,,off_topic,clean,"Ahhhhh! Yeah, that's the verdict. Those are the three verdicts you can have if like you're in court, guilty, non guilty, and ahhhhh! I can't imagine leaving the underworld and not, hold on.",
AeGEv0YVLtw,commentary,27,0.6451,0.7925,,clarification,restart,"and... She was really angry the night I tried to kill myself but that, it was okay, it wasn't alright for me to do that without thinking about how it might make her feel, it was really inconsiderate and I... I used to so",
MsIvs_6vC38,lectures,89,0.646,0.7954,,clarification,clean,"This guy, this guy and this guy exchanges a pair of rows, but now there are more possibilities. What's left? So tell -- there is another one here. What's that? It's going to move -- it's going to change all rows, right?",
IiAjADve-ec,tv_series,178,0.6471,0.9127,,clarification,clean,"-Sure. You have fish you don't eat and we have fish we can't eat. You are hungry, no? Well, that depends on… what is being served.",
iDtfzQnW-B4,commentary,74,0.6483,1.0,,redundant_repetition,clean,"I heard they now work. So if you want to give ExpressVPN a try, all you have to do is go to ExpressVPN.com/KURTISTOWN or just click the link in the description, find out how you can get three months free. Thanks again Ex",this video
-QTkPfq7w1A,commentary,32,0.6483,1.0,1.0,off_topic,clean,"To try Incogn, you can go to incogn.com/veritassium or also scan this QR code. And if you use our code veritassium, you get an exclusive 60% off to get your data off the internet. So that's incogn.com/veritassium or also",
1NLoTuRR3hE,podcasts,54,0.6486,0.6941,,new_information,revision,"Yeah. I mean, he was 7, eight or nine. You're 79, Mr. President. I told him that, too.",
6HVYHNTDOFs,commentary,14,0.6493,0.0052,0.0,new_information,clean,"Here, the Persians collected up to 220 tonnes of ice and packed it tightly together in a pit. This allowed the cold, dense air to collect while warm air was funneled up and out of the dome. After the winter, the entire s",
IiAjADve-ec,tv_series,176,0.6516,0.8617,,useful_repetition,clean,"Sir? -We need to talk. -Yes. Of course, señor. -If I could borrow him for a moment. -Yes, of course. It's a feature, you see? It's right out there in the koi pond.",
Aj0s9ztoKUc,entertainment,60,0.6526,0.1265,,new_information,clean,"I've got to do whatever I can to try to claw my way back into this thing. All right, so you have the wrap wall. Okay. And I'm gonna have you hold this up. Closer to you.",
1NLoTuRR3hE,podcasts,128,0.6533,0.1578,,new_information,filled_pause,"You know, you're brand new mayor, you're overwhelmed, you're trying to figure yourself out, you lose your mom, no excuse. um was in a marriage that was going south. You know, it was a it was you know >> what did she say ",
IiAjADve-ec,tv_series,96,0.6535,0.0719,,new_information,clean,You don't know when someone is just playing with you. -I feel so trapped. -Why? I give you everything you can possibly wish for.,
1NLoTuRR3hE,podcasts,51,0.6538,0.0678,,new_information,filled_pause,um I appreciated that because it was an excuse not a victim decisions not conditions term our fate and future this notion u that we can shape things that I don't that I wasn't stigmatized in that respect so I can make ex,
iDtfzQnW-B4,commentary,55,0.6538,0.0719,,new_information,clean,"""And also why are they selling diamonds, ""and why are they so cheap?"" Okay, wear the costume and crush the wedding scene. fucking here is the wedding scene dude. Final verdicts before I get out there?",
3esF-pNAM9c,podcasts,105,0.6538,1.0,1.0,discourse_filler,repetition,yeah and him saying those couple of words someone that has no idea whatsoever pushed you to carry on on your mission and pushing you to carry on on your mission saves thousands and thousands and thousands of people's liv,
9szhjhO9epA,commentary,10,0.6543,0.9127,0.0,clarification,clean,"Now, this is especially true on a real size zipper where it's practically impossible. But if I add this slider to the bottom and try pulling on the pull tab here, suddenly it's effortless. So how does it do it? Well, I c",this slide
1NLoTuRR3hE,podcasts,188,0.6566,0.115,,new_information,filled_pause,">> I want to pick his brain. What are you doing, right, man? Show some humility and grace as it relates to uh not try to be argumentative in in the interview. Just I'm trying to pick I want to know why you're so successf",
iDtfzQnW-B4,commentary,7,0.6581,0.1265,,new_information,clean,and I lost my memory of course and in the last episode ended with a text message from my ex boyfriend who disappeared after my accident. All right now we're all cut up. Let's go.,
1NLoTuRR3hE,podcasts,159,0.6583,1.0,,off_topic,filled_pause,"I had no knowledge of any of this stuff. But so when you say humiliated, I >> I just humiliated my dad. Uh he said something and I'll tell you it carried forward with me. He told me at the time uh he was so disappointed ",
Aj0s9ztoKUc,entertainment,16,0.6589,0.9594,,new_information,filled_pause,Nope. Tzatziki sauce. Hmm hmm. So that's different. He likes it.,
4DfCXjwQBRA,commentary,54,0.6594,0.1265,0.0,new_information,clean,"Again, you met today. - I liked the animal. - I got plenty of that, baby. I might be wrapped in a pretty spiritual cowboy but I am a beast.",
IiAjADve-ec,tv_series,189,0.6597,0.2912,,new_information,clean,"Mr. Chunky? Go upstairs, the bedroom. The bedroom, go on, now! Manolo. Excuse me, sir. Excuse me. Excuse me. No, no.",
o0AMK3wFK9E,ted,68,0.6597,1.0,,discourse_filler,clean,">> This is actually the part where I feel like we're going into another talk maybe, you know. >> Yeah. Yeah. So let's embed in the pursuit of knowledge ethical intelligence as we train the next generation of researchers ",
IiAjADve-ec,tv_series,138,0.6607,1.0,,redundant_repetition,clean,-Rogelio is a decent boy. -He is a peasant. He is a penniless boy. Forgive me.,
1NLoTuRR3hE,podcasts,29,0.6622,0.3351,,new_information,filled_pause,"Uh who was an extraordinary figure but an elusive figure growing up and sort of marked so much of my early childhood as sort of longing trying to connect. But the the anchor, the rock was this rockstar single mom and and",
IiAjADve-ec,tv_series,73,0.6623,0.9271,,useful_repetition,clean,"Man! The peasant is staying for dinner. The peasant is staying for dinner. -The peasant is staying for dinner. -Very good, sir. To our honored guest.",
vexARYQjdN8,podcasts,14,0.6628,1.0,,off_topic,clean,"The second you see me starting to rotate, add to that, yeah. - And then you step in. - Yeah. There you go. (Lex flipping) There you go.",
-QTkPfq7w1A,commentary,8,0.6637,1.0,1.0,discourse_filler,repetition,"Okay, you ready? [Music] Okay. Three, two, one. [Music] That was actually insane. That was pretty pretty good, right?",
Aj0s9ztoKUc,entertainment,38,0.6662,1.0,,off_topic,clean,That's one of the better things I've had. This month. I'd say in 2026. Yeah.,
3esF-pNAM9c,podcasts,44,0.6674,0.0264,0.0,new_information,repetition,I mean no it's terrible it breaks my heart I'm like wow those little bodies are not happy right now you know there's so many parents that are listening right now like you don't [ __ ] get it you too childless better tota,
1NLoTuRR3hE,podcasts,12,0.6674,0.2713,,new_information,clean,">> In the world, it's always in the headlines. There's always conflict between you and Trump. I just wanted to start with this question, like, can you believe your life? >>",
IiAjADve-ec,tv_series,2,0.6692,0.1663,,new_information,clean,"Only five years ago, it seems like so much longer. If only she could be here to see me in it. She is here, darling. She's always here with you. [Spanish spoken audio].",
1NLoTuRR3hE,podcasts,176,0.6697,1.0,,off_topic,clean,">> You see the suicide rates are just off the chart. You see the deaths of despair, meaning overdoses off the charts. >>",
IiAjADve-ec,tv_series,95,0.6702,0.8254,,useful_repetition,clean,Let's go down. I wonder if he's well to go back to the village. He seems fine to me. You have such a soft heart.,
AeGEv0YVLtw,commentary,53,0.6715,0.9831,,clarification,clean,"It's righting what in philosophy we would call an Epistemic Injustice. It is weird. I second guess myself a lot and I don't really know how I ""should"" feel. But that is why I have a therapist!",
1NLoTuRR3hE,podcasts,92,0.6727,0.0707,,new_information,repetition,And that was a pivotal moment in your your trajectory because you were on course to continue being an entrepreneur probably for the rest of your life. >> Yeah. >> Could have been somebody. >,
o0AMK3wFK9E,ted,114,0.6728,0.6948,,clarification,clean,He is up there. You could hear viscerally how I think important what he was saying was and how badly people needed someone to articulate what his message was. It pulled something out of the audience. It's a talk for now.,
MsIvs_6vC38,lectures,62,0.6731,0.0719,,new_information,clean,"Okay. And actually, what operation I doing all the time? When I multiply row one by multiplier L",
Aj0s9ztoKUc,entertainment,2,0.6732,1.0,,off_topic,clean,"Look at that. The, the checks are ready to go. 5,000, 15,000 and 30,000.",look at
Aj0s9ztoKUc,entertainment,40,0.6741,0.4233,,new_information,clean,"Well, how am I gonna get that again? Unless I get the Mythical kitchen to make it. I guess.",
4DfCXjwQBRA,commentary,17,0.6743,0.1216,0.0,new_information,clean,"But in some of these episodes, there's people like this girl who's has exposed bone and blood. I don't even know what she's supposed to be. What I know for sure is that she's way harder to look at than cute wolf guy. Who",look at
1NLoTuRR3hE,podcasts,41,0.6759,1.0,,off_topic,clean,"We're doing our craft macaroni and cheese. We're doing our you know, but money was always the source of the stress cuz he didn't have much to give her. She didn't have much period. So, she was working two, three jobs.",
IiAjADve-ec,tv_series,92,0.6762,1.0,,discourse_filler,clean,"is not a bad thing. The first time I was on the other side of the island was the day I ran you over. I appreciate that, by the way. You know what, I'd still take the concussion.",
o0AMK3wFK9E,ted,3,0.6765,0.1265,,new_information,clean,">> Chemists can be first responders in the fight against extinction. I didn't know it could get better, but I think it just did. >> You have to try this. >> I'm gonna kick it.",
-QTkPfq7w1A,commentary,36,0.6766,0.1265,0.0,new_information,clean,"You can't do it. No matter how slowly you go, there is some point at which it just gives way and clicks through. The same happens if you try to stretch a bendy straw. You can pull on it as slowly as you like, but at some",
1NLoTuRR3hE,podcasts,13,0.6774,1.0,,off_topic,clean,"If you talk to my 10-year-old self, this is impossible. Could have even dreamt it. I don't know if it was a dream or a nightmare at 10. >",
iDtfzQnW-B4,commentary,78,0.6788,0.075,,new_information,clean,"Alright, that's it I'd to stick around, but I have to go unfortunately, I have a date with the Cake Boss. See yah! (upbeat music) (mumbles) (giggles)",
IiAjADve-ec,tv_series,106,0.6793,0.1216,,new_information,clean,"Hey, you tell me. I had a little accident. You're with him? Did you have an accident? -She's the one who banged her head. -She's slamming, buddy. -It's a smooth ride.",
-QTkPfq7w1A,commentary,28,0.6817,1.0,1.0,off_topic,clean,"And that kind of got me thinking. It's the same with your data on the internet. The less of your private info is on the web, the better. See, I got an email from someone a couple of months ago suggesting that they can cr",
H5DhD5Nwl_0,ted,2,0.6825,1.0,,off_topic,clean,"With powerful, long forelimbs and thumbs, she can stand, jump, and even run on all fours. In fact, the vampire bats’ forelimb-powered bounding gait is wholly unique among animals. She uses specialized heat-sensing recept",
9szhjhO9epA,commentary,36,0.6838,0.0893,0.0,new_information,clean,"- Carefully! And if there isn't any visible debris causing the zipper to get stuck, you can try lubricating the area with graphite from a pencil in order to get the slider moving again, because it's a great dry lubricant",
IiAjADve-ec,tv_series,186,0.6856,0.7916,,new_information,clean,"Manolo. -You're up to something. -So are you. Manolo, leave us, please.",
4DfCXjwQBRA,commentary,0,0.6866,1.0,1.0,off_topic,clean,- Hello And welcome back to my personalized internet home page. - [Woman] Wow. - Don't forget to sign my digital guest book by clicking the big red button below. - Do it!,
Ff7J-ERl8o0,entertainment,25,0.6867,0.3574,,new_information,filled_pause,"Like if there's a play and it's like someone's going to rap even a section, it's like, ah, I'm I'm good. You lost me. You know, and Hamilton was the first show that where I was more drawn in more and more engaged.",
3esF-pNAM9c,podcasts,30,0.6888,0.4343,0.0,new_information,clean,I have these phases especially if I'm really busy and I can't do all the hacks all the time where I'm eating a bunch of sugar and then it lasts until I say okay stop back on the hacks and I do the hacks for two days and ,
o0AMK3wFK9E,ted,66,0.6893,0.1265,,new_information,clean,"So, I had cracked the case. All these years, these parasites were killing our bees with liver disease. And now that we know that, we can give our bees a fighting chance. >> Thank you.",
IiAjADve-ec,tv_series,26,0.6898,1.0,,discourse_filler,clean,"Don't start with me because I'll hurt you, and you know I will. Hey, look. Relax, relax, I'll take you out tomorrow. -We're all good. -Oh, no, you won't.",
IiAjADve-ec,tv_series,177,0.6909,0.9847,,useful_repetition,clean,"Fish of the Month is all mine. You and I have so much in common. -Really, you think so?",
MsIvs_6vC38,lectures,84,0.691,0.1216,,new_information,clean,"Actually, I'll -- yes. Let me clutter this up. Okay. Give me a complete list of all the row exchange matrices. So what are they?",
3esF-pNAM9c,podcasts,106,0.6911,1.0,1.0,off_topic,filled_pause,Spike formula very very excited and my partner is going to be thrilled when I bring this home so thank you for that and I highly recommend because this book is so beautiful and it's been such a Smash Hit um all around th,
-QTkPfq7w1A,commentary,12,0.6913,0.0352,0.0,new_information,clean,"So, the red rope is connecting the bottom spring directly to the hook above, and the black rope is connecting the top spring to the weight. So these springs are in parallel. So by cutting the green rope, you're actually ",
1NLoTuRR3hE,podcasts,73,0.6915,0.1005,,new_information,clean,It's thinking creatively outside the box. That's what a dyslexic by definition has to do. And that's what I thought a successful business needed to do. And it literally empowered our employees loved it because they felt ,
IiAjADve-ec,tv_series,79,0.6923,1.0,,discourse_filler,clean,"-A girl threw a rock at your car? -Thank God she didn't have her knife. However it happened, I'm sure we're all glad no one was seriously injured.",
Aj0s9ztoKUc,entertainment,5,0.6949,1.0,,redundant_repetition,clean,Put your back into it. Put your bile humors into it. Give yourself demons in the nethers. Sir?,
IiAjADve-ec,tv_series,25,0.6949,1.0,,off_topic,clean,"I have a lot to say about politics. Don't give me that, you were supposed to take me out. Take you out? -With what? -We gave everything to the church.",
1NLoTuRR3hE,podcasts,20,0.6949,1.0,,discourse_filler,repetition,"if and when that opportunity called or presented itself. >> Yeah. Yeah, I mean I I don't know about playing the role, but if it if it, you know, if the moment meets you and you meet the moment, if you can express with co",
IiAjADve-ec,tv_series,187,0.6967,0.2713,,new_information,clean,Did you see the girl I was with? I hope I didn't take too long. Please. It's delicious.,
IiAjADve-ec,tv_series,219,0.6977,0.4889,,new_information,clean,"Margarita. -Margarita. -Margarita. -Go, go, Margarita. -Go!",
1NLoTuRR3hE,podcasts,124,0.698,1.0,,discourse_filler,filled_pause,"And we're sitting there on my sister on the left, I'm on the right, my mom there took these pills waiting for the doctor and she's going through all these old photo albums of us growing up talking about these moments. Ye",
Aj0s9ztoKUc,entertainment,85,0.6991,0.8936,,new_information,filled_pause,"Larb? Uh huh. Yep. Which, that's a Thai dish.",
o0AMK3wFK9E,ted,64,0.6993,0.2713,,new_information,clean,Why did I spend all that time trying to make this decoy bee look like a bee when these little doofuses can't even see? No eyes. Look at that. Not a single eye on that face. >> I love that part. And he just changes his to,look at
AeGEv0YVLtw,commentary,50,0.7017,1.0,,redundant_repetition,clean,(Although incidentally if you are watching then sincerely thank you for the good times and I would prefer never to hear from you ever again.) It’s not really about that though - it’s about the journey of discovering that,
4X16Iw5ST4Q,commentary,18,0.7018,1.0,1.0,discourse_filler,repetition,but you know what i think we're good i think we can go our whole lives without seeing a guy's butt that doesn't have a crack like that'd be weird why would i ever show you that no one needs to see that it's weird i would,
o0AMK3wFK9E,ted,127,0.702,0.4343,,new_information,clean,">> The adrenaline is so high. >> Getting within 6 minutes, that is a big challenge. Democracy needs disagreement.",
1NLoTuRR3hE,podcasts,142,0.7032,0.1197,,new_information,repetition,"it's a tremendous honor as you know, but it's just it's I say that because there is a behind the scenes and the behind the scenes is not as perfect as the exterior. > > No. Oh man, >> you were alluding to the season of y",
1NLoTuRR3hE,podcasts,25,0.7035,1.0,,discourse_filler,repetition,I'm I'm more resolved now. I mean in intense way ways I I'm I'm discovering myself in this process. I'm in the other side of where I ever expected to be even a year ago. And uh I feel deeply accountable and deeply respon,
1NLoTuRR3hE,podcasts,136,0.7039,1.0,,off_topic,repetition,"He's got his pacifier and he's got his blanket and he in the middle of my speech runs up. I'm giving the speech stressed out. Again, I don't read speeches. So, it was a read I had to read. So, I'm like, I can't look beca",
1NLoTuRR3hE,podcasts,10,0.7046,0.1265,,new_information,clean,"Including the night before he quote unquote federalized the National Guard, but then calls me new. > > He wants to take me out.",
6HVYHNTDOFs,commentary,47,0.7048,0.2803,0.0,new_information,clean,"A modern version looks something like this. - [Derek] Start by adding a liquid under high pressure to a loop. Passing this liquid through an expansion valve quickly drops the pressure and temperature, causing some of the",
IiAjADve-ec,tv_series,98,0.705,0.2912,,new_information,clean,I want my car back. -This is about driving? -It's about more than driving. I want that person out of this house today.,
iDtfzQnW-B4,commentary,3,0.7051,1.0,,discourse_filler,restart,"So much here dude. We've got key chain, We've got pins dude... We're going crazy, dude. But yeah, I'm hyped on how this merch came out. It's like perfect for the summertime so though.",
MsIvs_6vC38,lectures,94,0.7053,0.8119,,new_information,repetition,"STRANG: One zero zero, okay. Zero one zero, okay. Great.",
3esF-pNAM9c,podcasts,31,0.706,1.0,0.0,discourse_filler,clean,for me it helps to break that cycle so if I this weekend I did a re I was I think I was in that cycle of like I wasn't reaching for sugar as in like something sweet I was reaching for like I was having a lot of like toas,
1NLoTuRR3hE,podcasts,197,0.7074,1.0,,off_topic,filled_pause,but we we go back before we were both in politics. We both share that Willie Brown the former mayor in common in terms of a relationship that we both had. Uh and as a consequence of the relationship we had with him uh we,
1NLoTuRR3hE,podcasts,208,0.7075,0.9425,,new_information,repetition,And I I think that's very refreshing. > > How do you think America's doing?,
9szhjhO9epA,commentary,34,0.7076,1.0,0.0,redundant_repetition,clean,"I hate when this happens. - I think a zipper slider may get stuck if fabric becomes caught in the chain. So if dirt or debris enters in the zipper, the best fix is to carefully remove any trapped fabric or debris, or mov",
9szhjhO9epA,commentary,5,0.7082,1.0,0.0,discourse_filler,clean,"It jammed constantly. And because it was delicate and made from rust prone steel, it actually had to be removed from the garment before you could wash it. So literally unsewn from your skirt. Moreover, if a single hook a",
MsIvs_6vC38,lectures,13,0.71,0.0273,,new_information,clean,"That if you want to know the inverse of A transpose and you know the inverse of A, then you just transpose that. So in a -- to put it another way, transposing and inversing you can do in either order for a single matrix.",
1NLoTuRR3hE,podcasts,131,0.7103,1.0,,discourse_filler,repetition,>> Were there any words unsaid? Sometimes once people have moved on and you mature as as an adult and a man you you see things differently and you >> I mentioned that earlier being perhaps way too candid. I imagine after,
o0AMK3wFK9E,ted,89,0.7103,1.0,,off_topic,clean,"And I'm very happy to report that following the treatment, she tested negative for the disease. She stopped regurgitating her food and regained her appetite and vigor. and has since put on most of the body weight she lov",
ZL5LcsJGS5Y,tv_series,17,0.7104,0.4776,,new_information,clean,"Zeynep's eyes widened. ""Who would do that?"" ""I don't know yet."" Serhat admitted.",
1NLoTuRR3hE,podcasts,9,0.7105,1.0,,off_topic,clean,">> I think he enjoys sparring with me. I know he thrives on it, but I'd be lying if I didn't say it. Every time I have a conversation, it's unbelievably cordial. He says, ""You need anything, call me.""",
IiAjADve-ec,tv_series,210,0.7116,0.6948,,clarification,clean,"-Oh, that's the other voice. Walk me faster, child, I can smell them from here. -Keep that witch away from here. -Don't",
1NLoTuRR3hE,podcasts,1,0.7117,0.9854,,useful_repetition,clean,"It begs questions. So, they dangled this in order to get votes. And they lie to people. And we're only 6 months in.",
IiAjADve-ec,tv_series,87,0.7129,0.5503,,new_information,clean,Can I have a beer? I'd trade you for the rum. -That's a deal. -There you go. [Spanish spoken audio],
Aj0s9ztoKUc,entertainment,9,0.7132,1.0,,off_topic,clean,"Squire, bring the stump. There's just something about those guys. They're so entertaining. This week only. Grab a tee for your chance to win. Yes.",
IiAjADve-ec,tv_series,113,0.7135,0.5614,,new_information,clean,"Rogelio's buying drinks for everybody! No, no. Hey, I'm not paying, I'm not going to pay for any. Yes!",
IiAjADve-ec,tv_series,181,0.7163,1.0,,off_topic,clean,You want a cigarette? -How many? -Five. Give or take one. I wanted to explain. -For what?,
Ff7J-ERl8o0,entertainment,29,0.7166,1.0,,off_topic,clean,"Black Thought, thank you so much for joining me for a good drink and an even better conversation. Let's cheers to the spirit of doing things. >> Thank you, Sean.",
AeGEv0YVLtw,commentary,41,0.7176,1.0,,off_topic,clean,"Which is objectively quite funny! I had to be like, ""Well, just because she didn't contact me doesn’t mean she’s gonna come in the flat in two hours and yell at me! She’s probably just busy like a normal person Oh my god",
1NLoTuRR3hE,podcasts,33,0.7188,0.2678,,new_information,filled_pause,"I think politics. You can't read a speech. Could do a teleprompter, but you'll never see me. You haven't seen me go up and down looking at a speech. I can't still struggle to read. If I read, I have to underline everythi",
1NLoTuRR3hE,podcasts,183,0.7195,1.0,,discourse_filler,clean,I listened to all the punditry hours after the election results. Yeah. >> And everyone was an expert.,
IiAjADve-ec,tv_series,63,0.7202,0.1265,,new_information,clean,"-Absolute decisiveness is a requirement. -Yes, El Comandante. Look at this reading. It's going through the roof.",look at
1NLoTuRR3hE,podcasts,2,0.7219,0.6852,,clarification,clean,And the vandalization that he's done pushing the boundaries on the rule of law. This is darkness. >> Really? Because I hear this every election cycle. >>,
Aj0s9ztoKUc,entertainment,13,0.7223,0.4343,,new_information,clean,"It is indeed a wrap. It's got tomatoes on it, Link. But I think that's part of it.",
MsIvs_6vC38,lectures,90,0.7228,0.1594,,new_information,clean,Where shall we put them? So -- give me a first row. STUDENT: Zero one zero?,
o0AMK3wFK9E,ted,28,0.7239,1.0,,off_topic,revision,And it's the first way to liberate yourself and to really release yourself from the shackles that say you have to confine yourself to a certain way of being. So I think people should just chill out. when you said that th,
-QTkPfq7w1A,commentary,49,0.7241,0.9854,1.0,useful_repetition,clean,I'm going to move the robot robotic arm very slightly just up and down. Yeah. Okay. And I put a frequency of 3.5 hertz.,
o0AMK3wFK9E,ted,106,0.7255,1.0,,discourse_filler,revision,"I mean, I had what, you know, challenges I had, but overcame them and made it to the end. So, I really had a great time. >> With the talks drawing to a close, it's time for the audience to reflect on which speaker has le",
IiAjADve-ec,tv_series,208,0.7259,0.3391,,new_information,clean,"The harp was drowning out the we are gathered here today part, if you could just roll it back. -Maybe. -What's going on here? Don't you speak to him like that.",
IiAjADve-ec,tv_series,171,0.7264,1.0,,off_topic,clean,"You shouldn't worry about him. Let me tell you something about women. Guys, that's not why we're here. We are hungry. No, no.",
Aj0s9ztoKUc,entertainment,36,0.7269,1.0,,redundant_repetition,clean,"What's going on there? This is novel. Cinnamon, well, it's salty. That is not cinnamon. You're right.",
IiAjADve-ec,tv_series,71,0.7277,0.6852,,clarification,clean,"Besides, you shouldn't go to the other side of the island. Why not? Because you don't belong there, that's why. Yes, that's why you shouldn't go there. Margarita, I love you.",
vexARYQjdN8,podcasts,5,0.7281,0.8026,,clarification,clean,"Now that's why you can't take that step. I try to hike and let that slide into place naturally. It's important that the angle is here instead of straight on, unless you're gonna get me to turn and give you that angle.",
IiAjADve-ec,tv_series,82,0.7282,1.0,,off_topic,clean,"I'm sorry, I'm sorry. It's that the people are scared. They're surrounded by water, and they can't fish. They don't fish, they don't eat. Why?",
1NLoTuRR3hE,podcasts,244,0.7297,0.9402,,useful_repetition,repetition,"I'll do major sanctions in 50 days. Really? I mean, this ability to distract, it's serious with lies underneath is serious. And I don't think I'm exaggerating. And I am very very cautious when it comes to this kind of la",
ZL5LcsJGS5Y,tv_series,1,0.7299,0.4343,,new_information,clean,"""They know where we are."" she whispered. Serhat nodded slowly. ""Yes, which means the game is moving faster than we thought.""",
Ff7J-ERl8o0,entertainment,32,0.73,0.6598,,new_information,repetition,"Him and him and Jimmy are like, ""Yo, you got to chill now, man. This This is perfect. This is best of both worlds."" >> Yeah. [Music]",
Aj0s9ztoKUc,entertainment,76,0.7302,0.9227,,useful_repetition,filled_pause,"Oh. Link, 9. Yeah. Okay. Alright. I need it. Okay, we have an odd one here, um. It's wrapped in a way that is unpick-upable.",
iDtfzQnW-B4,commentary,59,0.7306,0.1216,,new_information,clean,"You move on, you'll never find out what it means. But I have to find out. No, you don't. Okay you don't want to know, trust me. You need to turn around and go I just finished that video, okay?",
IiAjADve-ec,tv_series,221,0.7309,0.4889,,new_information,clean,"-Watch out! Stop! Stop! Don't hit me, no, please! Please. Come on, Margarita!",
IiAjADve-ec,tv_series,215,0.7318,1.0,,discourse_filler,clean,"This is the one. Oh, he smells like rotten feet. -Get away from me! -Oh, you are the curse. Now you will see what real magic can do. -Security",
o0AMK3wFK9E,ted,82,0.7321,1.0,,off_topic,clean,">> All you really need are a generous heart and a curious mind. And unlike a trained clinician, I am not asking anyone to do emergency surgery on the heart of the nation.",
3esF-pNAM9c,podcasts,72,0.7327,0.1663,1.0,new_information,clean,it's so addictive that stuff as soon as you introduce it somewhere everybody starts drinking it I'd love to do a continuous glucose monitor on like the heads a tribe or something in Africa and see amazing if they're like,
iDtfzQnW-B4,commentary,36,0.7328,0.3377,,new_information,clean,"(upbeat music) Yo, Scott. Scott hurry it up. Dude, we're going to be late where are you?",
1NLoTuRR3hE,podcasts,250,0.7334,0.9359,,clarification,clean,">> But I can see a scenario, but not on the balance probability. And that's on the basis of one thing, time of life. >>",
IiAjADve-ec,tv_series,37,0.734,1.0,,off_topic,clean,"We can't take a tourist's tires, and that's it. Yes. We'll take their tires, slap ours on, and then come back later and charge them $20 to change their flat.",
AeGEv0YVLtw,commentary,44,0.7344,1.0,,redundant_repetition,clean,"It’s more like rehearsing a play - you have to keep going over it and over t until it becomes unconscious and natural. When you have trauma and you don't really feel 100% safe with anybody, dating becomes quite difficult",
1NLoTuRR3hE,podcasts,152,0.7348,0.0949,,new_information,filled_pause,other things that I was involved in to your point about drinking a little too much um and after the divorce making some stupid mistakes that uh that I owned up to and regret and uh having to work through all that. I mean,
4EXVrzOACv4,commentary,10,0.735,1.0,1.0,off_topic,clean,"Like, let’s say that you want to get in on all that, what should you know about the biz before you start? Hey everyone, welcome, today we’re going to be doing the perfect can of soda. So first thing you want to do is hoo",
6HVYHNTDOFs,commentary,36,0.7355,1.0,0.0,off_topic,clean,"Take a sealed cylinder filled with air and a piston that can move inside it. We'll assume there's no friction or heat lost to the environment. When the piston pushes down, the air is compressed, increasing its pressure a",
IiAjADve-ec,tv_series,161,0.7357,0.2713,,new_information,clean,"-We don't have watches, we're watches. -Okay, fine. Everybody knows what they're supposed to do,right? -Right? -Yes. Okay, good, look, man. Power to the people.",
1NLoTuRR3hE,podcasts,186,0.7364,0.7811,,new_information,repetition,"She could have separated from Biden. No, it was it was a And and then I'm like, ""Well, wait a second.",
IiAjADve-ec,tv_series,67,0.7372,0.9945,,clarification,clean,"Hold on. I'll talk to you tomorrow, no, I have to go. I have to go! -Are you okay?",
3esF-pNAM9c,podcasts,101,0.7384,1.0,1.0,off_topic,repetition,I know exactly it was a year and a half ago I was in London and it was just before this book was coming out and I was in a phase where you know when you get burnt out and it's just a lot and I was like why am I doing thi,
1NLoTuRR3hE,podcasts,118,0.7384,1.0,,off_topic,repetition,">> It was when it she she went through so often as a case. She fought back. It was in remission and then boom, it hit again. And it metastasized and it was and she did it was I'll tell you this I will never ever ever eve",
iDtfzQnW-B4,commentary,52,0.7391,1.0,,off_topic,clean,"What's with the celebration? Deep breaths. We just love Deep Breaths, and we're celebrating because of them. Little breaths are no more, only Deep Breaths. Your costume just came in from the designer and is everything!",
IiAjADve-ec,tv_series,58,0.7394,1.0,,discourse_filler,clean,"Yes, of course, you know we have, but these people are ingrates. Besides, they breed like rabbits. You've grown bitter, my friend. People fall in love, they want to have children. It's natural. It's a beautiful thing. Ar",
MsIvs_6vC38,lectures,51,0.7396,1.0,,discourse_filler,revision,"It goes into -- what do I mean here? Maybe rather than saying left of A, left of U, let me right down again what I mean. E A is U, whereas A is L U. Okay. Let me make the point now in words.",
o0AMK3wFK9E,ted,128,0.7397,1.0,,off_topic,clean,"I'm heartbroken about this for him. It's the things we call brain rot, right? Viral material. The eyes are on fire. This is it.",
IiAjADve-ec,tv_series,114,0.7422,0.8665,,new_information,clean,"Yes. Show me, show me. Breathe, breathe, breathe. -Oh, yes. -All right, breathe. Rogelio, what are you waiting for?",
1NLoTuRR3hE,podcasts,14,0.7433,1.0,,discourse_filler,revision,"> I mean, I'm not sure this is what I wanted at 10. I'm not sure I wanted this at 20 or even 30.",
AeGEv0YVLtw,commentary,22,0.7456,0.115,,new_information,revision,"What changed?” And I was like, ""Well nothing really, I mean...the only life event that really happened was that I broke up with my girlfriend and she moved out of the flat where we were living together. And then suddenly",
IiAjADve-ec,tv_series,100,0.7457,0.1265,,new_information,clean,"-I'm feeling better. I don't injure myself, we're out of here. -Okay. Here, let me help you, bend over.",
Aj0s9ztoKUc,entertainment,26,0.7462,1.0,,off_topic,clean,"Because they can't make up their mind. Australia. Now, it's way over there. Good guess. Oh, thank you, Chase.",
ZL5LcsJGS5Y,tv_series,7,0.748,1.0,,discourse_filler,clean,"He approached the door cautiously and opened it just enough to see who stood outside. A young courier held a small package. ""Delivery."" he said nervously. ""No sender name."" Serhat's stomach tightened.",
IiAjADve-ec,tv_series,159,0.748,0.1602,,new_information,clean,"-Okay. -Yes, nice to meet you. You look very nice this evening. Do you like my suit? Okay, [Spanish spoken audio].",
9szhjhO9epA,commentary,32,0.7488,0.1216,0.0,new_information,clean,"What's an extreme use case for a zipper like this? - Deep sea diving, submarine escape suits. - Submarine escape suits sound really cool. In case of an emergency evacuation of a submarine, you need a suit that can balloo",
IiAjADve-ec,tv_series,59,0.7518,1.0,,redundant_repetition,clean,"No, I am… trying to see your point. This boy from the village. I want you to keep him happy. Yes.",
1NLoTuRR3hE,podcasts,38,0.7526,1.0,,discourse_filler,repetition,"In terms of money in the home, what I sometimes think of when I think about my own childhood, money was almost this other person. You know, it's funny. We talk about attachment styles and we say some people have like thi",
Aj0s9ztoKUc,entertainment,55,0.7527,0.4233,,new_information,clean,"Hot. Is it hot? It's spicy. It's not, hold on. It's not hot temperature, just eat it. You got it.",
IiAjADve-ec,tv_series,52,0.753,0.8665,,new_information,clean,"-I'll call you back. Hey, Rogelio. Where are you, Rogelio?",
1NLoTuRR3hE,podcasts,181,0.7536,0.9838,,useful_repetition,repetition,"And and why did it happen? >> Yes. >> Thank you. No, but that was the question. Why? How does that >> why it's one of the reasons I started my own podcast.",
AeGEv0YVLtw,commentary,39,0.7554,1.0,,discourse_filler,clean,"and I missed it? Fortunately, I did eventually walk though and I have enough distance from it all now to happily make this little resource. Though I'll warn you it does have lasting effects. ""I'll never be able to go to ",
AeGEv0YVLtw,commentary,51,0.7556,0.7954,,clarification,clean,"Do I wanna keep it or not?"" Sometimes it sticks in deep, so deep you think it’s you, and it takes therapy and time to slowly grow it out like a splinter. I’m sure a lot of people will want to write to me asking whether I",
1NLoTuRR3hE,podcasts,58,0.7557,0.0949,,new_information,filled_pause,"Uh yeah, you're likely to get bullied going on the bus. >> It's not the best cut, but we've all we've all had we've all been on a journey with our haircuts. > > It's good when I hear your story and the context you grew u",
IiAjADve-ec,tv_series,94,0.7558,1.0,,discourse_filler,clean,"Oh, sorry, I have to go. -Playing croquet? -Oh, no, just hunting for gophers. Wonderful.",
1NLoTuRR3hE,podcasts,93,0.7561,1.0,,discourse_filler,repetition,> Jesus. So give me the whistle stop between that moment when he places you in this role to here. I know I know whistle stop is a tough word to use to describe that journey but what is the whistle stop? >> Well I just I ,
IiAjADve-ec,tv_series,165,0.7563,0.6738,,new_information,clean,There's some lovely food back here if you care to partake. -Thank you. -Thank you. Okay.,
IiAjADve-ec,tv_series,112,0.7566,0.5503,,new_information,clean,[Spanish spoken audio] -All right. -All right. You better breathe. What did you say?,
1NLoTuRR3hE,podcasts,211,0.7569,0.9163,,clarification,clean,"We all need to be loved. I talked about everybody needing to be connected. We also need to be respected. And I think people are talking down to each other, talk, talking past each other. It's again why I want platform pe",
IiAjADve-ec,tv_series,53,0.7584,0.992,,useful_repetition,clean,"Wow! Margarita. Margarita. Oh, I'm so sorry.",
6HVYHNTDOFs,commentary,39,0.7588,1.0,0.0,redundant_repetition,clean,"In between the piston and the tank, he placed a big bucket of water and he forced the air through a submerged pipe. This cooled the air down to around the same temperature as the water. The result was that his tank was s",
IiAjADve-ec,tv_series,174,0.7593,0.9481,,new_information,clean,"Stop eating, you got this. -Yes. -Okay. Chill, chill.",
IiAjADve-ec,tv_series,101,0.7594,1.0,,discourse_filler,clean,"Bend over. -Are you ready? -Yes. Ready, close it, close it! Shit! You know that guy, Piñeda, he's very weird, man.",
Ud6JonLO29o,commentary,0,0.7605,1.0,,off_topic,clean,what's up greg i hope you're having a very spooky october so i mentioned this last year in a tweet and also in the description of spooky man but i know not everybody saw it,
iDtfzQnW-B4,commentary,1,0.7616,0.2713,,new_information,clean,"How's it going? It's really good to see you again. I hope you're doing well. You see what happens when you subscribe to my channel, you get an extra greeting at the beginning of every single one of my videos so press tha",
1NLoTuRR3hE,podcasts,80,0.7627,1.0,,off_topic,clean,"and I open key back up. He comes in. He goes, ""Just want to introduce you to my fiance."" And I said, ""Wow.""",
1NLoTuRR3hE,podcasts,231,0.7631,1.0,,discourse_filler,revision,"Mhm. >> The vandalization that he's done to this democracy and institutions. I mean, eliminating oversight. I'm not just talking about a co-equal branch of government.",
-QTkPfq7w1A,commentary,56,0.7635,1.0,1.0,off_topic,clean,"You increase the pressure and the volume would decrease. Wait, really? That's crazy. That would be the equivalent, but we it's not there yet, but we'll see. That's so cool. In principle, it should be possible. Yeah.",
o0AMK3wFK9E,ted,58,0.7644,0.6813,,clarification,filled_pause,"Uh, and this isn't something that you can learn. >> Now look, some folks just want to play in your face. >> A lack of empathy is a failure of imagination.",
IiAjADve-ec,tv_series,122,0.7651,1.0,,off_topic,clean,"Perhaps there's a curse in him. Who's saying that? Careful. Are you okay? Yes, I'm just tired. Come on.",
4DfCXjwQBRA,commentary,36,0.7659,1.0,0.0,discourse_filler,clean,"- You know what I always wanted to do? Slide down the bowling alley. - I don't know where she got the idea, and maybe from like a cartoon, maybe from that old Disney Channel original movie, Alley Cats Strike, I don't kno",
Aj0s9ztoKUc,entertainment,19,0.766,0.3351,,new_information,revision,"At places like that growing up, but. I don't think tasty freeze, 'cause I feel like I would've known about that. I knew about this from a young age now I didn't know what was in it, but I loved it. I mean lamb. I mean la",
IiAjADve-ec,tv_series,153,0.7675,1.0,,redundant_repetition,clean,"There's nothing wrong with this water. Okay, here, take this. Come on! Oh my God, breath! There's nothing wrong with the water. [Spanish spoken audio]",
4DfCXjwQBRA,commentary,47,0.7681,0.2803,1.0,new_information,clean,"She chooses her beast. I'm yawning. (host choking) Sorry, that was, I was getting, I was balancing my good chi.",
4DfCXjwQBRA,commentary,42,0.7699,1.0,1.0,discourse_filler,clean,"- I just don't understand why everything he says has to linger like that. I think we had some good chemistry there. - This date, it's straight out of my dreams. - You know, in a way, I do kinda understand where she's com",
iDtfzQnW-B4,commentary,14,0.7699,1.0,,off_topic,clean,"Is it a twilight reference? what's an ""ed"" word? Education. You are such an education. I was watching you sleep. No way. I was downstairs doing math homework until like one second ago.",
o0AMK3wFK9E,ted,34,0.77,0.9557,,clarification,clean,"I've performed in front of thousands of people. But even when I hadn't been doing it long, I had to do it scared. So if I'm scared, I still know that I can be fearless and fierce. >>",
o0AMK3wFK9E,ted,118,0.77,0.4343,,new_information,clean,"> But it's it's a wonderful message and it's just it's so resonating. >> Darling, forever. >> Forever. >> Long live the dance floor. >> Chicago.",
9szhjhO9epA,commentary,25,0.7703,0.9163,0.0,clarification,clean,"But if I grab the pull tab and start pulling, you can see that because of the way that it's shaped, it's actually gonna end up pushing that part up, even though I'm pulling to the side, and that's gonna disengage. You ca",you can see
vexARYQjdN8,podcasts,15,0.7708,1.0,,discourse_filler,clean,And then now you don't feel the weight. (Lex flipping) (fighters struggling) - Thank you brother. - Of course.,
MsIvs_6vC38,lectures,19,0.7713,1.0,,discourse_filler,clean,So let me put some other number here like seven. Okay. Okay. Now I want to operate on that with my elementary matrix.,
AeGEv0YVLtw,commentary,33,0.7713,0.2912,,new_information,clean,"Isn’t it good to listen? Don’t you wanna provide for your girl? Don’t you wanna be faithful? If you love someone, you don’t give up on them…” In an ordinary relationship, those virtues will shine - with an abuser, you wi",
Aj0s9ztoKUc,entertainment,17,0.7718,0.9427,,useful_repetition,filled_pause,"Definitely onions though. He being me. Hmm. I gotta get another bite, I'm sorry. I like it too.",
IiAjADve-ec,tv_series,217,0.7729,1.0,,discourse_filler,clean,"Security! [Spanish spoken audio] I can't run in this. [Spanish spoken audio] Margarita? -Margarita. -Hey, Margarita. Margarita!",
1NLoTuRR3hE,podcasts,17,0.7735,1.0,,discourse_filler,repetition,"And yeah, that's that creates a lot of humility of a lot of grace around that. I mean, the idea that that's you're even in the conversation. I know that sounds wrote and cliched, little humble brag.",
Aj0s9ztoKUc,entertainment,68,0.7744,0.3351,,new_information,revision,"Hold on, let me, I think I do need to kind of go in the same plane as the map. I think that's gonna do it. I really gotta get it. I mean, that's paper man. And I think I need to raise it up a little bit There you go.",the map
iDtfzQnW-B4,commentary,29,0.7747,0.9537,,clarification,clean,What the fuck? I do believe we're having an intimate moment.(licks finger) This moment is intimate I can tell. Ding dong.,
IiAjADve-ec,tv_series,34,0.7775,0.785,,clarification,repetition,"Where are we? I don't know what's going on on the other side, go. What's the matter with you? That's my girlfriend, you could've killed her.",
4DfCXjwQBRA,commentary,52,0.7779,0.1265,1.0,new_information,clean,"- Somebody gets this man a medic, his heart is opening. There's been a horrible accident on this set of 'Sexy Beasts.' I think I have to be done with this.",
1NLoTuRR3hE,podcasts,239,0.7781,0.1265,,new_information,clean,"I said, ""Oh, come on."" And then he just starts laughing because he's lighting. He's having fun, but again, he's throwing things out. He's Yes, he's iterating. >>",
MsIvs_6vC38,lectures,61,0.7788,1.0,,discourse_filler,revision,"Okay. So what was the cost here? Well, let's see. What do I mean by an operation? I guess I mean, well an addition or -- yeah. No big deal. I guess I mean an addition or a subtraction or a multiplication or a division.",
1NLoTuRR3hE,podcasts,79,0.7806,1.0,,off_topic,clean,"About 30 minutes later, the guy comes back. I'm like, ""Oh, damn."" Like, I screwed up or something. but he's got this girl with him and he's knocking on the door",
Ff7J-ERl8o0,entertainment,30,0.7816,0.3391,,new_information,clean,"And thank you to Bulleit Frontier Whiskey for making this all possible. You know what? Questlove is volunteering. He's like, I want to bring The Roots on. Yeah.",
1NLoTuRR3hE,podcasts,34,0.7816,1.0,,discourse_filler,repetition,"I mean, then it's becomes, you know, part of who I am, which is the other side of dyslexia. But I, you know, was I was a guy that was was going nowhere academically. You know, I was just I was that kid. And I had a siste",
iDtfzQnW-B4,commentary,32,0.7824,1.0,,discourse_filler,clean,"You don't need anything else? I know how serious concussions can be. Yeah, they're kind of notoriously serious. You sure you shouldn't be at a doctor? Your coma was no joke. You don't understand I got home safe. (upbeat ",
IiAjADve-ec,tv_series,116,0.7826,0.9458,,new_information,clean,"Oh, baby. No. Do you dance, Chiquita?",
-QTkPfq7w1A,commentary,55,0.7838,0.1265,1.0,new_information,clean,It's more about the concept and showing what it can do. We're going to try to see if we can maybe make contra snapping also maybe with different type of variables. It's going to be like a balloon that deflates when you i,
AeGEv0YVLtw,commentary,32,0.7858,0.2912,,new_information,clean,"How can you be too loving?” And the answer is, in an abusive relationship your virtues get turned against you. ""Don’t you wanna be patient and forgiving?",
1NLoTuRR3hE,podcasts,66,0.7861,0.8403,,clarification,filled_pause,">> And then it became my sister took over because I I got into politics and uh she said, ""I don't like this failure framework."" I said, ""Well, it's the I love failure. I'm good at it. Dyslexics are the best at it.",
1NLoTuRR3hE,podcasts,195,0.7862,0.7466,,clarification,filled_pause,>> Yeah. >> Which is just in of itself was interesting. Look um these folks exist and persist. You can deny it. My party can deny it at its own peril. Back to your point about what the hell's happened to my party. And so,
MsIvs_6vC38,lectures,34,0.7863,1.0,,redundant_repetition,clean,"How easy is it to invert the whole bunch? So, that's what we know how to do. We know how to invert, we should take the separate inverses, but they go in the opposite order.",
Aj0s9ztoKUc,entertainment,25,0.7863,0.0707,,new_information,filled_pause,"and then they make it really, really good, from my personal experience having gone there. It's also a continent. Hmm.",
MsIvs_6vC38,lectures,36,0.7872,1.0,,off_topic,clean,And let me explain why. Let me explain why is this product nicer than this one? This product turns out to be better than this one. Let me take a typical case here.,
IiAjADve-ec,tv_series,128,0.7874,0.9481,,new_information,clean,"Oh, God! -You could never understand. -Yes. -I could. -No! You could not. Fine.",
1NLoTuRR3hE,podcasts,71,0.7877,1.0,,discourse_filler,clean,"This goddamn idiot."" And I started laughing. Went up there the next morning, met with them, and I said, ""This is a magical.",
1NLoTuRR3hE,podcasts,238,0.7884,0.9601,,new_information,clean,"And I literally turned. I'm like, ""Oh, seriously?"" He goes, ""Yeah."" Goes, ""What do you think? Three terms, four terms?""",
IiAjADve-ec,tv_series,160,0.7885,1.0,,off_topic,clean,"Hey, what are you doing? Come on, put that down. Okay, look. Synchronize your watches.",
1NLoTuRR3hE,podcasts,4,0.7888,0.2912,,new_information,clean,>> Governor of California. >> Gavin Newsome. >> Gavin Newsome. >> Who is the real Gavin Newsome?,
IiAjADve-ec,tv_series,68,0.7893,0.6852,,clarification,clean,-Yes. Are you sure you weren't hurt in that accident? It's a poor boy I ran over. He was so injured. -Think of him.,
o0AMK3wFK9E,ted,37,0.7905,0.6738,,new_information,clean,Greek grapes. >> This is the real deal. And I really have to have all of my thoughts composed for this. >> Exhale.,
IiAjADve-ec,tv_series,126,0.7913,0.9953,,useful_repetition,clean,Carmelita. I can't. Listen. Will you? Hi.,
IiAjADve-ec,tv_series,99,0.7924,0.0719,,new_information,clean,"This is my father's house, he'll say when he leaves. Your father? Let's not talk about your father. -What are you doing?",
9szhjhO9epA,commentary,33,0.7943,0.9616,0.0,useful_repetition,clean,But you also need to be able to put it on super quickly. And the best option seems to be this suit with a giant watertight and airtight zipper on the front. Airtight zippers like these even made it onto spacesuits. And t,
1NLoTuRR3hE,podcasts,125,0.7948,1.0,,off_topic,clean,doctor comes in and ministers and she starts gasping. My sister runs out. The doctor had already left and I was like I She's gasping for air and I'm just sitting there and holding her hand,
3esF-pNAM9c,podcasts,103,0.7952,1.0,1.0,discourse_filler,clean,oh because I go through ups and downs it's hard you know it's hard to drive this idea this project by myself and to manage all the people and to care so much about the placement of the [ __ ] broccoli on the cover of the,
o0AMK3wFK9E,ted,77,0.7955,1.0,,discourse_filler,clean,"If I had let myself get a little closer, I might have seen him, the real him. And that missed opportunity kind of broke everything for me. >> He works a sage so well. He really does. >> No one is objective, but we can al",
Ud6JonLO29o,commentary,4,0.7958,1.0,,off_topic,clean,oh no this halloween i just need my spooky girl i guess that one doesn't really fit because that's talking about someone else it's not even talking about me i'm not the spooky girl now spooky dj on the other hand that [ ,
Aj0s9ztoKUc,entertainment,15,0.7967,1.0,,discourse_filler,clean,It's like a honey mustard. Very sweet. Very good. Not a cucumber.,
Aj0s9ztoKUc,entertainment,63,0.7973,1.0,,discourse_filler,repetition,"Yeah, but I mean, I don't even, I can still, he hit the board. If you don't hit the board, I'll, I'll let you attempt it again. Oh, thank you for that. Um. Well, lemme just figure out what place I do think I would want t",the board
3esF-pNAM9c,podcasts,96,0.7991,0.0949,0.0,new_information,repetition,I don't know but it can't be that's like it's not like a find out it's got to be there's got to be listen maybe it's just one of those things that's actually not too bad for us I don't know I think one of the downsides i,
IiAjADve-ec,tv_series,198,0.8018,1.0,,redundant_repetition,clean,I'm going to find out what's really going on. Okay. Maybe I am the stupidest.,
IiAjADve-ec,tv_series,86,0.8023,0.8665,,new_information,clean,"-Hi, how are you? -This is El Comandante. Can I call you El? I'm just kidding.",
IiAjADve-ec,tv_series,40,0.8029,0.2912,,new_information,clean,"Wait. Where am I? You're in his house, of course. Excuse me, what are you doing?",
o0AMK3wFK9E,ted,9,0.8033,1.0,,off_topic,clean,All you really need are a generous heart and a curious mind. My name is Joshua Johnson. I live in Chicago.,
4DfCXjwQBRA,commentary,40,0.8034,1.0,1.0,off_topic,clean,"I'm a rare find. You're not gonna wanna say no to this. - No, I wanna say no to this. Can I say no to this? No. So they go on this horse drawn carriage ride around the city or the countryside.",
Ff7J-ERl8o0,entertainment,7,0.8044,1.0,,off_topic,repetition,"Like, to, you know, you be be be like water. Remain the tree that bends. So, just flexible from a mental, spiritual, and, you know, almost physical perspective, right? You have to just be willing to to compromise. In The",
IiAjADve-ec,tv_series,134,0.8047,0.9907,,clarification,clean,-Leave her alone! -No! -Margarita!,
iDtfzQnW-B4,commentary,0,0.8053,0.6638,,new_information,clean,"(suspenseful music) - Hey guys, welcome back to my channel if you're new here what's up? How's it going? And if you're coming back what's up?",
1NLoTuRR3hE,podcasts,36,0.8053,1.0,,off_topic,clean,I think cuz she was struggling with me. But that's a hell of a thing to say to a kid. And I think she was just saying it's okay. You don't have to be your sister. You're not your dad.,
Ff7J-ERl8o0,entertainment,23,0.8066,1.0,,discourse_filler,filled_pause,"Black No More. >> Yes. Where did the dream of doing a stage show originate with you? Um, I think that's something that, um, you know, we started ideating on, uh, while our mentor Rich Nichols was still, you know, with us",
MsIvs_6vC38,lectures,3,0.8067,1.0,,redundant_repetition,clean,What's the inverse of A B? Do I multiply those separate inverses? Yes.,
3esF-pNAM9c,podcasts,100,0.8073,1.0,1.0,off_topic,filled_pause,we forgive thanks Stephen so kind of you to say we have um a closing TR on this podcast where the last guest leaves a question for the next guest not knowing who they're leaving it for and the question that's been left f,
ZL5LcsJGS5Y,tv_series,10,0.8085,1.0,,discourse_filler,clean,"""Because someone close to us is talking."" The realization hit like thunder. Berak wasn't guessing. She had information, real personal information.",
o0AMK3wFK9E,ted,7,0.8099,0.1663,,new_information,clean,>> This is a rehearsal that is like meant to support you and so you know everybody's in really good shape. You guys have worked so hard on these talks. The feedback that you'll get from us is just maybe little tweaks. >>,
1NLoTuRR3hE,podcasts,32,0.8101,1.0,,discourse_filler,repetition,">> I mean, I was I was a guy in the back of of the class. I was a guy with the head down. I was a guy, you know, soaking wet, sweating. I was a guy shaking underneath, not physically shaking. Um, desperate not to be call",
AeGEv0YVLtw,commentary,14,0.8123,0.4237,,new_information,clean,"And she was Australian and she said, “You know, Shrek had friends. People liked Shrek.” Which was honestly one of the most uplifting things anybody has ever told me.",
IiAjADve-ec,tv_series,218,0.8133,1.0,,redundant_repetition,clean,"Hey, over here. -Margarita. -Margarita. Hey, over here.",over here
IiAjADve-ec,tv_series,31,0.8134,0.0965,,new_information,clean,"It sounds like fun. What's the matter with you? Are you scared? I'm just worried about my father, about the island. Do you know what's up with you? You don't know whether you want to come or go.",
IiAjADve-ec,tv_series,222,0.8135,0.4776,,new_information,clean,Please don't hit me with that car. Margarita. Are you okay?,
Aj0s9ztoKUc,entertainment,61,0.8141,0.2803,,new_information,clean,"And then r needs to throw through it. I'm throwing through paper to get the map. Throw through the paper. Well, this feels a little unfair.",the map
iDtfzQnW-B4,commentary,21,0.8144,0.1005,,new_information,clean,so we still didn't find out what our ex boyfriend texted us. So I'm kind of pissed about that. We're just making eating hot lemon lime sandwiches.,
vexARYQjdN8,podcasts,7,0.8149,1.0,,discourse_filler,clean,"If I try to step over, my weight's going up. When back up, you're gonna amplify that. (Lex flipping) -",
1NLoTuRR3hE,podcasts,78,0.817,1.0,,off_topic,clean,"He's like, ""Thank you."" Put it away. I'm like, ""It's good."" He goes, ""Can you wrap it?"" I said, ""Yeah, I got it wrapped."" Says, ""Thank you, man.""",
-QTkPfq7w1A,commentary,1,0.8171,0.6738,1.0,new_information,clean,"Here it is under controlled conditions. There's a cup hanging from the mechanism. But now look what happens as you add water to it. All of a sudden, the cup shoots up.",
1NLoTuRR3hE,podcasts,194,0.818,0.9869,,clarification,filled_pause,>> I app I love the way you describe that and I I everything you said resonated with me. Um had Steve Bannon on.,
IiAjADve-ec,tv_series,55,0.8183,0.9916,,useful_repetition,clean,"I thought you said he's a thief. -Who, sir? -Our guest? He's a spy and a thief, sir.",
IiAjADve-ec,tv_series,56,0.8208,1.0,,off_topic,clean,Excuse me. -It's a thieving spy. -Or a spying thief. -What? -Never mind.,
-QTkPfq7w1A,commentary,0,0.8213,0.2912,1.0,new_information,clean,"This little mechanism shrinks when you try to stretch it. You try to pull it apart and all of a sudden it pulls back on you. That's so weird, right?",
IiAjADve-ec,tv_series,220,0.8217,0.5686,,new_information,clean,"Go, Margarita. -Go, watch out! -Watch it go! -Get them right there.",
Aj0s9ztoKUc,entertainment,91,0.8219,1.0,,discourse_filler,revision,"Okay. Oh, I think, I mean, he's in the right vicinity, but the only way for me to win is to be. Closer. A lot closer, more than 13 closer. And that's problematic here.",
1NLoTuRR3hE,podcasts,127,0.8236,1.0,,off_topic,filled_pause,"That was probably done illegally. I don't even want to know. And if you want to come after me, come after me. um she needed to do it. She was in so much pain, suffering. Now it's legal to do that, but it wasn't at the ti",
-QTkPfq7w1A,commentary,39,0.8236,0.0478,1.0,new_information,clean,So you sort of go over a peak in energy or in force and it suddenly snaps and typically it becomes softer. And this is the way all things snap. Everything used to fail in the direction of the applied force until this mec,
IiAjADve-ec,tv_series,182,0.8243,0.8716,,new_information,clean,"-Rogelio, please. You can go and do whatever you want. You can be with whomever you want. I have responsibilities.",
vexARYQjdN8,podcasts,13,0.8244,0.9854,,useful_repetition,clean,"Thank you. Now it's not in front anymore, so I never had to move it. And so when you're in this position, go ahead and move on that, and then not be to that front position. Boom, wait.",
o0AMK3wFK9E,ted,101,0.825,1.0,,discourse_filler,clean,"If you've ever had a space like that, hold it up here. Oh no. Oh no. No. No. No. Oh. Darling. >> Part of me wants to think that like she's just so passionate about this that it's almost hard for her to talk about it out ",
MsIvs_6vC38,lectures,76,0.8266,1.0,,off_topic,revision,"oh, I don't want to tell you the whole -- I mean, you know the whole point of calculus. Calculus is like sums except it's continuous. Okay.",
1NLoTuRR3hE,podcasts,37,0.8283,1.0,,discourse_filler,repetition,"You know, you never be that person. I loved her deeply and I'm here because of her. But that shapes a lot of the early that that person that you know and it's shaped who I've become because I've done everything in my pow",
1NLoTuRR3hE,podcasts,109,0.8285,0.9427,,useful_repetition,revision,">> Yes. And I got an earful from all of them. people I adored, revered. The same people, the same people said, all of them. I mean, this is the road advice that everyone goes, ""Whatever you do, just do the right thing. D",
AeGEv0YVLtw,commentary,21,0.8286,0.6852,,clarification,clean,"But things got better. You were making one kind of video and now you’re making stuff you really care about, you used to think that stuff all the time and now you recognise those are anomalies that can be addressed, you’r",
Ff7J-ERl8o0,entertainment,1,0.8292,1.0,,off_topic,clean,"Thank you, Sean. Thanks for having me. To kick things off, what will you be drinking for today?",
-QTkPfq7w1A,commentary,3,0.8302,0.2784,0.0,new_information,repetition,"And to understand it, you just need to ask a simple question. What will happen to this weight if you cut the green rope? Where is this going to end up? Is it going to go up? Is it going to going to go down? Or is it goin",
3esF-pNAM9c,podcasts,63,0.831,0.1197,0.0,new_information,repetition,yeah but also if you want to have vinegar straight you need to get higher quality vinegar there's some vinegars that taste really really good but in our case we're just trying to get the acetic acid and we don't need hig,
Aj0s9ztoKUc,entertainment,58,0.8313,1.0,,discourse_filler,clean,"Oh, good gosh, it's so hot. That's good. I love it. I love it. It's like, I feel like I've been a bad boy and I just punished myself.",
IiAjADve-ec,tv_series,111,0.8332,0.2713,,new_information,clean,"Yes, exactly. [Spanish spoken audio] -What are you going to have? -No, no, that's pretty strong stuff. You can't handle it?",
IiAjADve-ec,tv_series,183,0.8359,1.0,,off_topic,clean,"I don't? If you really cared, you would understand. With a privileged life comes privileged responsibilities. You know what I think? I think it's all about money. -Yes.",
IiAjADve-ec,tv_series,97,0.837,1.0,,off_topic,clean,"-I just wish… -What? Come on, tell me, tell me. Look, what's the problem? I hate that car.",
o0AMK3wFK9E,ted,71,0.8371,0.6738,,new_information,clean,And I am so happy to see it. >> Yeah. And there's something about seeing someone struggle so much in rehearsal.,
9szhjhO9epA,commentary,37,0.8376,1.0,0.0,off_topic,clean,"A worn down slider is something you might be able to fix at home. Just take some pliers and crimp the slider together from the sides. That will make the inner cavity more narrow, just like when it was new, which should m",
IiAjADve-ec,tv_series,170,0.8383,0.7841,,new_information,clean,"What does she see in him? -Who, sweetie? -Oh, that peasant.",
Ff7J-ERl8o0,entertainment,6,0.8391,1.0,,discourse_filler,clean,"We started to integrate different instrumentation. And then, you know, you guys have been together for over 30 years. You've survived everything from financial struggles to massive success. Do you have any foundational t",
1NLoTuRR3hE,podcasts,119,0.8398,0.2803,,new_information,clean,"And this is just my own personal experience. She called me, left a voice message. Imagine getting this voice message. I was very busy doing all this stuff and obviously not attentive enough to her.",
1NLoTuRR3hE,podcasts,206,0.8424,1.0,,discourse_filler,clean,">> At least people will know who you are. >> Yeah. And I think most people don't. They see me as sort of, you know, slick guy that, you know, was they think I was grew up in with a trust fund. Everything was handed to th",
1NLoTuRR3hE,podcasts,146,0.8431,1.0,,discourse_filler,clean,She goes I said she goes you're the mayor in San Francisco. I said yeah I know. She goes well then start acting like it.,
vexARYQjdN8,podcasts,11,0.8432,0.162,,new_information,clean,"That leg is light. Now I can come back through. - Yeah. - I press 'em until they press back hard enough where we go from this angle to up, and then I can slide on.",
IiAjADve-ec,tv_series,147,0.8438,1.0,,off_topic,clean,"Cousin. Wow! Hey. You know why she's doing this? Because she's feeling guilty. She thinks that's going to make her feel better, man. You know what I say?",
Aj0s9ztoKUc,entertainment,53,0.845,0.1265,,new_information,clean,"I'm just here for the wraps now, I guess. No. Yeah, look, you have a big advantage you can use.",
4DfCXjwQBRA,commentary,27,0.8455,0.8427,0.0,clarification,clean,"- But rhino guy is confident in like ways that make my skin crawl. - But then there's also another side of me that I'm like super energetic. - Totally. - So it's like a balance, you know? - You gotta have the Yin",
iDtfzQnW-B4,commentary,69,0.8457,1.0,,discourse_filler,clean,"I don't like what I'm hearing. Who is this new partner? I can handle it Tony please just stay away. Dude, I think my throat is bleeding after that.",
1NLoTuRR3hE,podcasts,148,0.847,1.0,,discourse_filler,clean,I said I don't need to I don't like being in the front I don't like I don't need to be right. She says the [ __ ] mayor and you'll be in the front row and you'll have people watch you in the front row because that's what,
1NLoTuRR3hE,podcasts,156,0.8472,1.0,,discourse_filler,filled_pause,I've made mistakes and I expect to make a lot more. >> Yeah. >> But I think it's in the admittance of those mistakes and acknowledging them that that's where we uh >> that's where we find out who we actually are.,
1NLoTuRR3hE,podcasts,49,0.8478,1.0,,discourse_filler,clean,"I And we had this conversation. She said, ""I didn't really want to talk to you about it. You've been struggling with I said, I know I can't read and you know, stupid, mom."" I said, ""No, you're not stupid. We're working t",
Aj0s9ztoKUc,entertainment,32,0.8487,1.0,,off_topic,clean,"Link, 59. Oh. Could have been worse. Mm, yeah. What do we have here? Whoa.",
1NLoTuRR3hE,podcasts,180,0.8487,1.0,,discourse_filler,filled_pause,"Uh, exactly. We need to understand that. I can give you 25 theories. >> Can you give me super because I'm not a politician, so I don't understand a lot of the political talk, but like that is staggering. >> Yes. >>",
IiAjADve-ec,tv_series,107,0.849,0.4343,,new_information,clean,"-He's talking about her, idiota. -She's my driver. -Well. You must be crazy, stupid, or something, but if that was my driver, I'd… Hey.",
iDtfzQnW-B4,commentary,45,0.849,1.0,,discourse_filler,revision,"It was perfect. I mean, kissing is already pretty pG-13, right? As it's tough to make a kiss rated R. Fuck you, fuck you, fuck you bitch. Weed, smoke weed.",
AeGEv0YVLtw,commentary,25,0.8499,0.0965,,new_information,clean,"but goddamn did it feel good. And my therapist said, “You know, I think this is trauma. I think you’ve been traumatised.” And I said, “Nah, if I had trauma, I would know about it, surely?” And she said, ""You've been in a",
6HVYHNTDOFs,commentary,56,0.85,1.0,1.0,off_topic,clean,"You can scan this QR code or click the link in the description. Brilliant also gives our viewers 20% off an annual premium subscription for unlimited access. So, I wanna thank Brilliant for sponsoring this video, and I w",this video
o0AMK3wFK9E,ted,100,0.8504,0.0719,,new_information,clean,"It was like a sanctuary for the disenfranchised, for marginalized folks, and it dissolved barriers. And so if you have a place where you have ever felt the safest and most trusted, that's your dance floor. Okay?",
IiAjADve-ec,tv_series,151,0.8511,0.2713,,new_information,clean,[Spanish spoken audio] What the hell is wrong with you? There's nothing wrong with the water. Yes.,
1NLoTuRR3hE,podcasts,199,0.8526,1.0,,off_topic,clean,>> I'd love to see her picture of mom and dad and I know her as well or better than most. >> Yeah. >> But I would love to see that side of her.,
IiAjADve-ec,tv_series,168,0.8541,1.0,,discourse_filler,clean,You know that every woman in this room is only looking at you. Do you like fish? Very much. How about you? Fish are my life.,
3esF-pNAM9c,podcasts,102,0.8548,1.0,1.0,discourse_filler,clean,and he just said whatever you're doing it's important like keep going and it's so crazy that this stuff happens there was the universe sending me a message or something he was definitely like I don't know yeah that reall,
IiAjADve-ec,tv_series,190,0.8549,0.1265,,new_information,clean,"El Miso, excuse me. Hey. Come on. Got it. -Fixed. -Arrest them. Also her.",
IiAjADve-ec,tv_series,47,0.8551,0.4343,,new_information,clean,"I am so sorry about what happened. It's all my fault. -No, it's not.",
1NLoTuRR3hE,podcasts,209,0.8556,0.8595,,useful_repetition,filled_pause,">> I think we're struggling our identity. I think we're um, you know, Trump has made it made us feel free to shove again. It's not our better selves.",
IiAjADve-ec,tv_series,152,0.8562,0.9458,,new_information,clean,"See, nothing. What are you doing? I don't know what's going on.",
4DfCXjwQBRA,commentary,7,0.8565,1.0,1.0,off_topic,clean,"(upbeat rock music) No, like he was an absolute beast. He was a monster with like horns and stuff. - Hey, how you doing? Dam. - How are you? - How you doing? - [Narrator] Could you fall in love with someone based on pers",
9szhjhO9epA,commentary,17,0.857,1.0,1.0,off_topic,clean,"We will introduce this automatic fastener, but we need a name for it. - [Gregor] Then the company's president had an idea. - Well, you know, it worked really well. They're pretty nice. You can just sort of...",
o0AMK3wFK9E,ted,0,0.857,0.2803,,new_information,clean,"The big red dot, the dream come true. Give the talk of your lives. This is the real deal.",
IiAjADve-ec,tv_series,77,0.8573,1.0,,off_topic,clean,"Thank you. I was relieved when I found out it was an accident, a minor one. Actually, it was my fault. -That's impossible.",
IiAjADve-ec,tv_series,197,0.8575,0.9981,,clarification,clean,"Yes. No, mama, you got it bad, that's all. You can stay out there.",
IiAjADve-ec,tv_series,163,0.8581,0.5503,,new_information,clean,"-I'm fine. Remember Luis? Yes, of course, how could I possibly forget? -And?",
1NLoTuRR3hE,podcasts,111,0.8587,1.0,,discourse_filler,filled_pause,And it sort of shook my confidence in this whole bracket of politics. like what am I doing? What did I just do? Um but it was it was a hell of a first impression as mayor uh to do that,
4X16Iw5ST4Q,commentary,29,0.8593,1.0,1.0,off_topic,clean,so you have to be nice to me it's the law also check the description for the other [ __ ] i do my twitter instagram podcast and come see me on tour man i'm doing a big tour this summer and i want people to see it thank y,
1NLoTuRR3hE,podcasts,153,0.8594,0.96,,useful_repetition,clean,What would you tell him? >> Get your [ __ ] together. >> You're referring to an extrammarital affair which you owned up to.,
o0AMK3wFK9E,ted,49,0.8598,1.0,,discourse_filler,clean,">> You know, in rehearsal yesterday, he tried putting the flag on during his talk, and I think that kind of slipped him up. So, I'm glad to see that he just started with the flag on. Yes. > > But then it hit me.",
IiAjADve-ec,tv_series,115,0.8601,0.8716,,new_information,clean,"Go get in. -Him. -Go. Oh, I missed you.",
1NLoTuRR3hE,podcasts,198,0.8618,0.4984,,new_information,repetition,and I I I think a lot about you know >> what we've just gone through. I wish I'd love to see Ka >> on your show.,
-QTkPfq7w1A,commentary,25,0.8629,0.0478,0.0,new_information,clean,"That's because both of these are examples of the same paradox. The springs are like the narrow city roads. The more weight or cars you add, the longer they get. And the ropes are like the highways. It doesn't matter how ",
-QTkPfq7w1A,commentary,38,0.8641,1.0,1.0,discourse_filler,revision,"It's very intuitive. I mean, you've all experienced it, at least if you're in the Netherlands, with your umbrella. There's a gust of wind underneath your umbrella. It pops to the other side.",
MsIvs_6vC38,lectures,86,0.8647,1.0,,off_topic,clean,So tell me some more. STUDENT: Zero one STRANG:,
H5DhD5Nwl_0,ted,5,0.8664,1.0,,off_topic,clean,"Ideally, she would stay stealth long enough to take in a little over a tablespoon of the pig’s blood. Then she’d be in good shape. But the pig starts suddenly, throwing her off.",
1NLoTuRR3hE,podcasts,140,0.8673,1.0,,discourse_filler,repetition,"I'm going to be late. And I'm like trying to, you know, and then we had the alarms going off in the house. And then the all the lights flicker cuz we just moved in as you know. And then the just craziness. And then you l",look at
iDtfzQnW-B4,commentary,35,0.8684,1.0,,off_topic,clean,"Oh, what the fuck was that? (siren rings) She just Ant-Man onto the fucking screen.",
iDtfzQnW-B4,commentary,25,0.8685,1.0,,redundant_repetition,clean,No! Just when we were finally having our moment! Just when I was about to get a kiss! fuck it,
o0AMK3wFK9E,ted,111,0.8686,1.0,,off_topic,repetition,My question around this one is like I wonder if this idea thrives the most in this local environment. >> That makes sense. I I feel that. Yeah. >>,
o0AMK3wFK9E,ted,20,0.8692,0.9854,,useful_repetition,clean,It really makes us feel a connection. You own this material. >>,
MsIvs_6vC38,lectures,39,0.8699,1.0,,discourse_filler,clean,Okay. Now this guy will have -- do something -- now let's suppose minus five one. Okay.,
IiAjADve-ec,tv_series,149,0.8703,1.0,,off_topic,clean,"Oh, wow, wouldn't that be great, man? I think we should do that. Why don't we do that? Rogelio!",
Aj0s9ztoKUc,entertainment,67,0.871,1.0,,discourse_filler,repetition,"Hold on. Lemme get this in, in the, i I want you to, I'm gonna throw it so hard. I might accidentally hold onto it, and it's gonna go right in your ear. Do not do that.",
iDtfzQnW-B4,commentary,33,0.8716,1.0,,discourse_filler,clean,The fuck was that? - (books sound) Books. (chuckles) - I got home safe. - (books sound) Books. - I'm moving on from the accident.,
IiAjADve-ec,tv_series,188,0.8725,1.0,,off_topic,clean,"What is it? Your favorite, of course. What did you call him?",
iDtfzQnW-B4,commentary,11,0.8726,1.0,,off_topic,clean,"I was really tired. Oh, no problem. Just a heads up. I've wet the bed every single night of my life.",
o0AMK3wFK9E,ted,25,0.8747,0.946,,useful_repetition,clean,">> Cuz normally like with your dominant hand, you're doing more of the action. So have it in like your non-dominant hands. >> Very clever. >> The feedback was enormous.",
1NLoTuRR3hE,podcasts,61,0.8751,0.9593,,useful_repetition,filled_pause,">> Um, and my mother struggled a little bit and it was more self-medicating for me. I started discovering that as well.",
o0AMK3wFK9E,ted,91,0.8753,1.0,,discourse_filler,clean,Thank you. >> This could be a worldchanging idea. This is important. This is big. I think he delivered it well. I am left wondering a little bit.,
Aj0s9ztoKUc,entertainment,62,0.8769,1.0,,off_topic,clean,"To get to the map, so you can't even see it. It's a disadvantage, it's not unfair. It's, it makes it harder for you.",the map
Aj0s9ztoKUc,entertainment,47,0.8777,1.0,,discourse_filler,clean,"I want to eat more of it right now, but I'm. This could be Australia. It definitely could be. Because.",
3esF-pNAM9c,podcasts,12,0.8789,1.0,0.0,off_topic,filled_pause,and I like what I thought that was healthy yeah um but what are those things I guess for the suris the surprising ones not just for you but for people that message you and go oh my God Jesse I've been lied to about my to,
o0AMK3wFK9E,ted,105,0.8793,0.4343,,new_information,clean,And it doesn't help that this pool of speakers is so strong. >> Sure. >> I think it went great.,
1NLoTuRR3hE,podcasts,82,0.8797,0.9481,,new_information,clean,>> It's not a transaction. It's relationships. Talk about moments.,
4X16Iw5ST4Q,commentary,23,0.8805,1.0,1.0,off_topic,repetition,yeah actually i i am okay in that case don't use this needle there's it's just peanut butter in here okay why do you even have that it's my lunch dude relax i ran out of tupperware and the only thing i had laying around ,
3esF-pNAM9c,podcasts,85,0.8814,0.1276,0.0,new_information,clean,okay in English it should say makes the glucose Spike of carbs and sugar up to 40% smaller what is it okay it's like,
1NLoTuRR3hE,podcasts,50,0.8815,1.0,,discourse_filler,clean,"And she just didn't want to give create the stigma. She didn't want me to use it as a crutch, as an excuse, I think. And I'm angry back to the sort of you know dialect in my own brain about good bad",
4X16Iw5ST4Q,commentary,20,0.8819,1.0,0.0,off_topic,filled_pause,and uh i think i've saved the best one for last hey you ever thought about taking drugs [Music] i didn't know but i never really thought about it think hard the first it's free,
o0AMK3wFK9E,ted,15,0.8837,0.8644,,new_information,repetition,Okay. > > I love love love Dr. Sammy.,
Aj0s9ztoKUc,entertainment,70,0.8844,1.0,,discourse_filler,clean,"Man, that thing, you went right through there. Oh, it didn't even slow it down. It didn't slow it down at all. I aimed high, I shouldn't have done that.",
IiAjADve-ec,tv_series,225,0.8852,1.0,,off_topic,clean,"Breath out. -Are you hurt? -Are you hurt? Yes, kind of here. Here, it hurts a little bit because when I was running, you know, it…",
o0AMK3wFK9E,ted,2,0.8855,0.9481,,new_information,clean,Well done. >> To be declared the winner. That would be the dream. I'm attempting something extraordinary. >> He struggled.,
IiAjADve-ec,tv_series,195,0.8858,1.0,,discourse_filler,clean,"Now if I could only prove it. No, no. No way, I'm not. -Just so you know, I'm the best friend you will ever have, but I'm not the stupidest.",
iDtfzQnW-B4,commentary,53,0.886,1.0,,off_topic,clean,"well leave that. Everything is moving back and forth. It's a good way to emphasize like a part of your sentence. You know, I'm sorry to tell you like this but your grandpa's dead.",
1NLoTuRR3hE,podcasts,214,0.8863,1.0,,discourse_filler,repetition,I I mean forgive the word hate. I know I I just I dislike I hate bullies.,
4DfCXjwQBRA,commentary,44,0.8866,1.0,1.0,off_topic,clean,"- Breathing in through our nose or our snout, hold. - Has anyone ever done that? I've never done that and I've been on my fair share of first dates. -",
CcVMWwXOk8I,tv_series,15,0.887,0.3006,,new_information,clean,"Let us know in the comments. And don't forget to like, share, and subscribe for more epic Turkish drama videos. If you're craving more love stories, check out our next list. You won't want to miss it.",
4EXVrzOACv4,commentary,11,0.8874,1.0,1.0,discourse_filler,clean,"[drinking noises] Aaah. Well that is one great beverage. Now you just need to protect it from the cat. Come on, kitty, off the table. Well, first of all, don’t.",the table
1NLoTuRR3hE,podcasts,23,0.8877,0.854,,useful_repetition,repetition,"Do you think you could deliver in that respect? >> I I you know, increasingly, which is strange. I wouldn't been I don't know that I could have said that a few years ago.",
_gTgloPR0Aw,ted,3,0.8883,1.0,1.0,off_topic,clean,"Business revenues were up 65%. Families saved more and ate more. Kids were doing better in school. There was less alcoholism, depression, domestic violence, and inequality between families.",
IiAjADve-ec,tv_series,7,0.8886,0.8665,,new_information,clean,-Is it your heart? -[Spanish spoken audio],
IiAjADve-ec,tv_series,65,0.8896,1.0,,off_topic,clean,Better make it 2:00. -Yes. -No! Two is too early.,
IiAjADve-ec,tv_series,127,0.8899,0.6638,,new_information,clean,Oh my God! What am I doing here? -This isn't… -What do you mean?,
1NLoTuRR3hE,podcasts,189,0.8904,1.0,,discourse_filler,filled_pause,>> Uh there he's got a plan. He's executing a plan. He's got a strategy. He's got a date that he's identified with a goal attached to it.,
1NLoTuRR3hE,podcasts,160,0.8905,1.0,,discourse_filler,repetition,And that was the impact I had on one of my friends that I you know because of that very and I don't it's not a way it's just like the shortest. It wasn't even a relationship was like just just some stupid stuff.,
IiAjADve-ec,tv_series,27,0.8905,0.9945,,clarification,clean,"Do you want to know why? Because you're a loser, Luis. -Loser?",
iDtfzQnW-B4,commentary,58,0.8909,0.6638,,new_information,clean,"What, Who are you? I'm you, from the future. Wait, hold on, and there's no time to explain. You got to forget about this, all right?",
Aj0s9ztoKUc,entertainment,78,0.8914,0.9962,,clarification,clean,"Oh, we're, it's like uncovering. There's some noodles. A hiding baby in a bed.",
IiAjADve-ec,tv_series,124,0.8919,1.0,,off_topic,clean,When did I pick you? I don't know. When you hit me with your car.,
iDtfzQnW-B4,commentary,31,0.892,0.4233,,new_information,clean,"I'll just leave the cookies in the kitchen and head out. Oh, so you sure you're okay?",
4X16Iw5ST4Q,commentary,7,0.8923,1.0,1.0,off_topic,revision,right the car wasn't even that expensive when this was filmed but i mean if we're being realistic even if he caught up to the card and he caught up to it when he was on the ground and he picked it up it already lost a lo,
MsIvs_6vC38,lectures,45,0.8928,1.0,,redundant_repetition,clean,"so now I can do it -- below it I'll do the inverses. Okay. And, of course, opposite order. Reverse order. Reverse order. Okay.",
1NLoTuRR3hE,podcasts,30,0.893,1.0,,discourse_filler,filled_pause,"Um is reflected in her. At the same time, a lot of the anxiety and and fear uh sense of, you know, I mean, sometimes loneliness. I mean, she was a very lonely person.",
4X16Iw5ST4Q,commentary,11,0.893,0.9557,1.0,clarification,clean,yeah exactly and what does psa stand for pretty small animal obviously that's not what it stands for have you ever even seen a house hippo in real life they're not real oh really they're not real then what do you call th,
AeGEv0YVLtw,commentary,3,0.8932,1.0,,off_topic,clean,"Only he doesn’t. So why not? If Hell is so awful, why doesn’t Garcin just walk out?",
iDtfzQnW-B4,commentary,66,0.8934,1.0,,off_topic,clean,"Because how am I one short every time? I'd never have enough to do the fucking thing. Yeah, I'm going to get more.",
IiAjADve-ec,tv_series,167,0.8936,1.0,,discourse_filler,clean,"Do you know where a girl can find a drink around here? What did you call me? Come on, gorgeous.",
1NLoTuRR3hE,podcasts,122,0.8937,1.0,,off_topic,clean,I remember like early on like what are these pills? She had to take those an hour before he got there. She takes them. God is my going through [ __ ],
1NLoTuRR3hE,podcasts,115,0.8938,1.0,,off_topic,clean,"Don't do this to yourself."" And she literally near deathbed said, ""Just please don't do this. Don't don't keep doing this."" She was really upset that I ran for mayor.",
Ff7J-ERl8o0,entertainment,10,0.8939,1.0,,discourse_filler,repetition,"So, you know, we were that hard of an act to follow that he had to bring The Roots back out Keep that Keep that energy level up there. Yeah, yeah, yeah. So, that was, you know, I I definitely felt in that moment that, yo",
1NLoTuRR3hE,podcasts,232,0.8941,1.0,,off_topic,clean,>> What does that mean for the average person that doesn't >> It means there's no,
IiAjADve-ec,tv_series,109,0.8943,1.0,,discourse_filler,clean,"-Easy, peasant. -I just like the car. -Take it easy. Take it easy, I know you're my friend.",
Aj0s9ztoKUc,entertainment,59,0.8949,0.767,,new_information,clean,"Woo. Unusual, wouldn't you say? I am going to use my advantage.",
IiAjADve-ec,tv_series,164,0.895,0.8665,,new_information,clean,"-My cousins, yes. -How are you doing? -Nice to meet you.",
Aj0s9ztoKUc,entertainment,82,0.8956,1.0,,off_topic,clean,"Wow. He's got a bigger bow. No, he's been, he's been wearing that the whole time. Yeah.",
1NLoTuRR3hE,podcasts,201,0.896,1.0,,discourse_filler,filled_pause,"Black box. >> Uh hey I'm on here for a reason. Yeah, I just, you know, it's like I'm out of any excuse. Look, you are who you are and uh let it let it all out there. And I think people I I I I think we claim we long for ",
4DfCXjwQBRA,commentary,39,0.8963,0.9481,1.0,new_information,clean,It was a great idea. Now it's rhino time. - I'm that white rhino.,
1NLoTuRR3hE,podcasts,6,0.8965,0.7583,,clarification,clean,"And as your sort of political career starts to accelerate, she was diagnosed with breast cancer. >> Yeah. And she was in so much pain, suffering.",
o0AMK3wFK9E,ted,123,0.8976,1.0,,off_topic,clean,"These are new clothes. But soon, soon as these cameras are off, don't think we are in church. It's going to be a good day.",
6HVYHNTDOFs,commentary,31,0.8978,1.0,0.0,off_topic,clean,"I'm gonna guess lettuce? - Which one? - Iceberg. It's gotta be iceberg, right? - [Gregor] Exactly. - It's like crunchy water. It's like ice, iceberg lettuce. - [Gregor] It is crunchy water, but it was actually called ice",
Aj0s9ztoKUc,entertainment,83,0.898,0.9712,,clarification,filled_pause,"Oh. You just didn't look down. And I thank you for that. Um, anything, it could be anywhere. Well, that's not true.",
3esF-pNAM9c,podcasts,42,0.8987,1.0,0.0,discourse_filler,repetition,Jesse I know I should be giving my kids eggs in the morning but they just keep begging for the cereal and I just I can't say no you know they they won't they won't let go I have to give it to them and I say what if they ,
Aj0s9ztoKUc,entertainment,92,0.899,1.0,,discourse_filler,clean,"I don't know if there's a way forward here. I have to go a little further away, so that's what I'm gonna do. I'm gonna go more east like. Whoop, didn't do it. Okay.",
Aj0s9ztoKUc,entertainment,90,0.8993,1.0,,redundant_repetition,clean,"You've been. Yeah, that's it. Yeah, that's it. That's it? Yeah. That's it. Okay. Here we go. Yeah, aim for that. 'cause that's definitely it.",
1wsF9GpGd00,lectures,9,0.8995,1.0,,off_topic,clean,It might contain exactly every element. So you can kind of view this as you kind of have the equals symbol there. If you were to view this as greater than or equal.,
-QTkPfq7w1A,commentary,9,0.8999,0.1602,1.0,new_information,clean,"I still don't believe it looking at it. Okay, so why does this actually happen? Cuz the springs are contracting back and just pulling it together. Maybe the tension in the, you know, this part is changed. It releases the",
Aj0s9ztoKUc,entertainment,80,0.9004,1.0,,off_topic,clean,Has anybody seen that? No. No. I can believe it though.,
o0AMK3wFK9E,ted,38,0.9009,1.0,,discourse_filler,clean,"2 3 4 5 6 7 8. > > I'm going to just go out there and have fun, you know? I'm going to have so much fun. So, that's what I'm looking forward to. Like, when it's finally over, then I'm going to kick it. >>",
IiAjADve-ec,tv_series,180,0.9012,1.0,,off_topic,clean,-How many? -I'm still counting. What are you thinking about? Second right. What's wrong?,
-QTkPfq7w1A,commentary,52,0.9029,1.0,1.0,discourse_filler,filled_pause,It's interesting uh the way that you say it. We're moving the point at which resonance happens. And that's what stops excessive vibrations. Yeah. Interesting.,
3esF-pNAM9c,podcasts,70,0.9031,0.4984,0.0,new_information,repetition,oh okay yeah yeah but Stephen life is unfair like I my glucose spikes led to terrible mental health episodes of depersonalization lots of people I know eat so much sugar all the time have never had one mental health issu,
1NLoTuRR3hE,podcasts,68,0.9033,1.0,,off_topic,repetition,"Yeah, I had a great just a a very brief example. I So I had a little hotel up in [ __ ]",
1NLoTuRR3hE,podcasts,56,0.9034,1.0,,off_topic,filled_pause,">> I've got a picture here. If you look >> Oh, look at me back at uh Isn't that great? So, you get the haircut.",look at
3esF-pNAM9c,podcasts,43,0.9036,1.0,0.0,discourse_filler,clean,and I think it's important to set an example actually because if you're having cereal and orange juice it's going to be really hard for your kids to take you seriously like come on dad like you know shut up what you thin,
4EXVrzOACv4,commentary,9,0.9051,0.9306,0.0,useful_repetition,clean,Do urine-drinking diets count as cooking videos? Let me know in the comments. So what is the state of food entertainment on YouTube?,
IiAjADve-ec,tv_series,5,0.9058,1.0,,off_topic,clean,"How many gowns is it necessary for her to try? Oh, señor, you know women. Yes. You know women, Papa.",
o0AMK3wFK9E,ted,26,0.9064,1.0,,discourse_filler,clean,"That actually touches me right now. Like almost brings me to tears because people were actually in tears. When you make room for others, your path to self-discovery is lit.",
IiAjADve-ec,tv_series,36,0.9083,1.0,,off_topic,clean,"Shut up! -No spare. -No spare. That car has the same tires. Wait, wait, are you crazy?",
Aj0s9ztoKUc,entertainment,81,0.9083,1.0,,discourse_filler,clean,"You know, our dogs have chihuahua in them. My dogs love to burrow to the bottom of the bed. Digging in the darkness, I call it.",
AeGEv0YVLtw,commentary,15,0.9092,0.2912,,new_information,clean,"And she also asked had that fear had ever come true, had I ever actually turned round and hurt somebody? And I was like, ""Oh, it never even occurred to me to ask but... no, that’s never happened."" and she said, “So where",
IiAjADve-ec,tv_series,179,0.9093,1.0,,discourse_filler,clean,I will be right back. -If I could borrow señorita for a moment. -Of course. Thank you very much.,
iDtfzQnW-B4,commentary,18,0.9119,0.867,,useful_repetition,clean,So let's go. You know you're kind of sweet Leah Gibbs. You better hope I don't tell anyone.,
4X16Iw5ST4Q,commentary,24,0.9124,1.0,1.0,off_topic,repetition,but yeah that's before i knew you hated the taste of peanut butter you know what allergies are i i i like the taste of peanut butter i'm just allergic to it yeah whatever man you know who does like peanut butter who hous,
3esF-pNAM9c,podcasts,35,0.9125,1.0,1.0,discourse_filler,filled_pause,so I haven't eaten today what time are we we 1:00 um and I won't eat until you've had a coffee I've had a coffee this morning yeah,
1NLoTuRR3hE,podcasts,18,0.9139,0.998,,clarification,clean,>> The fact that I'm in the conversation >> is extraordinary. Is it a reality? I don't know.,
3esF-pNAM9c,podcasts,59,0.9139,1.0,1.0,off_topic,clean,yeah no we can't shot it Stephen we have to dilute it I'm I'll dilute it as well let for yes so this is side of vinegar but any vinegar works you don't have to buy expensive vinegar it doesn't have to be organic unfilter,
IiAjADve-ec,tv_series,211,0.9139,1.0,,discourse_filler,clean,"you talk to her like that. Okay, okay, everything okay. Let's keep going with the wedding, okay, go, say it. Say something.",
1NLoTuRR3hE,podcasts,200,0.915,1.0,,off_topic,clean,>> I would. So this notion of what' you say? Glass box. >> Glass box versus black box. >>,
4DfCXjwQBRA,commentary,38,0.9153,1.0,1.0,discourse_filler,clean,"Does he think he's gonna slide? - [Mantis] Dolphin, she's really cool. - She got a little bit of a slide. She got a little bit of a slide. You know, I take it back, I take it back.",
1NLoTuRR3hE,podcasts,133,0.9163,1.0,,discourse_filler,clean,"It was about just, you know, it was so important for her to walk through all these memories. And again, that's what it's about, man. It's memories, moments. It's about nothing else. >>",
iDtfzQnW-B4,commentary,37,0.9172,0.9437,,useful_repetition,clean,"Hey sorry man. I was fighting tiny crime I'm here though. Oh yeah, I really need to ask you, when you're small, you're like that big, right? Yeah.",
4DfCXjwQBRA,commentary,45,0.9177,0.6638,1.0,new_information,clean,Exhaling all the way out with a sigh. (rhino man sighing) - The fuck is going on?,
4EXVrzOACv4,commentary,12,0.9192,1.0,0.0,discourse_filler,clean,"A cooking show is a smaller scale version of opening a restaurant. It’s a bad idea because everyone thinks they can do it. And, of course, like opening a restaurant everyone already knows it’s a bad idea, but everyone do",
3esF-pNAM9c,podcasts,68,0.9209,1.0,0.0,discourse_filler,repetition,so so if I have that glass that you've just made for me which basically I can't taste the vinegar in because it's been dilated by water and then I eat something yeah remind me again of the impact that that will have on m,
iDtfzQnW-B4,commentary,38,0.9214,1.0,,off_topic,repetition,"Okay, so when you're that small your dick must be like like that thin, right? Yeah I mean I guess. You got a tiny dick buddy.",
IiAjADve-ec,tv_series,130,0.9228,1.0,,off_topic,clean,"I don't doubt that. Nothing happened. Nothing bad. Even we, peasants, have rules about things like that.",
Aj0s9ztoKUc,entertainment,69,0.9245,0.998,,clarification,clean,"There you go. Are you ready? Yes. Whoa, whoa.",
iDtfzQnW-B4,commentary,5,0.9247,0.946,,useful_repetition,clean,"I guess I'll be making these videos for a long, long time. So if you'd like them that's good news. If you hate them you're probably not watching. So it's all good.",
AeGEv0YVLtw,commentary,60,0.9252,1.0,,off_topic,repetition,"The whole planet knew him and loved him!"" <ba da ba da ba da ba da!> ""Gagarin!""",
3esF-pNAM9c,podcasts,37,0.9275,1.0,1.0,discourse_filler,repetition,I I told you that yes so back in the day to measure calories what do you want to measure the calorie of tell me something some my food car cake okay,
IiAjADve-ec,tv_series,146,0.9275,0.998,,clarification,clean,As you wish. Hey. You see that? That's me.,
o0AMK3wFK9E,ted,39,0.9284,1.0,,off_topic,clean,You all are so ready. Let us know if you need anything. Let's have a great second. >> You are superstars.,
-QTkPfq7w1A,commentary,34,0.9302,1.0,1.0,off_topic,clean,"Is it here? Yeah, I made all these samples. That's so weird.",
4DfCXjwQBRA,commentary,53,0.9302,1.0,0.0,off_topic,revision,"I have to be done. - I honestly was a little shy because I felt like he was like stranger. - I mean, yeah, he still is a stranger.",
1NLoTuRR3hE,podcasts,85,0.9313,0.9458,,new_information,clean,>> Thought I was buying something. and I was selling something. Wasn't that man? >>,
IiAjADve-ec,tv_series,105,0.9315,1.0,,discourse_filler,clean,"You know, we can turn around. No. Okay. [Spanish spoken audio]",
3esF-pNAM9c,podcasts,4,0.9319,0.3574,0.0,new_information,repetition,yeah I want to start there when I eat something sweet and full of sugar there's a spike in my CGM so my continuous glucose monitor does does the spike mean that something bad is going on in my body kind of yeah,
o0AMK3wFK9E,ted,43,0.9327,0.9981,,clarification,clean,Thank you very much. >> Kelly. >> Kelly. >> Hi. >> I'm so excited.,
o0AMK3wFK9E,ted,44,0.9337,0.9831,,clarification,clean,This room is full. People are excited. Everyone's feeling good. I'm so excited to get started. >>,
MsIvs_6vC38,lectures,24,0.9339,1.0,,off_topic,clean,"Do you want -- if we did the numbers right, we must -- this should be correct. Okay. And of course it is.",
1NLoTuRR3hE,podcasts,110,0.9345,0.9863,,clarification,revision,"Just do what you think is right. >> You do what you think is right. How the who the hell are you? I mean, I remember those, who the hell are you to do what you just did?",
1NLoTuRR3hE,podcasts,249,0.935,1.0,,off_topic,clean,">> On the balance probability, no. >> No. Okay.",
o0AMK3wFK9E,ted,53,0.9357,1.0,,discourse_filler,filled_pause,"I got everything out and yeah, when you're there it's just it's just good cuz um yeah, you you you're in that moment and it's like the pressure is on but the pressure is good.",
Ff7J-ERl8o0,entertainment,2,0.9382,1.0,,off_topic,clean,">> I'm having a mint julep. Here we go. And me, an old-fashioned.",
4X16Iw5ST4Q,commentary,22,0.9385,1.0,1.0,discourse_filler,filled_pause,oh here it is you're gonna take one of these okay okay and hold on i'm not done yet hold on i got the other thing here somewhere oh sorry organization uh ah here it is you're gonna wanna inject one of these into your arm,
o0AMK3wFK9E,ted,12,0.9387,1.0,,discourse_filler,filled_pause,"Yeah, that's why we practice, right? > > The other speakers are phenomenal. They are um really really knowledgeable of their subject matter.",
o0AMK3wFK9E,ted,113,0.9391,1.0,,off_topic,repetition,Joshua Joshua Johnson. >> You kidding me right now? >>,
IiAjADve-ec,tv_series,156,0.94,1.0,,off_topic,clean,"Man, what do they need all this stuff for? Hey. You invited all of them?",
3esF-pNAM9c,podcasts,29,0.9403,1.0,0.0,discourse_filler,repetition,and I think thirdly if you have the carrot cake at home for a few days maybe you're just more likely to reach for it because it's there you know but I feel I feel similarly to you,
3esF-pNAM9c,podcasts,87,0.9403,1.0,1.0,off_topic,repetition,and I like look at us look at us look at us who thought you're you're perfect Stephen I'm so proud of you wait wait so I want to tell you this because it's really cool,look at
1NLoTuRR3hE,podcasts,147,0.9425,1.0,,off_topic,repetition,I said what are you talking about? I said I said when I go in I don't need to be in the front row. She goes you need to be in the,
iDtfzQnW-B4,commentary,51,0.9451,1.0,,discourse_filler,clean,"Sure, meet me at the rehearsal. Okay see you there? Yeah. All right! All right! Fuck you!",
o0AMK3wFK9E,ted,115,0.9456,1.0,,discourse_filler,clean,>> Tim. Oh my gosh. I didn't think that like chemistry could make me cry. >>,
Ff7J-ERl8o0,entertainment,13,0.9469,1.0,,discourse_filler,filled_pause,"Just the list. Yeah, walking the halls. It was otherworldly for me to be able to walk through the halls and see, you know, these young performers, um, you know, still trying to figure it out. >>",
IiAjADve-ec,tv_series,69,0.9471,1.0,,discourse_filler,clean,-Oh. He's fine. People like him are hard to kill.,
1NLoTuRR3hE,podcasts,39,0.9473,0.6738,,new_information,clean,It's a person. Sometimes it's distant and never there. Sometimes it's causing the argument.,
1NLoTuRR3hE,podcasts,154,0.9477,1.0,,redundant_repetition,clean,">> Yeah. I wasn't married, but she was.",
o0AMK3wFK9E,ted,18,0.9495,1.0,,discourse_filler,clean,"So, I feel better. >> 8 seconds under. That was like perfect timing. Well done.",
o0AMK3wFK9E,ted,70,0.9498,0.9481,,new_information,clean,"Thank you. >> He really, really, really did it.",
4DfCXjwQBRA,commentary,31,0.9499,1.0,1.0,discourse_filler,revision,"You know we gotta check in on rhino guy. - I mean, it's totally up to her but I was vibing really much so. - Really much so.",
1NLoTuRR3hE,podcasts,132,0.9517,1.0,,discourse_filler,filled_pause,Um but when I said you know when she talked about being average I I didn't confront her on that. that just that was for me perhaps more than her. It wasn't about me this moment.,
4DfCXjwQBRA,commentary,6,0.9519,1.0,1.0,off_topic,clean,"This guy was an absolute beast. Oh fuck yeah, that's sick.",
o0AMK3wFK9E,ted,42,0.9542,1.0,,off_topic,clean,>> Yes. >> Thank you my friend. Appreciate it. >> My name is Joe.,
1NLoTuRR3hE,podcasts,149,0.9542,1.0,,discourse_filler,repetition,no I I don't need that. I don't need to I like the job. I don't that's that's not part of the job. That's the p that's like the press conference side.,
o0AMK3wFK9E,ted,92,0.9547,1.0,,redundant_repetition,clean,"Was the whole talk clear enough? >> Yeah, >> the audience is so supportive.",
1NLoTuRR3hE,podcasts,65,0.9556,1.0,,off_topic,clean,"Well, it was a failure award. >> A failure award.",
-QTkPfq7w1A,commentary,4,0.9558,1.0,1.0,off_topic,clean,"Can I touch? Yeah. Yeah. Yeah, you can try it. Nothing.",
6HVYHNTDOFs,commentary,45,0.9564,1.0,1.0,discourse_filler,clean,"So, after a layer of water, what you get is... (ice clattering) A bunch of ice. (ice clattering)",
o0AMK3wFK9E,ted,19,0.9565,1.0,,off_topic,clean,I don't know. I loved it. It was so good. >> It really lands.,
1NLoTuRR3hE,podcasts,21,0.9585,1.0,,discourse_filler,filled_pause,">> Um, yeah, but you know, I won't go through the motion.",
o0AMK3wFK9E,ted,122,0.9587,0.372,,new_information,clean,It's humbling. It's amazing. I'm not going to do my happy hallelujah dance right now.,
1NLoTuRR3hE,podcasts,158,0.9589,0.9981,,clarification,clean,and Yeah. Humiliated. Humiliated. >>,
Aj0s9ztoKUc,entertainment,66,0.9591,0.9876,,clarification,clean,"I just feel like I gotta No, no, no, no, no, no, no, no, no. Sit down and see the map. Okay.",the map
1NLoTuRR3hE,podcasts,225,0.9593,1.0,,discourse_filler,clean,But then meets with you privately. Yeah. >> And what are those meetings like?,
3esF-pNAM9c,podcasts,80,0.9595,1.0,0.0,discourse_filler,repetition,and maybe they just can't get out of that that roller coaster those cravings and it's probably somewhat emotional yeah there probably some kind of trauma there or something maybe there's a genetic predisposition or whate,
1NLoTuRR3hE,podcasts,205,0.9604,1.0,,off_topic,clean,"You know, you your team didn't tell me this. Your team didn't give me any parameters. They didn't say you can't ask him about this. Don't talk about this. There was no parameters.",
Ff7J-ERl8o0,entertainment,8,0.9611,1.0,,off_topic,filled_pause,"Yeah, all that kind of like, uh, conflict resolution that you have to figure out. >> much like that. It's",
1NLoTuRR3hE,podcasts,196,0.9615,1.0,,off_topic,clean,I don't want to get into comma and I say old friend and people roll their eyes in politics. People say you know old friend it means they're friendnemies. It's not,
3esF-pNAM9c,podcasts,7,0.9623,1.0,0.0,off_topic,filled_pause,take the example of a plant do you have any plants at home I do yeah okay are you able to keep them alive um my cleaning does a great job of keeping all them alive I have a super hard time but the reason I'm bringing up ,
1NLoTuRR3hE,podcasts,141,0.9636,1.0,,discourse_filler,clean,"I'm sorry. I feel like I got in your way. > > No, no, no. But obviously it's a great",
6HVYHNTDOFs,commentary,51,0.9639,1.0,1.0,off_topic,clean,"But now that you mentioned it, like, yeah, it probably is a lot less hygienic. And yeah, there's probably germs in there.",
AeGEv0YVLtw,commentary,45,0.9641,1.0,,off_topic,clean,you need to know. Is it gonna put you off? Are you looking for commitment?,
9szhjhO9epA,commentary,39,0.9648,1.0,1.0,off_topic,clean,I don't have any better explanation. It really is. It's that good.,
AeGEv0YVLtw,commentary,28,0.9649,1.0,,off_topic,clean,"Once! But it was my fault! It was my fault! Ooh, it’s all got a bit serious, hasn’t it?",
3esF-pNAM9c,podcasts,13,0.9649,1.0,0.0,discourse_filler,clean,or okay I think the biggest ones are honey and grapes okay so grapes first you think it's a fruit it's healthy it's natural,
1NLoTuRR3hE,podcasts,217,0.9665,1.0,,off_topic,clean,Period. Full stop. It's not complicated.,
AeGEv0YVLtw,commentary,55,0.9666,1.0,,off_topic,clean,All of it. Out loud. Live. On Twitch.,
1NLoTuRR3hE,podcasts,123,0.9667,0.9876,,clarification,clean,"photos like this, man. It's all she wanted to see. All the old photos of us growing up.",
3esF-pNAM9c,podcasts,62,0.9677,1.0,1.0,off_topic,clean,no I'm sorry no it's been really lovely getting to imagine if but it's not that bad but it's not something that I would do for fun,
Ff7J-ERl8o0,entertainment,31,0.9684,1.0,,discourse_filler,clean,We eat the wings and try to perform like Yeah. Yeah. He's He's pitched that.,
iDtfzQnW-B4,commentary,12,0.9686,1.0,,discourse_filler,clean,"Okay, gross. Oh, man are you seriously peeing right now? Oh.",
9szhjhO9epA,commentary,35,0.9714,1.0,1.0,off_topic,clean,"So you're saying I shouldn't do that? - Yeah, no. Move it carefully.",
4DfCXjwQBRA,commentary,9,0.9719,1.0,1.0,off_topic,clean,and you can still see their eyes and stuff. You know. - There's inter-species relationships happening on my grounds. I won't stand for it.,
3esF-pNAM9c,podcasts,60,0.975,1.0,1.0,off_topic,clean,no I try it straight I've actually never really drink okay but if you're dentist is upset it's not my fault okay well so Jesse told me to drink this,
4DfCXjwQBRA,commentary,55,0.9752,1.0,1.0,off_topic,clean,- Why does he talk like that? What is going on? He's shimmying?,
3esF-pNAM9c,podcasts,66,0.9754,1.0,0.0,discourse_filler,repetition,it's the fat between your organs it's the fat that's really bad for you so you can have fat that is sort of on the outside of your body and you can you can grab it you know you can grab it and you can really pinch it spe,
o0AMK3wFK9E,ted,116,0.9757,1.0,,discourse_filler,clean,Hello. It's kind of pioneering and it's also kind of like >> well yeah you know once you hear it,
3esF-pNAM9c,podcasts,98,0.9757,1.0,1.0,off_topic,clean,yeah and nobody teaches you how to deal with this stuff true you have to learn the hard way yeah,
4X16Iw5ST4Q,commentary,25,0.9783,1.0,1.0,off_topic,clean,okay no i'm not okay,
3esF-pNAM9c,podcasts,61,0.9787,1.0,1.0,off_topic,clean,straight no she's an expert she said she's a scientist oh gosh yeah you're not supposed to do that Stephen,
1NLoTuRR3hE,podcasts,157,0.9804,0.9962,,clarification,clean,">> Yeah. >> You know, >>",
