method,video_id,genre,length_bucket,caption_type,threshold,compression,sbert_cosine,rouge1_r,rougeL_r,segs_kept,segs_total,pct_segments_removed,pct_words_removed
model,-QTkPfq7w1A,commentary,long,unknown,0.5,0.6571,0.8892,0.6542,0.6542,28,57,50.877192982456144,34.29
model,-QTkPfq7w1A,commentary,long,unknown,0.6,0.7871,0.96,0.7851,0.7851,36,57,36.8421052631579,21.29
model,-QTkPfq7w1A,commentary,long,unknown,0.7,0.8906,0.9825,0.8887,0.8887,44,57,22.807017543859654,10.940000000000005
model,-QTkPfq7w1A,commentary,long,unknown,0.8,0.9153,0.9888,0.9146,0.9146,47,57,17.543859649122805,8.469999999999999
model,-QTkPfq7w1A,commentary,long,unknown,0.9,0.9887,0.9969,0.9882,0.9882,54,57,5.263157894736848,1.1299999999999977
model,-QTkPfq7w1A,commentary,long,unknown,0.95,0.9974,0.9992,0.9975,0.9975,56,57,1.7543859649122862,0.26000000000000467
tfidf,-QTkPfq7w1A,commentary,long,unknown,0.5,0.6977,0.9538,,,29,57,49.122807017543856,30.23
tfidf,-QTkPfq7w1A,commentary,long,unknown,0.6,0.8716,0.978,,,42,57,26.315789473684216,12.839999999999996
tfidf,-QTkPfq7w1A,commentary,long,unknown,0.7,0.9439,0.9891,,,48,57,15.789473684210531,5.610000000000004
tfidf,-QTkPfq7w1A,commentary,long,unknown,0.8,0.9901,0.9966,,,54,57,5.263157894736848,0.990000000000002
tfidf,-QTkPfq7w1A,commentary,long,unknown,0.9,0.9946,0.9981,,,55,57,3.508771929824561,0.539999999999996
tfidf,-QTkPfq7w1A,commentary,long,unknown,0.95,0.9946,0.9981,,,55,57,3.508771929824561,0.539999999999996
sbert,-QTkPfq7w1A,commentary,long,unknown,0.5,0.4386,0.8844,,,24,57,57.89473684210527,56.14
sbert,-QTkPfq7w1A,commentary,long,unknown,0.6,0.6132,0.9417,,,36,57,36.8421052631579,38.68000000000001
sbert,-QTkPfq7w1A,commentary,long,unknown,0.7,0.7939,0.9747,,,43,57,24.561403508771928,20.609999999999996
sbert,-QTkPfq7w1A,commentary,long,unknown,0.8,0.9493,0.992,,,51,57,10.526315789473683,5.069999999999997
sbert,-QTkPfq7w1A,commentary,long,unknown,0.9,1.0,1.0,,,57,57,0.0,0.0
sbert,-QTkPfq7w1A,commentary,long,unknown,0.95,1.0,1.0,,,57,57,0.0,0.0
heuristic,-QTkPfq7w1A,commentary,long,unknown,0.5,0.564,0.9496,,,27,57,52.63157894736843,43.60000000000001
heuristic,-QTkPfq7w1A,commentary,long,unknown,0.6,0.6552,0.9654,,,34,57,40.35087719298246,34.48
heuristic,-QTkPfq7w1A,commentary,long,unknown,0.7,0.7977,0.9864,,,42,57,26.315789473684216,20.230000000000004
heuristic,-QTkPfq7w1A,commentary,long,unknown,0.8,0.9693,0.9952,,,52,57,8.771929824561408,3.069999999999995
heuristic,-QTkPfq7w1A,commentary,long,unknown,0.9,0.9955,0.9992,,,56,57,1.7543859649122862,0.44999999999999485
heuristic,-QTkPfq7w1A,commentary,long,unknown,0.95,1.0,1.0,,,57,57,0.0,0.0
model,0iytmiOa9rI,ted,long,unknown,0.5,0.7985,0.9745,0.7948,0.7948,33,57,42.10526315789473,20.150000000000002
model,0iytmiOa9rI,ted,long,unknown,0.6,0.8382,0.9778,0.8353,0.8353,36,57,36.8421052631579,16.180000000000007
model,0iytmiOa9rI,ted,long,unknown,0.7,0.8806,0.9855,0.8784,0.8784,41,57,28.07017543859649,11.939999999999994
model,0iytmiOa9rI,ted,long,unknown,0.8,0.9309,0.9924,0.9286,0.9286,46,57,19.298245614035093,6.9100000000000055
model,0iytmiOa9rI,ted,long,unknown,0.9,0.9581,0.9953,0.9568,0.9568,49,57,14.035087719298245,4.190000000000005
model,0iytmiOa9rI,ted,long,unknown,0.95,0.985,0.9987,0.9845,0.9845,54,57,5.263157894736848,1.5000000000000013
tfidf,0iytmiOa9rI,ted,long,unknown,0.5,0.754,0.965,,,29,57,49.122807017543856,24.6
tfidf,0iytmiOa9rI,ted,long,unknown,0.6,0.8701,0.982,,,38,57,33.333333333333336,12.990000000000002
tfidf,0iytmiOa9rI,ted,long,unknown,0.7,0.9518,0.995,,,48,57,15.789473684210531,4.820000000000002
tfidf,0iytmiOa9rI,ted,long,unknown,0.8,0.9928,0.9985,,,54,57,5.263157894736848,0.7199999999999984
tfidf,0iytmiOa9rI,ted,long,unknown,0.9,0.995,0.999,,,55,57,3.508771929824561,0.5000000000000004
tfidf,0iytmiOa9rI,ted,long,unknown,0.95,0.995,0.999,,,55,57,3.508771929824561,0.5000000000000004
sbert,0iytmiOa9rI,ted,long,unknown,0.5,0.8546,0.9894,,,43,57,24.561403508771928,14.539999999999997
sbert,0iytmiOa9rI,ted,long,unknown,0.6,0.9812,0.998,,,53,57,7.017543859649122,1.880000000000004
sbert,0iytmiOa9rI,ted,long,unknown,0.7,0.9921,0.9996,,,56,57,1.7543859649122862,0.7900000000000018
sbert,0iytmiOa9rI,ted,long,unknown,0.8,1.0,1.0,,,57,57,0.0,0.0
sbert,0iytmiOa9rI,ted,long,unknown,0.9,1.0,1.0,,,57,57,0.0,0.0
sbert,0iytmiOa9rI,ted,long,unknown,0.95,1.0,1.0,,,57,57,0.0,0.0
heuristic,0iytmiOa9rI,ted,long,unknown,0.5,0.049,0.7837,,,3,57,94.73684210526316,95.1
heuristic,0iytmiOa9rI,ted,long,unknown,0.6,0.3774,0.9016,,,12,57,78.94736842105263,62.260000000000005
heuristic,0iytmiOa9rI,ted,long,unknown,0.7,0.7037,0.965,,,27,57,52.63157894736843,29.630000000000003
heuristic,0iytmiOa9rI,ted,long,unknown,0.8,0.9032,0.9897,,,42,57,26.315789473684216,9.68
heuristic,0iytmiOa9rI,ted,long,unknown,0.9,0.9928,0.9985,,,54,57,5.263157894736848,0.7199999999999984
heuristic,0iytmiOa9rI,ted,long,unknown,0.95,0.995,0.999,,,55,57,3.508771929824561,0.5000000000000004
model,1hihcoJPzz0,lectures,short,unknown,0.5,0.8865,0.9769,0.8846,0.8846,6,8,25.0,11.350000000000005
model,1hihcoJPzz0,lectures,short,unknown,0.6,0.9539,0.9874,0.9525,0.9525,7,8,12.5,4.610000000000003
model,1hihcoJPzz0,lectures,short,unknown,0.7,1.0,1.0,1.0,1.0,8,8,0.0,0.0
model,1hihcoJPzz0,lectures,short,unknown,0.8,1.0,1.0,1.0,1.0,8,8,0.0,0.0
model,1hihcoJPzz0,lectures,short,unknown,0.9,1.0,1.0,1.0,1.0,8,8,0.0,0.0
model,1hihcoJPzz0,lectures,short,unknown,0.95,1.0,1.0,1.0,1.0,8,8,0.0,0.0
tfidf,1hihcoJPzz0,lectures,short,unknown,0.5,0.6489,0.9246,,,4,8,50.0,35.11
tfidf,1hihcoJPzz0,lectures,short,unknown,0.6,0.6489,0.9246,,,4,8,50.0,35.11
tfidf,1hihcoJPzz0,lectures,short,unknown,0.7,0.9539,0.9874,,,7,8,12.5,4.610000000000003
tfidf,1hihcoJPzz0,lectures,short,unknown,0.8,0.9539,0.9874,,,7,8,12.5,4.610000000000003
tfidf,1hihcoJPzz0,lectures,short,unknown,0.9,0.9539,0.9874,,,7,8,12.5,4.610000000000003
tfidf,1hihcoJPzz0,lectures,short,unknown,0.95,0.9539,0.9874,,,7,8,12.5,4.610000000000003
sbert,1hihcoJPzz0,lectures,short,unknown,0.5,1.0,1.0,,,8,8,0.0,0.0
sbert,1hihcoJPzz0,lectures,short,unknown,0.6,1.0,1.0,,,8,8,0.0,0.0
sbert,1hihcoJPzz0,lectures,short,unknown,0.7,1.0,1.0,,,8,8,0.0,0.0
sbert,1hihcoJPzz0,lectures,short,unknown,0.8,1.0,1.0,,,8,8,0.0,0.0
sbert,1hihcoJPzz0,lectures,short,unknown,0.9,1.0,1.0,,,8,8,0.0,0.0
sbert,1hihcoJPzz0,lectures,short,unknown,0.95,1.0,1.0,,,8,8,0.0,0.0
heuristic,1hihcoJPzz0,lectures,short,unknown,0.5,0.9539,0.9874,,,7,8,12.5,4.610000000000003
heuristic,1hihcoJPzz0,lectures,short,unknown,0.6,1.0,1.0,,,8,8,0.0,0.0
heuristic,1hihcoJPzz0,lectures,short,unknown,0.7,1.0,1.0,,,8,8,0.0,0.0
heuristic,1hihcoJPzz0,lectures,short,unknown,0.8,1.0,1.0,,,8,8,0.0,0.0
heuristic,1hihcoJPzz0,lectures,short,unknown,0.9,1.0,1.0,,,8,8,0.0,0.0
heuristic,1hihcoJPzz0,lectures,short,unknown,0.95,1.0,1.0,,,8,8,0.0,0.0
model,1nFNadfw028,commentary,long,unknown,0.5,0.8458,0.9821,0.8471,0.8471,43,61,29.508196721311474,15.42
model,1nFNadfw028,commentary,long,unknown,0.6,0.8621,0.9847,0.8633,0.8633,45,61,26.22950819672131,13.790000000000003
model,1nFNadfw028,commentary,long,unknown,0.7,0.9001,0.9881,0.9025,0.9025,48,61,21.311475409836067,9.989999999999998
model,1nFNadfw028,commentary,long,unknown,0.8,0.9424,0.9942,0.9431,0.9431,52,61,14.754098360655743,5.759999999999998
model,1nFNadfw028,commentary,long,unknown,0.9,0.9808,0.9964,0.9816,0.9816,56,61,8.196721311475407,1.9199999999999995
model,1nFNadfw028,commentary,long,unknown,0.95,0.9916,0.9989,0.9913,0.9913,59,61,3.2786885245901676,0.8399999999999963
tfidf,1nFNadfw028,commentary,long,unknown,0.5,0.5931,0.9618,,,24,61,60.65573770491803,40.690000000000005
tfidf,1nFNadfw028,commentary,long,unknown,0.6,0.7832,0.9819,,,38,61,37.704918032786885,21.68
tfidf,1nFNadfw028,commentary,long,unknown,0.7,0.9473,0.9933,,,52,61,14.754098360655743,5.269999999999997
tfidf,1nFNadfw028,commentary,long,unknown,0.8,0.9808,0.9964,,,56,61,8.196721311475407,1.9199999999999995
tfidf,1nFNadfw028,commentary,long,unknown,0.9,0.9808,0.9964,,,56,61,8.196721311475407,1.9199999999999995
tfidf,1nFNadfw028,commentary,long,unknown,0.95,0.9841,0.9972,,,57,61,6.5573770491803245,1.5900000000000025
sbert,1nFNadfw028,commentary,long,unknown,0.5,0.7855,0.9877,,,40,61,34.42622950819673,21.450000000000003
sbert,1nFNadfw028,commentary,long,unknown,0.6,0.9387,0.9931,,,52,61,14.754098360655743,6.130000000000003
sbert,1nFNadfw028,commentary,long,unknown,0.7,0.9747,0.9964,,,56,61,8.196721311475407,2.529999999999999
sbert,1nFNadfw028,commentary,long,unknown,0.8,1.0,1.0,,,61,61,0.0,0.0
sbert,1nFNadfw028,commentary,long,unknown,0.9,1.0,1.0,,,61,61,0.0,0.0
sbert,1nFNadfw028,commentary,long,unknown,0.95,1.0,1.0,,,61,61,0.0,0.0
heuristic,1nFNadfw028,commentary,long,unknown,0.5,0.362,0.9363,,,20,61,67.21311475409837,63.800000000000004
heuristic,1nFNadfw028,commentary,long,unknown,0.6,0.3924,0.9481,,,23,61,62.295081967213115,60.75999999999999
heuristic,1nFNadfw028,commentary,long,unknown,0.7,0.6067,0.9763,,,32,61,47.540983606557376,39.33
heuristic,1nFNadfw028,commentary,long,unknown,0.8,0.8586,0.993,,,48,61,21.311475409836067,14.139999999999997
heuristic,1nFNadfw028,commentary,long,unknown,0.9,0.9916,0.9989,,,59,61,3.2786885245901676,0.8399999999999963
heuristic,1nFNadfw028,commentary,long,unknown,0.95,0.9916,0.9989,,,59,61,3.2786885245901676,0.8399999999999963
model,2IdtqGM6KWU,lectures,long,unknown,0.5,0.9594,0.9977,0.9592,0.9592,25,27,7.4074074074074066,4.059999999999997
model,2IdtqGM6KWU,lectures,long,unknown,0.6,1.0,1.0,1.0,1.0,27,27,0.0,0.0
model,2IdtqGM6KWU,lectures,long,unknown,0.7,1.0,1.0,1.0,1.0,27,27,0.0,0.0
model,2IdtqGM6KWU,lectures,long,unknown,0.8,1.0,1.0,1.0,1.0,27,27,0.0,0.0
model,2IdtqGM6KWU,lectures,long,unknown,0.9,1.0,1.0,1.0,1.0,27,27,0.0,0.0
model,2IdtqGM6KWU,lectures,long,unknown,0.95,1.0,1.0,1.0,1.0,27,27,0.0,0.0
tfidf,2IdtqGM6KWU,lectures,long,unknown,0.5,0.2475,0.8861,,,4,27,85.18518518518519,75.25
tfidf,2IdtqGM6KWU,lectures,long,unknown,0.6,0.4994,0.962,,,10,27,62.96296296296296,50.059999999999995
tfidf,2IdtqGM6KWU,lectures,long,unknown,0.7,0.7907,0.9867,,,18,27,33.333333333333336,20.930000000000003
tfidf,2IdtqGM6KWU,lectures,long,unknown,0.8,0.9543,0.9965,,,24,27,11.111111111111116,4.569999999999997
tfidf,2IdtqGM6KWU,lectures,long,unknown,0.9,0.9677,0.9977,,,25,27,7.4074074074074066,3.2299999999999995
tfidf,2IdtqGM6KWU,lectures,long,unknown,0.95,0.9859,0.9993,,,26,27,3.703703703703709,1.4100000000000001
sbert,2IdtqGM6KWU,lectures,long,unknown,0.5,0.8636,0.9859,,,23,27,14.814814814814813,13.639999999999997
sbert,2IdtqGM6KWU,lectures,long,unknown,0.6,0.923,0.9916,,,24,27,11.111111111111116,7.699999999999996
sbert,2IdtqGM6KWU,lectures,long,unknown,0.7,0.956,0.9954,,,25,27,7.4074074074074066,4.400000000000004
sbert,2IdtqGM6KWU,lectures,long,unknown,0.8,1.0,1.0,,,27,27,0.0,0.0
sbert,2IdtqGM6KWU,lectures,long,unknown,0.9,1.0,1.0,,,27,27,0.0,0.0
sbert,2IdtqGM6KWU,lectures,long,unknown,0.95,1.0,1.0,,,27,27,0.0,0.0
heuristic,2IdtqGM6KWU,lectures,long,unknown,0.5,0.1069,0.8516,,,3,27,88.88888888888889,89.31
heuristic,2IdtqGM6KWU,lectures,long,unknown,0.6,0.3196,0.9337,,,7,27,74.07407407407408,68.04
heuristic,2IdtqGM6KWU,lectures,long,unknown,0.7,0.5568,0.9751,,,13,27,51.85185185185186,44.32000000000001
heuristic,2IdtqGM6KWU,lectures,long,unknown,0.8,0.8903,0.9948,,,22,27,18.518518518518523,10.970000000000002
heuristic,2IdtqGM6KWU,lectures,long,unknown,0.9,0.9725,0.9977,,,25,27,7.4074074074074066,2.749999999999997
heuristic,2IdtqGM6KWU,lectures,long,unknown,0.95,0.9859,0.9993,,,26,27,3.703703703703709,1.4100000000000001
model,2lvTjEZ-bbw,lectures,long,unknown,0.5,0.8883,0.9695,0.888,0.888,12,17,29.411764705882348,11.170000000000002
model,2lvTjEZ-bbw,lectures,long,unknown,0.6,0.9274,0.981,0.9269,0.9269,13,17,23.529411764705888,7.26
model,2lvTjEZ-bbw,lectures,long,unknown,0.7,0.9274,0.981,0.9269,0.9269,13,17,23.529411764705888,7.26
model,2lvTjEZ-bbw,lectures,long,unknown,0.8,0.9274,0.981,0.9269,0.9269,13,17,23.529411764705888,7.26
model,2lvTjEZ-bbw,lectures,long,unknown,0.9,0.9745,0.9909,0.974,0.974,15,17,11.764705882352944,2.5499999999999967
model,2lvTjEZ-bbw,lectures,long,unknown,0.95,0.9919,0.9958,0.9918,0.9918,16,17,5.882352941176472,0.8099999999999996
tfidf,2lvTjEZ-bbw,lectures,long,unknown,0.5,0.806,0.9551,,,10,17,41.17647058823529,19.399999999999995
tfidf,2lvTjEZ-bbw,lectures,long,unknown,0.6,0.958,0.9887,,,14,17,17.647058823529417,4.200000000000004
tfidf,2lvTjEZ-bbw,lectures,long,unknown,0.7,0.958,0.9887,,,14,17,17.647058823529417,4.200000000000004
tfidf,2lvTjEZ-bbw,lectures,long,unknown,0.8,0.958,0.9887,,,14,17,17.647058823529417,4.200000000000004
tfidf,2lvTjEZ-bbw,lectures,long,unknown,0.9,0.9919,0.9958,,,16,17,5.882352941176472,0.8099999999999996
tfidf,2lvTjEZ-bbw,lectures,long,unknown,0.95,0.9919,0.9958,,,16,17,5.882352941176472,0.8099999999999996
sbert,2lvTjEZ-bbw,lectures,long,unknown,0.5,0.9028,0.9759,,,13,17,23.529411764705888,9.719999999999995
sbert,2lvTjEZ-bbw,lectures,long,unknown,0.6,0.9612,0.9883,,,15,17,11.764705882352944,3.8799999999999946
sbert,2lvTjEZ-bbw,lectures,long,unknown,0.7,1.0,1.0,,,17,17,0.0,0.0
sbert,2lvTjEZ-bbw,lectures,long,unknown,0.8,1.0,1.0,,,17,17,0.0,0.0
sbert,2lvTjEZ-bbw,lectures,long,unknown,0.9,1.0,1.0,,,17,17,0.0,0.0
sbert,2lvTjEZ-bbw,lectures,long,unknown,0.95,1.0,1.0,,,17,17,0.0,0.0
heuristic,2lvTjEZ-bbw,lectures,long,unknown,0.5,0.0,0.0,,,0,17,100.0,100.0
heuristic,2lvTjEZ-bbw,lectures,long,unknown,0.6,0.5202,0.8968,,,5,17,70.58823529411764,47.980000000000004
heuristic,2lvTjEZ-bbw,lectures,long,unknown,0.7,0.7645,0.947,,,9,17,47.05882352941176,23.550000000000004
heuristic,2lvTjEZ-bbw,lectures,long,unknown,0.8,0.958,0.9887,,,14,17,17.647058823529417,4.200000000000004
heuristic,2lvTjEZ-bbw,lectures,long,unknown,0.9,0.958,0.9887,,,14,17,17.647058823529417,4.200000000000004
heuristic,2lvTjEZ-bbw,lectures,long,unknown,0.95,0.9919,0.9958,,,16,17,5.882352941176472,0.8099999999999996
model,3LPJfIKxwWc,lectures,long,unknown,0.5,0.8098,0.9722,0.8083,0.8083,241,379,36.41160949868074,19.020000000000003
model,3LPJfIKxwWc,lectures,long,unknown,0.6,0.8366,0.9736,0.8354,0.8354,255,379,32.717678100263846,16.34
model,3LPJfIKxwWc,lectures,long,unknown,0.7,0.863,0.9819,0.8617,0.8617,275,379,27.440633245382585,13.700000000000001
model,3LPJfIKxwWc,lectures,long,unknown,0.8,0.8857,0.9874,0.8841,0.8841,292,379,22.955145118733512,11.429999999999996
model,3LPJfIKxwWc,lectures,long,unknown,0.9,0.9122,0.9924,0.9109,0.9109,316,379,16.62269129287599,8.78
model,3LPJfIKxwWc,lectures,long,unknown,0.95,0.9267,0.995,0.9264,0.9264,331,379,12.66490765171504,7.330000000000004
tfidf,3LPJfIKxwWc,lectures,long,unknown,0.5,0.5321,0.9011,,,116,379,69.39313984168865,46.79
tfidf,3LPJfIKxwWc,lectures,long,unknown,0.6,0.7465,0.9463,,,197,379,48.02110817941953,25.349999999999994
tfidf,3LPJfIKxwWc,lectures,long,unknown,0.7,0.8976,0.9753,,,273,379,27.968337730870708,10.240000000000006
tfidf,3LPJfIKxwWc,lectures,long,unknown,0.8,0.9728,0.9934,,,335,379,11.609498680738783,2.72
tfidf,3LPJfIKxwWc,lectures,long,unknown,0.9,0.9962,0.9998,,,372,379,1.846965699208447,0.38000000000000256
tfidf,3LPJfIKxwWc,lectures,long,unknown,0.95,0.9992,0.9999,,,377,379,0.527704485488123,0.08000000000000229
sbert,3LPJfIKxwWc,lectures,long,unknown,0.5,0.1328,0.92,,,43,379,88.65435356200527,86.72
sbert,3LPJfIKxwWc,lectures,long,unknown,0.6,0.504,0.9689,,,166,379,56.200527704485495,49.6
sbert,3LPJfIKxwWc,lectures,long,unknown,0.7,0.8533,0.9966,,,320,379,15.567282321899734,14.670000000000005
sbert,3LPJfIKxwWc,lectures,long,unknown,0.8,0.9817,0.9995,,,368,379,2.902374670184693,1.8299999999999983
sbert,3LPJfIKxwWc,lectures,long,unknown,0.9,1.0,1.0,,,379,379,0.0,0.0
sbert,3LPJfIKxwWc,lectures,long,unknown,0.95,1.0,1.0,,,379,379,0.0,0.0
heuristic,3LPJfIKxwWc,lectures,long,unknown,0.5,0.6192,0.9907,,,233,379,38.522427440633244,38.080000000000005
heuristic,3LPJfIKxwWc,lectures,long,unknown,0.6,0.7118,0.9931,,,260,379,31.398416886543533,28.82
heuristic,3LPJfIKxwWc,lectures,long,unknown,0.7,0.8143,0.9953,,,285,379,24.80211081794196,18.569999999999997
heuristic,3LPJfIKxwWc,lectures,long,unknown,0.8,0.9302,0.997,,,329,379,13.192612137203163,6.979999999999997
heuristic,3LPJfIKxwWc,lectures,long,unknown,0.9,0.9931,0.9994,,,368,379,2.902374670184693,0.6900000000000017
heuristic,3LPJfIKxwWc,lectures,long,unknown,0.95,0.999,0.9999,,,377,379,0.527704485488123,0.10000000000000009
model,3esF-pNAM9c,podcasts,long,unknown,0.5,0.8491,0.9846,0.8479,0.8479,70,108,35.18518518518518,15.090000000000003
model,3esF-pNAM9c,podcasts,long,unknown,0.6,0.8831,0.9872,0.8826,0.8826,75,108,30.555555555555557,11.690000000000001
model,3esF-pNAM9c,podcasts,long,unknown,0.7,0.9154,0.9903,0.9142,0.9142,80,108,25.92592592592593,8.46
model,3esF-pNAM9c,podcasts,long,unknown,0.8,0.9437,0.9924,0.9429,0.9429,85,108,21.29629629629629,5.630000000000002
model,3esF-pNAM9c,podcasts,long,unknown,0.9,0.9658,0.9955,0.965,0.965,91,108,15.740740740740744,3.420000000000001
model,3esF-pNAM9c,podcasts,long,unknown,0.95,0.9857,0.9984,0.9854,0.9854,100,108,7.4074074074074066,1.429999999999998
tfidf,3esF-pNAM9c,podcasts,long,unknown,0.5,0.7416,0.9745,,,54,108,50.0,25.839999999999996
tfidf,3esF-pNAM9c,podcasts,long,unknown,0.6,0.8834,0.9875,,,73,108,32.407407407407405,11.660000000000004
tfidf,3esF-pNAM9c,podcasts,long,unknown,0.7,0.9468,0.993,,,85,108,21.29629629629629,5.320000000000002
tfidf,3esF-pNAM9c,podcasts,long,unknown,0.8,0.9655,0.9954,,,90,108,16.666666666666664,3.4499999999999975
tfidf,3esF-pNAM9c,podcasts,long,unknown,0.9,0.9849,0.9977,,,98,108,9.259259259259256,1.5100000000000002
tfidf,3esF-pNAM9c,podcasts,long,unknown,0.95,0.9937,0.9989,,,103,108,4.629629629629628,0.6299999999999972
sbert,3esF-pNAM9c,podcasts,long,unknown,0.5,0.6465,0.9757,,,63,108,41.666666666666664,35.35
sbert,3esF-pNAM9c,podcasts,long,unknown,0.6,0.8528,0.9868,,,82,108,24.07407407407407,14.719999999999999
sbert,3esF-pNAM9c,podcasts,long,unknown,0.7,0.9514,0.9953,,,96,108,11.111111111111116,4.859999999999998
sbert,3esF-pNAM9c,podcasts,long,unknown,0.8,0.991,0.9991,,,104,108,3.703703703703709,0.9000000000000008
sbert,3esF-pNAM9c,podcasts,long,unknown,0.9,0.9975,0.9998,,,107,108,0.92592592592593,0.24999999999999467
sbert,3esF-pNAM9c,podcasts,long,unknown,0.95,1.0,1.0,,,108,108,0.0,0.0
heuristic,3esF-pNAM9c,podcasts,long,unknown,0.5,0.3732,0.9683,,,29,108,73.14814814814814,62.68
heuristic,3esF-pNAM9c,podcasts,long,unknown,0.6,0.5346,0.9752,,,41,108,62.03703703703704,46.540000000000006
heuristic,3esF-pNAM9c,podcasts,long,unknown,0.7,0.7505,0.9847,,,62,108,42.592592592592595,24.950000000000006
heuristic,3esF-pNAM9c,podcasts,long,unknown,0.8,0.929,0.9938,,,85,108,21.29629629629629,7.099999999999995
heuristic,3esF-pNAM9c,podcasts,long,unknown,0.9,0.9791,0.9978,,,97,108,10.185185185185187,2.090000000000003
heuristic,3esF-pNAM9c,podcasts,long,unknown,0.95,0.99,0.9989,,,102,108,5.555555555555558,1.0000000000000009
model,4DfCXjwQBRA,commentary,long,unknown,0.5,0.7134,0.9594,0.7199,0.7199,31,59,47.45762711864406,28.659999999999997
model,4DfCXjwQBRA,commentary,long,unknown,0.6,0.8141,0.9744,0.819,0.819,39,59,33.89830508474576,18.589999999999996
model,4DfCXjwQBRA,commentary,long,unknown,0.7,0.8549,0.9822,0.8587,0.8587,43,59,27.118644067796616,14.510000000000002
model,4DfCXjwQBRA,commentary,long,unknown,0.8,0.9044,0.988,0.9078,0.9078,47,59,20.33898305084746,9.560000000000002
model,4DfCXjwQBRA,commentary,long,unknown,0.9,0.9545,0.9955,0.9556,0.9556,52,59,11.864406779661019,4.549999999999999
model,4DfCXjwQBRA,commentary,long,unknown,0.95,0.9864,0.9985,0.9858,0.9858,56,59,5.0847457627118615,1.3599999999999945
tfidf,4DfCXjwQBRA,commentary,long,unknown,0.5,0.6317,0.9422,,,25,59,57.6271186440678,36.83
tfidf,4DfCXjwQBRA,commentary,long,unknown,0.6,0.7386,0.9641,,,32,59,45.76271186440678,26.139999999999997
tfidf,4DfCXjwQBRA,commentary,long,unknown,0.7,0.8492,0.9786,,,40,59,32.20338983050848,15.080000000000005
tfidf,4DfCXjwQBRA,commentary,long,unknown,0.8,0.9126,0.9907,,,48,59,18.644067796610166,8.740000000000004
tfidf,4DfCXjwQBRA,commentary,long,unknown,0.9,0.9893,0.9986,,,56,59,5.0847457627118615,1.0700000000000043
tfidf,4DfCXjwQBRA,commentary,long,unknown,0.95,0.9924,0.9992,,,57,59,3.3898305084745783,0.7600000000000051
sbert,4DfCXjwQBRA,commentary,long,unknown,0.5,0.5417,0.9733,,,28,59,52.542372881355924,45.830000000000005
sbert,4DfCXjwQBRA,commentary,long,unknown,0.6,0.8243,0.9909,,,45,59,23.728813559322038,17.569999999999997
sbert,4DfCXjwQBRA,commentary,long,unknown,0.7,0.9264,0.998,,,56,59,5.0847457627118615,7.359999999999999
sbert,4DfCXjwQBRA,commentary,long,unknown,0.8,1.0,1.0,,,59,59,0.0,0.0
sbert,4DfCXjwQBRA,commentary,long,unknown,0.9,1.0,1.0,,,59,59,0.0,0.0
sbert,4DfCXjwQBRA,commentary,long,unknown,0.95,1.0,1.0,,,59,59,0.0,0.0
heuristic,4DfCXjwQBRA,commentary,long,unknown,0.5,0.3717,0.9633,,,27,59,54.23728813559322,62.830000000000005
heuristic,4DfCXjwQBRA,commentary,long,unknown,0.6,0.4668,0.9704,,,29,59,50.847457627118644,53.32
heuristic,4DfCXjwQBRA,commentary,long,unknown,0.7,0.7301,0.9833,,,40,59,32.20338983050848,26.990000000000002
heuristic,4DfCXjwQBRA,commentary,long,unknown,0.8,0.8911,0.9935,,,49,59,16.94915254237288,10.89
heuristic,4DfCXjwQBRA,commentary,long,unknown,0.9,0.9692,0.998,,,55,59,6.779661016949157,3.080000000000005
heuristic,4DfCXjwQBRA,commentary,long,unknown,0.95,0.9963,0.9994,,,58,59,1.6949152542372836,0.37000000000000366
model,4EXVrzOACv4,commentary,long,unknown,0.5,0.9394,0.9908,0.9395,0.9395,20,24,16.666666666666664,6.059999999999999
model,4EXVrzOACv4,commentary,long,unknown,0.6,0.9394,0.9908,0.9395,0.9395,20,24,16.666666666666664,6.059999999999999
model,4EXVrzOACv4,commentary,long,unknown,0.7,0.9394,0.9908,0.9395,0.9395,20,24,16.666666666666664,6.059999999999999
model,4EXVrzOACv4,commentary,long,unknown,0.8,0.9604,0.9939,0.9605,0.9605,21,24,12.5,3.959999999999997
model,4EXVrzOACv4,commentary,long,unknown,0.9,0.9694,0.9962,0.9695,0.9695,22,24,8.333333333333337,3.059999999999996
model,4EXVrzOACv4,commentary,long,unknown,0.95,1.0,1.0,1.0,1.0,24,24,0.0,0.0
tfidf,4EXVrzOACv4,commentary,long,unknown,0.5,0.6275,0.9358,,,10,24,58.33333333333333,37.25000000000001
tfidf,4EXVrzOACv4,commentary,long,unknown,0.6,0.7421,0.9495,,,13,24,45.833333333333336,25.790000000000003
tfidf,4EXVrzOACv4,commentary,long,unknown,0.7,0.8278,0.9735,,,16,24,33.333333333333336,17.220000000000002
tfidf,4EXVrzOACv4,commentary,long,unknown,0.8,0.8575,0.9779,,,17,24,29.166666666666664,14.249999999999996
tfidf,4EXVrzOACv4,commentary,long,unknown,0.9,0.9841,0.9956,,,22,24,8.333333333333337,1.5900000000000025
tfidf,4EXVrzOACv4,commentary,long,unknown,0.95,0.9841,0.9956,,,22,24,8.333333333333337,1.5900000000000025
sbert,4EXVrzOACv4,commentary,long,unknown,0.5,0.7445,0.969,,,16,24,33.333333333333336,25.549999999999994
sbert,4EXVrzOACv4,commentary,long,unknown,0.6,0.9436,0.9889,,,21,24,12.5,5.640000000000001
sbert,4EXVrzOACv4,commentary,long,unknown,0.7,0.991,0.9974,,,23,24,4.1666666666666625,0.9000000000000008
sbert,4EXVrzOACv4,commentary,long,unknown,0.8,1.0,1.0,,,24,24,0.0,0.0
sbert,4EXVrzOACv4,commentary,long,unknown,0.9,1.0,1.0,,,24,24,0.0,0.0
sbert,4EXVrzOACv4,commentary,long,unknown,0.95,1.0,1.0,,,24,24,0.0,0.0
heuristic,4EXVrzOACv4,commentary,long,unknown,0.5,0.6362,0.9642,,,12,24,50.0,36.38
heuristic,4EXVrzOACv4,commentary,long,unknown,0.6,0.7591,0.9829,,,16,24,33.333333333333336,24.09
heuristic,4EXVrzOACv4,commentary,long,unknown,0.7,0.9313,0.9945,,,21,24,12.5,6.869999999999998
heuristic,4EXVrzOACv4,commentary,long,unknown,0.8,0.9553,0.9956,,,22,24,8.333333333333337,4.469999999999996
heuristic,4EXVrzOACv4,commentary,long,unknown,0.9,0.979,0.9975,,,23,24,4.1666666666666625,2.100000000000002
heuristic,4EXVrzOACv4,commentary,long,unknown,0.95,1.0,1.0,,,24,24,0.0,0.0
model,4IenX7OHumk,tv_series,long,unknown,0.5,1.0,1.0,1.0,1.0,6,6,0.0,0.0
model,4IenX7OHumk,tv_series,long,unknown,0.6,1.0,1.0,1.0,1.0,6,6,0.0,0.0
model,4IenX7OHumk,tv_series,long,unknown,0.7,1.0,1.0,1.0,1.0,6,6,0.0,0.0
model,4IenX7OHumk,tv_series,long,unknown,0.8,1.0,1.0,1.0,1.0,6,6,0.0,0.0
model,4IenX7OHumk,tv_series,long,unknown,0.9,1.0,1.0,1.0,1.0,6,6,0.0,0.0
model,4IenX7OHumk,tv_series,long,unknown,0.95,1.0,1.0,1.0,1.0,6,6,0.0,0.0
tfidf,4IenX7OHumk,tv_series,long,unknown,0.5,0.8338,0.967,,,4,6,33.333333333333336,16.62
tfidf,4IenX7OHumk,tv_series,long,unknown,0.6,0.8338,0.967,,,4,6,33.333333333333336,16.62
tfidf,4IenX7OHumk,tv_series,long,unknown,0.7,0.8338,0.967,,,4,6,33.333333333333336,16.62
tfidf,4IenX7OHumk,tv_series,long,unknown,0.8,0.9362,0.9899,,,5,6,16.666666666666664,6.379999999999997
tfidf,4IenX7OHumk,tv_series,long,unknown,0.9,0.9362,0.9899,,,5,6,16.666666666666664,6.379999999999997
tfidf,4IenX7OHumk,tv_series,long,unknown,0.95,0.9362,0.9899,,,5,6,16.666666666666664,6.379999999999997
sbert,4IenX7OHumk,tv_series,long,unknown,0.5,1.0,1.0,,,6,6,0.0,0.0
sbert,4IenX7OHumk,tv_series,long,unknown,0.6,1.0,1.0,,,6,6,0.0,0.0
sbert,4IenX7OHumk,tv_series,long,unknown,0.7,1.0,1.0,,,6,6,0.0,0.0
sbert,4IenX7OHumk,tv_series,long,unknown,0.8,1.0,1.0,,,6,6,0.0,0.0
sbert,4IenX7OHumk,tv_series,long,unknown,0.9,1.0,1.0,,,6,6,0.0,0.0
sbert,4IenX7OHumk,tv_series,long,unknown,0.95,1.0,1.0,,,6,6,0.0,0.0
heuristic,4IenX7OHumk,tv_series,long,unknown,0.5,0.9362,0.9899,,,5,6,16.666666666666664,6.379999999999997
heuristic,4IenX7OHumk,tv_series,long,unknown,0.6,1.0,1.0,,,6,6,0.0,0.0
heuristic,4IenX7OHumk,tv_series,long,unknown,0.7,1.0,1.0,,,6,6,0.0,0.0
heuristic,4IenX7OHumk,tv_series,long,unknown,0.8,1.0,1.0,,,6,6,0.0,0.0
heuristic,4IenX7OHumk,tv_series,long,unknown,0.9,1.0,1.0,,,6,6,0.0,0.0
heuristic,4IenX7OHumk,tv_series,long,unknown,0.95,1.0,1.0,,,6,6,0.0,0.0
model,4X16Iw5ST4Q,commentary,long,unknown,0.5,0.7702,0.9664,0.7665,0.7665,18,30,40.0,22.98
model,4X16Iw5ST4Q,commentary,long,unknown,0.6,0.8328,0.9751,0.8281,0.8281,20,30,33.333333333333336,16.720000000000002
model,4X16Iw5ST4Q,commentary,long,unknown,0.7,0.8668,0.9746,0.8639,0.8639,21,30,30.000000000000004,13.319999999999999
model,4X16Iw5ST4Q,commentary,long,unknown,0.8,0.8951,0.9773,0.8936,0.8936,22,30,26.66666666666667,10.489999999999998
model,4X16Iw5ST4Q,commentary,long,unknown,0.9,0.9739,0.9921,0.9731,0.9731,27,30,9.999999999999998,2.610000000000001
model,4X16Iw5ST4Q,commentary,long,unknown,0.95,0.9989,0.9981,0.9987,0.9987,29,30,3.3333333333333326,0.10999999999999899
tfidf,4X16Iw5ST4Q,commentary,long,unknown,0.5,0.8668,0.9746,,,21,30,30.000000000000004,13.319999999999999
tfidf,4X16Iw5ST4Q,commentary,long,unknown,0.6,0.9485,0.9888,,,25,30,16.666666666666664,5.149999999999999
tfidf,4X16Iw5ST4Q,commentary,long,unknown,0.7,0.9989,0.9981,,,29,30,3.3333333333333326,0.10999999999999899
tfidf,4X16Iw5ST4Q,commentary,long,unknown,0.8,0.9989,0.9981,,,29,30,3.3333333333333326,0.10999999999999899
tfidf,4X16Iw5ST4Q,commentary,long,unknown,0.9,0.9989,0.9981,,,29,30,3.3333333333333326,0.10999999999999899
tfidf,4X16Iw5ST4Q,commentary,long,unknown,0.95,0.9989,0.9981,,,29,30,3.3333333333333326,0.10999999999999899
sbert,4X16Iw5ST4Q,commentary,long,unknown,0.5,0.7047,0.9682,,,18,30,40.0,29.53
sbert,4X16Iw5ST4Q,commentary,long,unknown,0.6,0.86,0.9904,,,25,30,16.666666666666664,14.000000000000002
sbert,4X16Iw5ST4Q,commentary,long,unknown,0.7,1.0,1.0,,,30,30,0.0,0.0
sbert,4X16Iw5ST4Q,commentary,long,unknown,0.8,1.0,1.0,,,30,30,0.0,0.0
sbert,4X16Iw5ST4Q,commentary,long,unknown,0.9,1.0,1.0,,,30,30,0.0,0.0
sbert,4X16Iw5ST4Q,commentary,long,unknown,0.95,1.0,1.0,,,30,30,0.0,0.0
heuristic,4X16Iw5ST4Q,commentary,long,unknown,0.5,0.1852,0.7882,,,4,30,86.66666666666667,81.47999999999999
heuristic,4X16Iw5ST4Q,commentary,long,unknown,0.6,0.4803,0.9119,,,11,30,63.33333333333333,51.970000000000006
heuristic,4X16Iw5ST4Q,commentary,long,unknown,0.7,0.8472,0.9731,,,21,30,30.000000000000004,15.280000000000005
heuristic,4X16Iw5ST4Q,commentary,long,unknown,0.8,0.966,0.9902,,,26,30,13.33333333333333,3.400000000000003
heuristic,4X16Iw5ST4Q,commentary,long,unknown,0.9,0.9989,0.9981,,,29,30,3.3333333333333326,0.10999999999999899
heuristic,4X16Iw5ST4Q,commentary,long,unknown,0.95,0.9989,0.9981,,,29,30,3.3333333333333326,0.10999999999999899
model,6HVYHNTDOFs,commentary,long,unknown,0.5,0.8554,0.992,0.8558,0.8558,44,57,22.807017543859654,14.459999999999996
model,6HVYHNTDOFs,commentary,long,unknown,0.6,0.9055,0.993,0.9056,0.9056,48,57,15.789473684210531,9.450000000000003
model,6HVYHNTDOFs,commentary,long,unknown,0.7,0.9279,0.9955,0.9285,0.9285,50,57,12.28070175438597,7.210000000000005
model,6HVYHNTDOFs,commentary,long,unknown,0.8,0.9754,0.9979,0.9757,0.9757,53,57,7.017543859649122,2.4599999999999955
model,6HVYHNTDOFs,commentary,long,unknown,0.9,0.9924,0.999,0.9924,0.9924,55,57,3.508771929824561,0.7600000000000051
model,6HVYHNTDOFs,commentary,long,unknown,0.95,0.9924,0.999,0.9924,0.9924,55,57,3.508771929824561,0.7600000000000051
tfidf,6HVYHNTDOFs,commentary,long,unknown,0.5,0.6553,0.9797,,,30,57,47.36842105263158,34.47
tfidf,6HVYHNTDOFs,commentary,long,unknown,0.6,0.8648,0.994,,,44,57,22.807017543859654,13.52
tfidf,6HVYHNTDOFs,commentary,long,unknown,0.7,0.9758,0.9982,,,53,57,7.017543859649122,2.42
tfidf,6HVYHNTDOFs,commentary,long,unknown,0.8,0.9835,0.9982,,,54,57,5.263157894736848,1.649999999999996
tfidf,6HVYHNTDOFs,commentary,long,unknown,0.9,0.9924,0.999,,,55,57,3.508771929824561,0.7600000000000051
tfidf,6HVYHNTDOFs,commentary,long,unknown,0.95,0.9966,0.9996,,,56,57,1.7543859649122862,0.33999999999999586
sbert,6HVYHNTDOFs,commentary,long,unknown,0.5,0.6527,0.9851,,,37,57,35.08771929824561,34.730000000000004
sbert,6HVYHNTDOFs,commentary,long,unknown,0.6,0.872,0.9975,,,50,57,12.28070175438597,12.8
sbert,6HVYHNTDOFs,commentary,long,unknown,0.7,0.9606,0.9986,,,54,57,5.263157894736848,3.939999999999999
sbert,6HVYHNTDOFs,commentary,long,unknown,0.8,0.9877,0.9991,,,55,57,3.508771929824561,1.2299999999999978
sbert,6HVYHNTDOFs,commentary,long,unknown,0.9,0.9919,0.9995,,,56,57,1.7543859649122862,0.8099999999999996
sbert,6HVYHNTDOFs,commentary,long,unknown,0.95,1.0,1.0,,,57,57,0.0,0.0
heuristic,6HVYHNTDOFs,commentary,long,unknown,0.5,0.8192,0.9928,,,44,57,22.807017543859654,18.079999999999995
heuristic,6HVYHNTDOFs,commentary,long,unknown,0.6,0.9029,0.9969,,,50,57,12.28070175438597,9.709999999999997
heuristic,6HVYHNTDOFs,commentary,long,unknown,0.7,0.9394,0.9973,,,52,57,8.771929824561408,6.059999999999999
heuristic,6HVYHNTDOFs,commentary,long,unknown,0.8,0.9869,0.9989,,,55,57,3.508771929824561,1.31
heuristic,6HVYHNTDOFs,commentary,long,unknown,0.9,0.9869,0.9989,,,55,57,3.508771929824561,1.31
heuristic,6HVYHNTDOFs,commentary,long,unknown,0.95,0.9958,0.9995,,,56,57,1.7543859649122862,0.41999999999999815
model,6ueAONn8LGA,entertainment,long,unknown,0.5,0.5498,0.9195,0.5636,0.5636,33,101,67.32673267326732,45.02
model,6ueAONn8LGA,entertainment,long,unknown,0.6,0.6068,0.9372,0.6172,0.6172,41,101,59.4059405940594,39.32
model,6ueAONn8LGA,entertainment,long,unknown,0.7,0.7599,0.9675,0.7672,0.7672,57,101,43.56435643564357,24.009999999999998
model,6ueAONn8LGA,entertainment,long,unknown,0.8,0.8392,0.9851,0.844,0.844,70,101,30.6930693069307,16.080000000000005
model,6ueAONn8LGA,entertainment,long,unknown,0.9,0.9447,0.9936,0.9465,0.9465,87,101,13.861386138613863,5.530000000000001
model,6ueAONn8LGA,entertainment,long,unknown,0.95,0.9937,0.999,0.9942,0.9942,98,101,2.970297029702973,0.6299999999999972
tfidf,6ueAONn8LGA,entertainment,long,unknown,0.5,0.5638,0.9172,,,32,101,68.31683168316832,43.620000000000005
tfidf,6ueAONn8LGA,entertainment,long,unknown,0.6,0.7504,0.9588,,,52,101,48.51485148514851,24.960000000000004
tfidf,6ueAONn8LGA,entertainment,long,unknown,0.7,0.8894,0.988,,,75,101,25.742574257425744,11.060000000000002
tfidf,6ueAONn8LGA,entertainment,long,unknown,0.8,0.967,0.9963,,,91,101,9.9009900990099,3.300000000000003
tfidf,6ueAONn8LGA,entertainment,long,unknown,0.9,0.9967,0.9994,,,99,101,1.980198019801982,0.32999999999999696
tfidf,6ueAONn8LGA,entertainment,long,unknown,0.95,0.9967,0.9994,,,99,101,1.980198019801982,0.32999999999999696
sbert,6ueAONn8LGA,entertainment,long,unknown,0.5,0.092,0.8863,,,9,101,91.0891089108911,90.8
sbert,6ueAONn8LGA,entertainment,long,unknown,0.6,0.549,0.975,,,53,101,47.524752475247524,45.099999999999994
sbert,6ueAONn8LGA,entertainment,long,unknown,0.7,0.8862,0.9964,,,90,101,10.89108910891089,11.38
sbert,6ueAONn8LGA,entertainment,long,unknown,0.8,0.9945,0.9997,,,100,101,0.990099009900991,0.5499999999999949
sbert,6ueAONn8LGA,entertainment,long,unknown,0.9,1.0,1.0,,,101,101,0.0,0.0
sbert,6ueAONn8LGA,entertainment,long,unknown,0.95,1.0,1.0,,,101,101,0.0,0.0
heuristic,6ueAONn8LGA,entertainment,long,unknown,0.5,0.1706,0.9389,,,28,101,72.27722772277228,82.94
heuristic,6ueAONn8LGA,entertainment,long,unknown,0.6,0.4332,0.951,,,39,101,61.386138613861384,56.68
heuristic,6ueAONn8LGA,entertainment,long,unknown,0.7,0.578,0.9741,,,49,101,51.48514851485149,42.2
heuristic,6ueAONn8LGA,entertainment,long,unknown,0.8,0.8797,0.9898,,,79,101,21.78217821782178,12.029999999999996
heuristic,6ueAONn8LGA,entertainment,long,unknown,0.9,0.997,0.9997,,,100,101,0.990099009900991,0.30000000000000027
heuristic,6ueAONn8LGA,entertainment,long,unknown,0.95,1.0,1.0,,,101,101,0.0,0.0
model,7gProq2rmag,commentary,long,unknown,0.5,0.8543,0.9791,0.8525,0.8525,27,41,34.14634146341463,14.570000000000006
model,7gProq2rmag,commentary,long,unknown,0.6,0.8673,0.9812,0.866,0.866,28,41,31.707317073170728,13.270000000000003
model,7gProq2rmag,commentary,long,unknown,0.7,0.8856,0.9815,0.8829,0.8829,29,41,29.268292682926834,11.439999999999994
model,7gProq2rmag,commentary,long,unknown,0.8,0.9061,0.9842,0.9046,0.9046,31,41,24.390243902439025,9.389999999999999
model,7gProq2rmag,commentary,long,unknown,0.9,0.9552,0.9925,0.9553,0.9553,35,41,14.634146341463417,4.479999999999995
model,7gProq2rmag,commentary,long,unknown,0.95,0.9929,0.999,0.9928,0.9928,40,41,2.4390243902439046,0.7099999999999995
tfidf,7gProq2rmag,commentary,long,unknown,0.5,0.7043,0.9619,,,18,41,56.09756097560976,29.569999999999997
tfidf,7gProq2rmag,commentary,long,unknown,0.6,0.8062,0.9761,,,23,41,43.90243902439024,19.379999999999995
tfidf,7gProq2rmag,commentary,long,unknown,0.7,0.8992,0.9867,,,30,41,26.82926829268293,10.08
tfidf,7gProq2rmag,commentary,long,unknown,0.8,0.9726,0.9952,,,36,41,12.195121951219512,2.739999999999998
tfidf,7gProq2rmag,commentary,long,unknown,0.9,0.9916,0.9983,,,39,41,4.878048780487809,0.8399999999999963
tfidf,7gProq2rmag,commentary,long,unknown,0.95,0.9954,0.999,,,40,41,2.4390243902439046,0.46000000000000485
sbert,7gProq2rmag,commentary,long,unknown,0.5,0.8239,0.9856,,,30,41,26.82926829268293,17.610000000000003
sbert,7gProq2rmag,commentary,long,unknown,0.6,0.8819,0.9919,,,35,41,14.634146341463417,11.809999999999999
sbert,7gProq2rmag,commentary,long,unknown,0.7,0.9132,0.9963,,,38,41,7.317073170731703,8.68
sbert,7gProq2rmag,commentary,long,unknown,0.8,0.925,0.999,,,40,41,2.4390243902439046,7.499999999999996
sbert,7gProq2rmag,commentary,long,unknown,0.9,1.0,1.0,,,41,41,0.0,0.0
sbert,7gProq2rmag,commentary,long,unknown,0.95,1.0,1.0,,,41,41,0.0,0.0
heuristic,7gProq2rmag,commentary,long,unknown,0.5,0.1465,0.8686,,,5,41,87.8048780487805,85.35000000000001
heuristic,7gProq2rmag,commentary,long,unknown,0.6,0.4179,0.9175,,,11,41,73.17073170731707,58.21000000000001
heuristic,7gProq2rmag,commentary,long,unknown,0.7,0.5983,0.9519,,,17,41,58.53658536585367,40.169999999999995
heuristic,7gProq2rmag,commentary,long,unknown,0.8,0.8476,0.9798,,,27,41,34.14634146341463,15.239999999999998
heuristic,7gProq2rmag,commentary,long,unknown,0.9,0.9763,0.9957,,,37,41,9.756097560975608,2.3700000000000054
heuristic,7gProq2rmag,commentary,long,unknown,0.95,0.9954,0.999,,,40,41,2.4390243902439046,0.46000000000000485
model,8idr1WZ1A7Q,lectures,medium,unknown,0.5,0.9725,0.9985,0.9718,0.9718,17,18,5.555555555555558,2.749999999999997
model,8idr1WZ1A7Q,lectures,medium,unknown,0.6,1.0,1.0,1.0,1.0,18,18,0.0,0.0
model,8idr1WZ1A7Q,lectures,medium,unknown,0.7,1.0,1.0,1.0,1.0,18,18,0.0,0.0
model,8idr1WZ1A7Q,lectures,medium,unknown,0.8,1.0,1.0,1.0,1.0,18,18,0.0,0.0
model,8idr1WZ1A7Q,lectures,medium,unknown,0.9,1.0,1.0,1.0,1.0,18,18,0.0,0.0
model,8idr1WZ1A7Q,lectures,medium,unknown,0.95,1.0,1.0,1.0,1.0,18,18,0.0,0.0
tfidf,8idr1WZ1A7Q,lectures,medium,unknown,0.5,0.6536,0.9721,,,10,18,44.44444444444444,34.64
tfidf,8idr1WZ1A7Q,lectures,medium,unknown,0.6,0.7072,0.9784,,,11,18,38.888888888888886,29.279999999999994
tfidf,8idr1WZ1A7Q,lectures,medium,unknown,0.7,0.8559,0.9872,,,14,18,22.22222222222222,14.41
tfidf,8idr1WZ1A7Q,lectures,medium,unknown,0.8,0.8559,0.9872,,,14,18,22.22222222222222,14.41
tfidf,8idr1WZ1A7Q,lectures,medium,unknown,0.9,0.9725,0.9985,,,17,18,5.555555555555558,2.749999999999997
tfidf,8idr1WZ1A7Q,lectures,medium,unknown,0.95,0.9725,0.9985,,,17,18,5.555555555555558,2.749999999999997
sbert,8idr1WZ1A7Q,lectures,medium,unknown,0.5,0.9552,0.9971,,,17,18,5.555555555555558,4.479999999999995
sbert,8idr1WZ1A7Q,lectures,medium,unknown,0.6,0.9552,0.9971,,,17,18,5.555555555555558,4.479999999999995
sbert,8idr1WZ1A7Q,lectures,medium,unknown,0.7,1.0,1.0,,,18,18,0.0,0.0
sbert,8idr1WZ1A7Q,lectures,medium,unknown,0.8,1.0,1.0,,,18,18,0.0,0.0
sbert,8idr1WZ1A7Q,lectures,medium,unknown,0.9,1.0,1.0,,,18,18,0.0,0.0
sbert,8idr1WZ1A7Q,lectures,medium,unknown,0.95,1.0,1.0,,,18,18,0.0,0.0
heuristic,8idr1WZ1A7Q,lectures,medium,unknown,0.5,0.6023,0.9854,,,10,18,44.44444444444444,39.77
heuristic,8idr1WZ1A7Q,lectures,medium,unknown,0.6,0.6825,0.9857,,,11,18,38.888888888888886,31.75
heuristic,8idr1WZ1A7Q,lectures,medium,unknown,0.7,0.7991,0.9888,,,13,18,27.77777777777778,20.089999999999996
heuristic,8idr1WZ1A7Q,lectures,medium,unknown,0.8,0.8788,0.9924,,,15,18,16.666666666666664,12.119999999999997
heuristic,8idr1WZ1A7Q,lectures,medium,unknown,0.9,0.965,0.9982,,,17,18,5.555555555555558,3.500000000000003
heuristic,8idr1WZ1A7Q,lectures,medium,unknown,0.95,1.0,1.0,,,18,18,0.0,0.0
model,9szhjhO9epA,commentary,long,unknown,0.5,0.797,0.9714,0.797,0.797,27,40,32.49999999999999,20.299999999999997
model,9szhjhO9epA,commentary,long,unknown,0.6,0.8196,0.9755,0.8197,0.8197,28,40,30.000000000000004,18.04
model,9szhjhO9epA,commentary,long,unknown,0.7,0.8762,0.9887,0.8767,0.8767,31,40,22.499999999999996,12.380000000000003
model,9szhjhO9epA,commentary,long,unknown,0.8,0.9691,0.9963,0.9688,0.9688,36,40,9.999999999999998,3.090000000000004
model,9szhjhO9epA,commentary,long,unknown,0.9,0.9931,0.998,0.9924,0.9924,38,40,5.000000000000004,0.6900000000000017
model,9szhjhO9epA,commentary,long,unknown,0.95,0.9931,0.998,0.9924,0.9924,38,40,5.000000000000004,0.6900000000000017
tfidf,9szhjhO9epA,commentary,long,unknown,0.5,0.6197,0.9634,,,17,40,57.49999999999999,38.029999999999994
tfidf,9szhjhO9epA,commentary,long,unknown,0.6,0.8676,0.9915,,,30,40,25.0,13.239999999999997
tfidf,9szhjhO9epA,commentary,long,unknown,0.7,0.9826,0.9971,,,37,40,7.499999999999996,1.739999999999997
tfidf,9szhjhO9epA,commentary,long,unknown,0.8,0.9931,0.998,,,38,40,5.000000000000004,0.6900000000000017
tfidf,9szhjhO9epA,commentary,long,unknown,0.9,0.9931,0.998,,,38,40,5.000000000000004,0.6900000000000017
tfidf,9szhjhO9epA,commentary,long,unknown,0.95,0.9931,0.998,,,38,40,5.000000000000004,0.6900000000000017
sbert,9szhjhO9epA,commentary,long,unknown,0.5,0.8282,0.9899,,,30,40,25.0,17.179999999999996
sbert,9szhjhO9epA,commentary,long,unknown,0.6,0.8748,0.9916,,,33,40,17.500000000000004,12.519999999999998
sbert,9szhjhO9epA,commentary,long,unknown,0.7,0.9156,0.9955,,,35,40,12.5,8.440000000000003
sbert,9szhjhO9epA,commentary,long,unknown,0.8,0.9446,0.997,,,37,40,7.499999999999996,5.540000000000001
sbert,9szhjhO9epA,commentary,long,unknown,0.9,1.0,1.0,,,40,40,0.0,0.0
sbert,9szhjhO9epA,commentary,long,unknown,0.95,1.0,1.0,,,40,40,0.0,0.0
heuristic,9szhjhO9epA,commentary,long,unknown,0.5,0.6864,0.9765,,,23,40,42.50000000000001,31.36
heuristic,9szhjhO9epA,commentary,long,unknown,0.6,0.7419,0.9843,,,27,40,32.49999999999999,25.81
heuristic,9szhjhO9epA,commentary,long,unknown,0.7,0.8362,0.9913,,,31,40,22.499999999999996,16.379999999999995
heuristic,9szhjhO9epA,commentary,long,unknown,0.8,0.9895,0.9992,,,39,40,2.500000000000002,1.0499999999999954
heuristic,9szhjhO9epA,commentary,long,unknown,0.9,1.0,1.0,,,40,40,0.0,0.0
heuristic,9szhjhO9epA,commentary,long,unknown,0.95,1.0,1.0,,,40,40,0.0,0.0
model,Aj0s9ztoKUc,entertainment,long,unknown,0.5,0.6076,0.9592,0.6049,0.6049,45,99,54.54545454545454,39.239999999999995
model,Aj0s9ztoKUc,entertainment,long,unknown,0.6,0.7039,0.968,0.7006,0.7006,56,99,43.43434343434344,29.610000000000003
model,Aj0s9ztoKUc,entertainment,long,unknown,0.7,0.776,0.9815,0.7722,0.7722,68,99,31.313131313131315,22.4
model,Aj0s9ztoKUc,entertainment,long,unknown,0.8,0.8738,0.9892,0.8712,0.8712,80,99,19.191919191919194,12.619999999999997
model,Aj0s9ztoKUc,entertainment,long,unknown,0.9,0.9799,0.9986,0.9812,0.9812,95,99,4.040404040404044,2.0100000000000007
model,Aj0s9ztoKUc,entertainment,long,unknown,0.95,0.9935,0.9997,0.9939,0.9939,98,99,1.0101010101010055,0.649999999999995
tfidf,Aj0s9ztoKUc,entertainment,long,unknown,0.5,0.4858,0.9444,,,30,99,69.6969696969697,51.42
tfidf,Aj0s9ztoKUc,entertainment,long,unknown,0.6,0.6138,0.9691,,,43,99,56.56565656565656,38.62
tfidf,Aj0s9ztoKUc,entertainment,long,unknown,0.7,0.8076,0.9846,,,65,99,34.34343434343434,19.240000000000002
tfidf,Aj0s9ztoKUc,entertainment,long,unknown,0.8,0.9267,0.9951,,,84,99,15.151515151515149,7.330000000000004
tfidf,Aj0s9ztoKUc,entertainment,long,unknown,0.9,0.9941,0.9994,,,97,99,2.020202020202022,0.5900000000000016
tfidf,Aj0s9ztoKUc,entertainment,long,unknown,0.95,0.9941,0.9994,,,97,99,2.020202020202022,0.5900000000000016
sbert,Aj0s9ztoKUc,entertainment,long,unknown,0.5,0.2985,0.8993,,,23,99,76.76767676767678,70.15
sbert,Aj0s9ztoKUc,entertainment,long,unknown,0.6,0.6049,0.9586,,,54,99,45.45454545454546,39.51
sbert,Aj0s9ztoKUc,entertainment,long,unknown,0.7,0.8446,0.9893,,,80,99,19.191919191919194,15.54
sbert,Aj0s9ztoKUc,entertainment,long,unknown,0.8,0.9693,0.9983,,,94,99,5.05050505050505,3.069999999999995
sbert,Aj0s9ztoKUc,entertainment,long,unknown,0.9,1.0,1.0,,,99,99,0.0,0.0
sbert,Aj0s9ztoKUc,entertainment,long,unknown,0.95,1.0,1.0,,,99,99,0.0,0.0
heuristic,Aj0s9ztoKUc,entertainment,long,unknown,0.5,0.346,0.9409,,,35,99,64.64646464646464,65.4
heuristic,Aj0s9ztoKUc,entertainment,long,unknown,0.6,0.3647,0.9485,,,37,99,62.62626262626263,63.53
heuristic,Aj0s9ztoKUc,entertainment,long,unknown,0.7,0.4793,0.9644,,,44,99,55.55555555555556,52.06999999999999
heuristic,Aj0s9ztoKUc,entertainment,long,unknown,0.8,0.7503,0.9842,,,65,99,34.34343434343434,24.970000000000002
heuristic,Aj0s9ztoKUc,entertainment,long,unknown,0.9,0.966,0.9979,,,92,99,7.070707070707072,3.400000000000003
heuristic,Aj0s9ztoKUc,entertainment,long,unknown,0.95,1.0,1.0,,,99,99,0.0,0.0
model,BlfcWeWwCts,tv_series,medium,unknown,0.5,0.84,0.9906,0.8413,0.8413,14,19,26.315789473684216,16.000000000000004
model,BlfcWeWwCts,tv_series,medium,unknown,0.6,0.9433,0.9957,0.9432,0.9432,17,19,10.526315789473683,5.669999999999997
model,BlfcWeWwCts,tv_series,medium,unknown,0.7,0.9433,0.9957,0.9432,0.9432,17,19,10.526315789473683,5.669999999999997
model,BlfcWeWwCts,tv_series,medium,unknown,0.8,0.9683,0.9984,0.9683,0.9683,18,19,5.263157894736848,3.169999999999995
model,BlfcWeWwCts,tv_series,medium,unknown,0.9,1.0,1.0,1.0,1.0,19,19,0.0,0.0
model,BlfcWeWwCts,tv_series,medium,unknown,0.95,1.0,1.0,1.0,1.0,19,19,0.0,0.0
tfidf,BlfcWeWwCts,tv_series,medium,unknown,0.5,0.7767,0.9846,,,12,19,36.8421052631579,22.330000000000005
tfidf,BlfcWeWwCts,tv_series,medium,unknown,0.6,0.8608,0.9909,,,14,19,26.315789473684216,13.919999999999998
tfidf,BlfcWeWwCts,tv_series,medium,unknown,0.7,0.8975,0.9924,,,15,19,21.052631578947366,10.250000000000004
tfidf,BlfcWeWwCts,tv_series,medium,unknown,0.8,0.8975,0.9924,,,15,19,21.052631578947366,10.250000000000004
tfidf,BlfcWeWwCts,tv_series,medium,unknown,0.9,0.9292,0.9951,,,16,19,15.789473684210531,7.079999999999997
tfidf,BlfcWeWwCts,tv_series,medium,unknown,0.95,0.98,0.9983,,,18,19,5.263157894736848,2.0000000000000018
sbert,BlfcWeWwCts,tv_series,medium,unknown,0.5,1.0,1.0,,,19,19,0.0,0.0
sbert,BlfcWeWwCts,tv_series,medium,unknown,0.6,1.0,1.0,,,19,19,0.0,0.0
sbert,BlfcWeWwCts,tv_series,medium,unknown,0.7,1.0,1.0,,,19,19,0.0,0.0
sbert,BlfcWeWwCts,tv_series,medium,unknown,0.8,1.0,1.0,,,19,19,0.0,0.0
sbert,BlfcWeWwCts,tv_series,medium,unknown,0.9,1.0,1.0,,,19,19,0.0,0.0
sbert,BlfcWeWwCts,tv_series,medium,unknown,0.95,1.0,1.0,,,19,19,0.0,0.0
heuristic,BlfcWeWwCts,tv_series,medium,unknown,0.5,0.9292,0.9964,,,17,19,10.526315789473683,7.079999999999997
heuristic,BlfcWeWwCts,tv_series,medium,unknown,0.6,1.0,1.0,,,19,19,0.0,0.0
heuristic,BlfcWeWwCts,tv_series,medium,unknown,0.7,1.0,1.0,,,19,19,0.0,0.0
heuristic,BlfcWeWwCts,tv_series,medium,unknown,0.8,1.0,1.0,,,19,19,0.0,0.0
heuristic,BlfcWeWwCts,tv_series,medium,unknown,0.9,1.0,1.0,,,19,19,0.0,0.0
heuristic,BlfcWeWwCts,tv_series,medium,unknown,0.95,1.0,1.0,,,19,19,0.0,0.0
model,CCCQ5-5QICM,entertainment,medium,unknown,0.5,0.7767,0.9647,0.7833,0.7833,28,48,41.666666666666664,22.330000000000005
model,CCCQ5-5QICM,entertainment,medium,unknown,0.6,0.7877,0.9686,0.7945,0.7945,29,48,39.583333333333336,21.230000000000004
model,CCCQ5-5QICM,entertainment,medium,unknown,0.7,0.8245,0.9752,0.8303,0.8303,32,48,33.333333333333336,17.549999999999997
model,CCCQ5-5QICM,entertainment,medium,unknown,0.8,0.9176,0.982,0.9225,0.9225,37,48,22.916666666666664,8.240000000000002
model,CCCQ5-5QICM,entertainment,medium,unknown,0.9,0.9345,0.986,0.9365,0.9365,39,48,18.75,6.550000000000001
model,CCCQ5-5QICM,entertainment,medium,unknown,0.95,0.9873,0.9978,0.9881,0.9881,46,48,4.1666666666666625,1.2700000000000045
tfidf,CCCQ5-5QICM,entertainment,medium,unknown,0.5,0.6557,0.9419,,,21,48,56.25,34.43000000000001
tfidf,CCCQ5-5QICM,entertainment,medium,unknown,0.6,0.8227,0.9673,,,30,48,37.5,17.73
tfidf,CCCQ5-5QICM,entertainment,medium,unknown,0.7,0.9038,0.9817,,,36,48,25.0,9.619999999999996
tfidf,CCCQ5-5QICM,entertainment,medium,unknown,0.8,0.9515,0.991,,,41,48,14.583333333333337,4.849999999999999
tfidf,CCCQ5-5QICM,entertainment,medium,unknown,0.9,0.9929,0.998,,,46,48,4.1666666666666625,0.7099999999999995
tfidf,CCCQ5-5QICM,entertainment,medium,unknown,0.95,0.9929,0.998,,,46,48,4.1666666666666625,0.7099999999999995
sbert,CCCQ5-5QICM,entertainment,medium,unknown,0.5,0.6277,0.9494,,,23,48,52.08333333333333,37.23
sbert,CCCQ5-5QICM,entertainment,medium,unknown,0.6,0.8107,0.9672,,,33,48,31.25,18.930000000000003
sbert,CCCQ5-5QICM,entertainment,medium,unknown,0.7,0.9413,0.9867,,,40,48,16.666666666666664,5.869999999999997
sbert,CCCQ5-5QICM,entertainment,medium,unknown,0.8,0.9841,0.9977,,,46,48,4.1666666666666625,1.5900000000000025
sbert,CCCQ5-5QICM,entertainment,medium,unknown,0.9,1.0,1.0,,,48,48,0.0,0.0
sbert,CCCQ5-5QICM,entertainment,medium,unknown,0.95,1.0,1.0,,,48,48,0.0,0.0
heuristic,CCCQ5-5QICM,entertainment,medium,unknown,0.5,0.1599,0.7275,,,12,48,75.0,84.01
heuristic,CCCQ5-5QICM,entertainment,medium,unknown,0.6,0.3347,0.8838,,,17,48,64.58333333333333,66.53
heuristic,CCCQ5-5QICM,entertainment,medium,unknown,0.7,0.5697,0.9536,,,24,48,50.0,43.03
heuristic,CCCQ5-5QICM,entertainment,medium,unknown,0.8,0.8992,0.9887,,,40,48,16.666666666666664,10.08
heuristic,CCCQ5-5QICM,entertainment,medium,unknown,0.9,1.0,1.0,,,48,48,0.0,0.0
heuristic,CCCQ5-5QICM,entertainment,medium,unknown,0.95,1.0,1.0,,,48,48,0.0,0.0
model,E0g4hydIRPM,ted,medium,unknown,0.5,0.8842,0.9671,0.8821,0.8821,8,11,27.27272727272727,11.580000000000002
model,E0g4hydIRPM,ted,medium,unknown,0.6,0.8842,0.9671,0.8821,0.8821,8,11,27.27272727272727,11.580000000000002
model,E0g4hydIRPM,ted,medium,unknown,0.7,0.929,0.9786,0.9281,0.9281,9,11,18.181818181818176,7.099999999999995
model,E0g4hydIRPM,ted,medium,unknown,0.8,0.929,0.9786,0.9281,0.9281,9,11,18.181818181818176,7.099999999999995
model,E0g4hydIRPM,ted,medium,unknown,0.9,0.9743,0.9911,0.974,0.974,10,11,9.090909090909093,2.5699999999999945
model,E0g4hydIRPM,ted,medium,unknown,0.95,1.0,1.0,1.0,1.0,11,11,0.0,0.0
tfidf,E0g4hydIRPM,ted,medium,unknown,0.5,0.8261,0.9537,,,7,11,36.36363636363637,17.390000000000004
tfidf,E0g4hydIRPM,ted,medium,unknown,0.6,0.8842,0.9671,,,8,11,27.27272727272727,11.580000000000002
tfidf,E0g4hydIRPM,ted,medium,unknown,0.7,0.929,0.9786,,,9,11,18.181818181818176,7.099999999999995
tfidf,E0g4hydIRPM,ted,medium,unknown,0.8,0.929,0.9786,,,9,11,18.181818181818176,7.099999999999995
tfidf,E0g4hydIRPM,ted,medium,unknown,0.9,0.9743,0.9911,,,10,11,9.090909090909093,2.5699999999999945
tfidf,E0g4hydIRPM,ted,medium,unknown,0.95,0.9743,0.9911,,,10,11,9.090909090909093,2.5699999999999945
sbert,E0g4hydIRPM,ted,medium,unknown,0.5,1.0,1.0,,,11,11,0.0,0.0
sbert,E0g4hydIRPM,ted,medium,unknown,0.6,1.0,1.0,,,11,11,0.0,0.0
sbert,E0g4hydIRPM,ted,medium,unknown,0.7,1.0,1.0,,,11,11,0.0,0.0
sbert,E0g4hydIRPM,ted,medium,unknown,0.8,1.0,1.0,,,11,11,0.0,0.0
sbert,E0g4hydIRPM,ted,medium,unknown,0.9,1.0,1.0,,,11,11,0.0,0.0
sbert,E0g4hydIRPM,ted,medium,unknown,0.95,1.0,1.0,,,11,11,0.0,0.0
heuristic,E0g4hydIRPM,ted,medium,unknown,0.5,0.519,0.9038,,,5,11,54.54545454545454,48.1
heuristic,E0g4hydIRPM,ted,medium,unknown,0.6,0.6756,0.9421,,,6,11,45.45454545454546,32.440000000000005
heuristic,E0g4hydIRPM,ted,medium,unknown,0.7,0.8479,0.9744,,,8,11,27.27272727272727,15.21
heuristic,E0g4hydIRPM,ted,medium,unknown,0.8,0.9743,0.9911,,,10,11,9.090909090909093,2.5699999999999945
heuristic,E0g4hydIRPM,ted,medium,unknown,0.9,0.9743,0.9911,,,10,11,9.090909090909093,2.5699999999999945
heuristic,E0g4hydIRPM,ted,medium,unknown,0.95,0.9743,0.9911,,,10,11,9.090909090909093,2.5699999999999945
model,GFAeAQ0qQ9c,commentary,medium,unknown,0.5,0.8263,0.9566,0.8299,0.8299,29,46,36.95652173913043,17.369999999999997
model,GFAeAQ0qQ9c,commentary,medium,unknown,0.6,0.8565,0.9634,0.86,0.86,31,46,32.608695652173914,14.349999999999996
model,GFAeAQ0qQ9c,commentary,medium,unknown,0.7,0.9342,0.982,0.937,0.937,36,46,21.739130434782606,6.5799999999999965
model,GFAeAQ0qQ9c,commentary,medium,unknown,0.8,0.9508,0.9875,0.953,0.953,38,46,17.391304347826086,4.920000000000002
model,GFAeAQ0qQ9c,commentary,medium,unknown,0.9,0.9601,0.9913,0.9623,0.9623,40,46,13.043478260869568,3.9900000000000047
model,GFAeAQ0qQ9c,commentary,medium,unknown,0.95,0.9904,0.9975,0.9907,0.9907,44,46,4.347826086956519,0.9600000000000053
tfidf,GFAeAQ0qQ9c,commentary,medium,unknown,0.5,0.6742,0.9017,,,20,46,56.52173913043479,32.58
tfidf,GFAeAQ0qQ9c,commentary,medium,unknown,0.6,0.7898,0.9501,,,26,46,43.47826086956522,21.020000000000007
tfidf,GFAeAQ0qQ9c,commentary,medium,unknown,0.7,0.9213,0.9824,,,35,46,23.913043478260864,7.869999999999999
tfidf,GFAeAQ0qQ9c,commentary,medium,unknown,0.8,0.9505,0.9879,,,38,46,17.391304347826086,4.949999999999999
tfidf,GFAeAQ0qQ9c,commentary,medium,unknown,0.9,0.9794,0.9943,,,42,46,8.695652173913048,2.059999999999995
tfidf,GFAeAQ0qQ9c,commentary,medium,unknown,0.95,0.9794,0.9943,,,42,46,8.695652173913048,2.059999999999995
sbert,GFAeAQ0qQ9c,commentary,medium,unknown,0.5,0.628,0.9784,,,27,46,41.30434782608695,37.2
sbert,GFAeAQ0qQ9c,commentary,medium,unknown,0.6,0.8897,0.9931,,,40,46,13.043478260869568,11.029999999999996
sbert,GFAeAQ0qQ9c,commentary,medium,unknown,0.7,0.9269,0.9971,,,44,46,4.347826086956519,7.310000000000006
sbert,GFAeAQ0qQ9c,commentary,medium,unknown,0.8,0.9269,0.9971,,,44,46,4.347826086956519,7.310000000000006
sbert,GFAeAQ0qQ9c,commentary,medium,unknown,0.9,1.0,1.0,,,46,46,0.0,0.0
sbert,GFAeAQ0qQ9c,commentary,medium,unknown,0.95,1.0,1.0,,,46,46,0.0,0.0
heuristic,GFAeAQ0qQ9c,commentary,medium,unknown,0.5,0.7326,0.9788,,,31,46,32.608695652173914,26.74
heuristic,GFAeAQ0qQ9c,commentary,medium,unknown,0.6,0.8323,0.9859,,,35,46,23.913043478260864,16.769999999999996
heuristic,GFAeAQ0qQ9c,commentary,medium,unknown,0.7,0.8911,0.9898,,,38,46,17.391304347826086,10.89
heuristic,GFAeAQ0qQ9c,commentary,medium,unknown,0.8,0.9731,0.9963,,,42,46,8.695652173913048,2.6900000000000035
heuristic,GFAeAQ0qQ9c,commentary,medium,unknown,0.9,0.9817,0.9972,,,43,46,6.521739130434778,1.8299999999999983
heuristic,GFAeAQ0qQ9c,commentary,medium,unknown,0.95,0.9977,0.9994,,,45,46,2.1739130434782594,0.22999999999999687
model,GbV6iW26h-Q,podcasts,long,unknown,0.5,0.8443,0.98,0.8425,0.8425,78,122,36.065573770491795,15.569999999999995
model,GbV6iW26h-Q,podcasts,long,unknown,0.6,0.8767,0.9844,0.8752,0.8752,84,122,31.147540983606557,12.329999999999997
model,GbV6iW26h-Q,podcasts,long,unknown,0.7,0.9058,0.9857,0.9045,0.9045,89,122,27.04918032786885,9.419999999999995
model,GbV6iW26h-Q,podcasts,long,unknown,0.8,0.9367,0.9919,0.9358,0.9358,97,122,20.491803278688526,6.330000000000002
model,GbV6iW26h-Q,podcasts,long,unknown,0.9,0.9766,0.9972,0.9764,0.9764,110,122,9.836065573770492,2.3399999999999976
model,GbV6iW26h-Q,podcasts,long,unknown,0.95,0.9896,0.9983,0.9894,0.9894,114,122,6.5573770491803245,1.0399999999999965
tfidf,GbV6iW26h-Q,podcasts,long,unknown,0.5,0.4042,0.9041,,,24,122,80.32786885245902,59.58
tfidf,GbV6iW26h-Q,podcasts,long,unknown,0.6,0.7161,0.9609,,,57,122,53.278688524590166,28.390000000000004
tfidf,GbV6iW26h-Q,podcasts,long,unknown,0.7,0.8536,0.978,,,76,122,37.704918032786885,14.639999999999997
tfidf,GbV6iW26h-Q,podcasts,long,unknown,0.8,0.9606,0.9938,,,102,122,16.393442622950815,3.939999999999999
tfidf,GbV6iW26h-Q,podcasts,long,unknown,0.9,0.9928,0.9981,,,115,122,5.737704918032782,0.7199999999999984
tfidf,GbV6iW26h-Q,podcasts,long,unknown,0.95,0.9967,0.9992,,,118,122,3.2786885245901676,0.32999999999999696
sbert,GbV6iW26h-Q,podcasts,long,unknown,0.5,0.4812,0.9717,,,49,122,59.83606557377049,51.879999999999995
sbert,GbV6iW26h-Q,podcasts,long,unknown,0.6,0.8195,0.9893,,,88,122,27.86885245901639,18.05
sbert,GbV6iW26h-Q,podcasts,long,unknown,0.7,0.9261,0.9949,,,105,122,13.934426229508201,7.389999999999997
sbert,GbV6iW26h-Q,podcasts,long,unknown,0.8,0.9895,0.9989,,,117,122,4.098360655737709,1.0499999999999954
sbert,GbV6iW26h-Q,podcasts,long,unknown,0.9,0.9992,0.9998,,,121,122,0.8196721311475419,0.08000000000000229
sbert,GbV6iW26h-Q,podcasts,long,unknown,0.95,1.0,1.0,,,122,122,0.0,0.0
heuristic,GbV6iW26h-Q,podcasts,long,unknown,0.5,0.0816,0.7366,,,8,122,93.44262295081968,91.84
heuristic,GbV6iW26h-Q,podcasts,long,unknown,0.6,0.1675,0.8718,,,14,122,88.52459016393442,83.25
heuristic,GbV6iW26h-Q,podcasts,long,unknown,0.7,0.3475,0.9438,,,30,122,75.40983606557377,65.25000000000001
heuristic,GbV6iW26h-Q,podcasts,long,unknown,0.8,0.766,0.981,,,71,122,41.80327868852459,23.4
heuristic,GbV6iW26h-Q,podcasts,long,unknown,0.9,0.976,0.997,,,110,122,9.836065573770492,2.400000000000002
heuristic,GbV6iW26h-Q,podcasts,long,unknown,0.95,0.9977,0.9995,,,119,122,2.4590163934426257,0.22999999999999687
model,H2fHTJZqaKA,commentary,medium,unknown,0.5,0.9386,0.9876,0.9403,0.9403,15,19,21.052631578947366,6.140000000000001
model,H2fHTJZqaKA,commentary,medium,unknown,0.6,0.9787,0.9924,0.9802,0.9802,17,19,10.526315789473683,2.1299999999999986
model,H2fHTJZqaKA,commentary,medium,unknown,0.7,0.9787,0.9924,0.9802,0.9802,17,19,10.526315789473683,2.1299999999999986
model,H2fHTJZqaKA,commentary,medium,unknown,0.8,0.9787,0.9924,0.9802,0.9802,17,19,10.526315789473683,2.1299999999999986
model,H2fHTJZqaKA,commentary,medium,unknown,0.9,0.9787,0.9924,0.9802,0.9802,17,19,10.526315789473683,2.1299999999999986
model,H2fHTJZqaKA,commentary,medium,unknown,0.95,0.9969,0.9966,0.9965,0.9965,18,19,5.263157894736848,0.30999999999999917
tfidf,H2fHTJZqaKA,commentary,medium,unknown,0.5,0.9386,0.9876,,,15,19,21.052631578947366,6.140000000000001
tfidf,H2fHTJZqaKA,commentary,medium,unknown,0.6,0.9386,0.9876,,,15,19,21.052631578947366,6.140000000000001
tfidf,H2fHTJZqaKA,commentary,medium,unknown,0.7,0.9787,0.9924,,,17,19,10.526315789473683,2.1299999999999986
tfidf,H2fHTJZqaKA,commentary,medium,unknown,0.8,0.9969,0.9966,,,18,19,5.263157894736848,0.30999999999999917
tfidf,H2fHTJZqaKA,commentary,medium,unknown,0.9,0.9969,0.9966,,,18,19,5.263157894736848,0.30999999999999917
tfidf,H2fHTJZqaKA,commentary,medium,unknown,0.95,0.9969,0.9966,,,18,19,5.263157894736848,0.30999999999999917
sbert,H2fHTJZqaKA,commentary,medium,unknown,0.5,0.8493,0.9812,,,14,19,26.315789473684216,15.069999999999995
sbert,H2fHTJZqaKA,commentary,medium,unknown,0.6,0.9156,0.9934,,,17,19,10.526315789473683,8.440000000000003
sbert,H2fHTJZqaKA,commentary,medium,unknown,0.7,0.9156,0.9934,,,17,19,10.526315789473683,8.440000000000003
sbert,H2fHTJZqaKA,commentary,medium,unknown,0.8,1.0,1.0,,,19,19,0.0,0.0
sbert,H2fHTJZqaKA,commentary,medium,unknown,0.9,1.0,1.0,,,19,19,0.0,0.0
sbert,H2fHTJZqaKA,commentary,medium,unknown,0.95,1.0,1.0,,,19,19,0.0,0.0
heuristic,H2fHTJZqaKA,commentary,medium,unknown,0.5,0.2005,0.8026,,,3,19,84.21052631578947,79.95
heuristic,H2fHTJZqaKA,commentary,medium,unknown,0.6,0.614,0.9562,,,9,19,52.63157894736843,38.6
heuristic,H2fHTJZqaKA,commentary,medium,unknown,0.7,0.7758,0.9784,,,12,19,36.8421052631579,22.419999999999995
heuristic,H2fHTJZqaKA,commentary,medium,unknown,0.8,0.9417,0.9927,,,16,19,15.789473684210531,5.830000000000002
heuristic,H2fHTJZqaKA,commentary,medium,unknown,0.9,1.0,1.0,,,19,19,0.0,0.0
heuristic,H2fHTJZqaKA,commentary,medium,unknown,0.95,1.0,1.0,,,19,19,0.0,0.0
model,HEpJBuPIb4o,ted,short,unknown,0.5,0.9055,0.987,0.9019,0.9019,7,8,12.5,9.450000000000003
model,HEpJBuPIb4o,ted,short,unknown,0.6,1.0,1.0,1.0,1.0,8,8,0.0,0.0
model,HEpJBuPIb4o,ted,short,unknown,0.7,1.0,1.0,1.0,1.0,8,8,0.0,0.0
model,HEpJBuPIb4o,ted,short,unknown,0.8,1.0,1.0,1.0,1.0,8,8,0.0,0.0
model,HEpJBuPIb4o,ted,short,unknown,0.9,1.0,1.0,1.0,1.0,8,8,0.0,0.0
model,HEpJBuPIb4o,ted,short,unknown,0.95,1.0,1.0,1.0,1.0,8,8,0.0,0.0
tfidf,HEpJBuPIb4o,ted,short,unknown,0.5,0.6235,0.9574,,,4,8,50.0,37.64999999999999
tfidf,HEpJBuPIb4o,ted,short,unknown,0.6,0.721,0.9625,,,5,8,37.5,27.900000000000002
tfidf,HEpJBuPIb4o,ted,short,unknown,0.7,0.9238,0.9918,,,7,8,12.5,7.6200000000000045
tfidf,HEpJBuPIb4o,ted,short,unknown,0.8,0.9238,0.9918,,,7,8,12.5,7.6200000000000045
tfidf,HEpJBuPIb4o,ted,short,unknown,0.9,0.9238,0.9918,,,7,8,12.5,7.6200000000000045
tfidf,HEpJBuPIb4o,ted,short,unknown,0.95,0.9238,0.9918,,,7,8,12.5,7.6200000000000045
sbert,HEpJBuPIb4o,ted,short,unknown,0.5,1.0,1.0,,,8,8,0.0,0.0
sbert,HEpJBuPIb4o,ted,short,unknown,0.6,1.0,1.0,,,8,8,0.0,0.0
sbert,HEpJBuPIb4o,ted,short,unknown,0.7,1.0,1.0,,,8,8,0.0,0.0
sbert,HEpJBuPIb4o,ted,short,unknown,0.8,1.0,1.0,,,8,8,0.0,0.0
sbert,HEpJBuPIb4o,ted,short,unknown,0.9,1.0,1.0,,,8,8,0.0,0.0
sbert,HEpJBuPIb4o,ted,short,unknown,0.95,1.0,1.0,,,8,8,0.0,0.0
heuristic,HEpJBuPIb4o,ted,short,unknown,0.5,0.9238,0.9918,,,7,8,12.5,7.6200000000000045
heuristic,HEpJBuPIb4o,ted,short,unknown,0.6,1.0,1.0,,,8,8,0.0,0.0
heuristic,HEpJBuPIb4o,ted,short,unknown,0.7,1.0,1.0,,,8,8,0.0,0.0
heuristic,HEpJBuPIb4o,ted,short,unknown,0.8,1.0,1.0,,,8,8,0.0,0.0
heuristic,HEpJBuPIb4o,ted,short,unknown,0.9,1.0,1.0,,,8,8,0.0,0.0
heuristic,HEpJBuPIb4o,ted,short,unknown,0.95,1.0,1.0,,,8,8,0.0,0.0
model,J20S95BJbAI,tv_series,long,unknown,0.5,0.5893,0.9755,0.5894,0.5894,123,276,55.434782608695656,41.06999999999999
model,J20S95BJbAI,tv_series,long,unknown,0.6,0.6865,0.9835,0.6868,0.6868,152,276,44.927536231884055,31.35
model,J20S95BJbAI,tv_series,long,unknown,0.7,0.7933,0.9922,0.7948,0.7948,190,276,31.159420289855078,20.669999999999998
model,J20S95BJbAI,tv_series,long,unknown,0.8,0.8896,0.9982,0.8888,0.8888,232,276,15.94202898550725,11.040000000000006
model,J20S95BJbAI,tv_series,long,unknown,0.9,0.9685,0.9995,0.9686,0.9686,264,276,4.347826086956519,3.1499999999999972
model,J20S95BJbAI,tv_series,long,unknown,0.95,0.9824,0.9998,0.9826,0.9826,271,276,1.8115942028985477,1.759999999999995
tfidf,J20S95BJbAI,tv_series,long,unknown,0.5,0.2691,0.899,,,38,276,86.23188405797102,73.09
tfidf,J20S95BJbAI,tv_series,long,unknown,0.6,0.4869,0.9563,,,83,276,69.92753623188406,51.31
tfidf,J20S95BJbAI,tv_series,long,unknown,0.7,0.6967,0.9849,,,145,276,47.46376811594203,30.330000000000002
tfidf,J20S95BJbAI,tv_series,long,unknown,0.8,0.8776,0.9954,,,213,276,22.826086956521742,12.239999999999995
tfidf,J20S95BJbAI,tv_series,long,unknown,0.9,0.98,0.9991,,,262,276,5.072463768115942,2.0000000000000018
tfidf,J20S95BJbAI,tv_series,long,unknown,0.95,0.9915,0.9998,,,270,276,2.1739130434782594,0.8499999999999952
sbert,J20S95BJbAI,tv_series,long,unknown,0.5,0.2962,0.9572,,,87,276,68.4782608695652,70.38
sbert,J20S95BJbAI,tv_series,long,unknown,0.6,0.6959,0.9924,,,187,276,32.2463768115942,30.410000000000004
sbert,J20S95BJbAI,tv_series,long,unknown,0.7,0.9122,0.9984,,,249,276,9.782608695652172,8.78
sbert,J20S95BJbAI,tv_series,long,unknown,0.8,0.9796,0.9997,,,270,276,2.1739130434782594,2.0399999999999974
sbert,J20S95BJbAI,tv_series,long,unknown,0.9,1.0,1.0,,,276,276,0.0,0.0
sbert,J20S95BJbAI,tv_series,long,unknown,0.95,1.0,1.0,,,276,276,0.0,0.0
heuristic,J20S95BJbAI,tv_series,long,unknown,0.5,0.8454,0.9985,,,238,276,13.768115942028981,15.459999999999996
heuristic,J20S95BJbAI,tv_series,long,unknown,0.6,0.8532,0.9986,,,240,276,13.043478260869568,14.680000000000003
heuristic,J20S95BJbAI,tv_series,long,unknown,0.7,0.8703,0.9988,,,243,276,11.956521739130432,12.970000000000004
heuristic,J20S95BJbAI,tv_series,long,unknown,0.8,0.9326,0.9991,,,256,276,7.246376811594201,6.740000000000002
heuristic,J20S95BJbAI,tv_series,long,unknown,0.9,0.9928,0.9999,,,273,276,1.0869565217391353,0.7199999999999984
heuristic,J20S95BJbAI,tv_series,long,unknown,0.95,1.0,1.0,,,276,276,0.0,0.0
model,KDV4a3_-mvQ,tv_series,medium,unknown,0.5,0.5806,0.9698,0.5825,0.5825,51,110,53.63636363636364,41.94
model,KDV4a3_-mvQ,tv_series,medium,unknown,0.6,0.6941,0.9787,0.694,0.694,64,110,41.81818181818182,30.589999999999996
model,KDV4a3_-mvQ,tv_series,medium,unknown,0.7,0.78,0.985,0.7816,0.7816,77,110,30.000000000000004,21.999999999999996
model,KDV4a3_-mvQ,tv_series,medium,unknown,0.8,0.9148,0.9952,0.9147,0.9147,93,110,15.454545454545453,8.520000000000005
model,KDV4a3_-mvQ,tv_series,medium,unknown,0.9,0.9918,0.9997,0.9913,0.9913,108,110,1.8181818181818188,0.8199999999999985
model,KDV4a3_-mvQ,tv_series,medium,unknown,0.95,1.0,1.0,1.0,1.0,110,110,0.0,0.0
tfidf,KDV4a3_-mvQ,tv_series,medium,unknown,0.5,0.2466,0.935,,,17,110,84.54545454545455,75.33999999999999
tfidf,KDV4a3_-mvQ,tv_series,medium,unknown,0.6,0.4368,0.9762,,,36,110,67.27272727272727,56.31999999999999
tfidf,KDV4a3_-mvQ,tv_series,medium,unknown,0.7,0.6636,0.9835,,,58,110,47.27272727272728,33.64
tfidf,KDV4a3_-mvQ,tv_series,medium,unknown,0.8,0.8194,0.9939,,,81,110,26.363636363636367,18.06
tfidf,KDV4a3_-mvQ,tv_series,medium,unknown,0.9,0.9131,0.9964,,,95,110,13.636363636363635,8.689999999999998
tfidf,KDV4a3_-mvQ,tv_series,medium,unknown,0.95,0.9713,0.9987,,,103,110,6.36363636363636,2.8699999999999948
sbert,KDV4a3_-mvQ,tv_series,medium,unknown,0.5,0.7129,0.9862,,,72,110,34.54545454545455,28.71
sbert,KDV4a3_-mvQ,tv_series,medium,unknown,0.6,0.917,0.9974,,,98,110,10.909090909090914,8.299999999999997
sbert,KDV4a3_-mvQ,tv_series,medium,unknown,0.7,0.9659,0.999,,,105,110,4.545454545454541,3.410000000000002
sbert,KDV4a3_-mvQ,tv_series,medium,unknown,0.8,0.9762,0.9996,,,107,110,2.7272727272727226,2.3800000000000043
sbert,KDV4a3_-mvQ,tv_series,medium,unknown,0.9,0.9865,0.9999,,,109,110,0.9090909090909038,1.3499999999999956
sbert,KDV4a3_-mvQ,tv_series,medium,unknown,0.95,1.0,1.0,,,110,110,0.0,0.0
heuristic,KDV4a3_-mvQ,tv_series,medium,unknown,0.5,0.7108,0.9971,,,82,110,25.454545454545453,28.92
heuristic,KDV4a3_-mvQ,tv_series,medium,unknown,0.6,0.715,0.9971,,,83,110,24.545454545454547,28.500000000000004
heuristic,KDV4a3_-mvQ,tv_series,medium,unknown,0.7,0.7956,0.9977,,,88,110,19.999999999999996,20.44
heuristic,KDV4a3_-mvQ,tv_series,medium,unknown,0.8,0.8907,0.9987,,,97,110,11.818181818181817,10.929999999999996
heuristic,KDV4a3_-mvQ,tv_series,medium,unknown,0.9,0.973,0.9996,,,105,110,4.545454545454541,2.7000000000000024
heuristic,KDV4a3_-mvQ,tv_series,medium,unknown,0.95,0.994,0.9998,,,108,110,1.8181818181818188,0.6000000000000005
model,LPZh9BOjkQs,lectures,medium,unknown,0.5,0.8974,0.9827,0.8978,0.8978,8,10,19.999999999999996,10.260000000000002
model,LPZh9BOjkQs,lectures,medium,unknown,0.6,0.8974,0.9827,0.8978,0.8978,8,10,19.999999999999996,10.260000000000002
model,LPZh9BOjkQs,lectures,medium,unknown,0.7,0.8974,0.9827,0.8978,0.8978,8,10,19.999999999999996,10.260000000000002
model,LPZh9BOjkQs,lectures,medium,unknown,0.8,1.0,1.0,1.0,1.0,10,10,0.0,0.0
model,LPZh9BOjkQs,lectures,medium,unknown,0.9,1.0,1.0,1.0,1.0,10,10,0.0,0.0
model,LPZh9BOjkQs,lectures,medium,unknown,0.95,1.0,1.0,1.0,1.0,10,10,0.0,0.0
tfidf,LPZh9BOjkQs,lectures,medium,unknown,0.5,0.7037,0.9445,,,5,10,50.0,29.630000000000003
tfidf,LPZh9BOjkQs,lectures,medium,unknown,0.6,0.7037,0.9445,,,5,10,50.0,29.630000000000003
tfidf,LPZh9BOjkQs,lectures,medium,unknown,0.7,0.8171,0.9753,,,7,10,30.000000000000004,18.289999999999996
tfidf,LPZh9BOjkQs,lectures,medium,unknown,0.8,0.8796,0.9886,,,8,10,19.999999999999996,12.039999999999996
tfidf,LPZh9BOjkQs,lectures,medium,unknown,0.9,0.9552,0.9931,,,9,10,9.999999999999998,4.479999999999995
tfidf,LPZh9BOjkQs,lectures,medium,unknown,0.95,0.9552,0.9931,,,9,10,9.999999999999998,4.479999999999995
sbert,LPZh9BOjkQs,lectures,medium,unknown,0.5,1.0,1.0,,,10,10,0.0,0.0
sbert,LPZh9BOjkQs,lectures,medium,unknown,0.6,1.0,1.0,,,10,10,0.0,0.0
sbert,LPZh9BOjkQs,lectures,medium,unknown,0.7,1.0,1.0,,,10,10,0.0,0.0
sbert,LPZh9BOjkQs,lectures,medium,unknown,0.8,1.0,1.0,,,10,10,0.0,0.0
sbert,LPZh9BOjkQs,lectures,medium,unknown,0.9,1.0,1.0,,,10,10,0.0,0.0
sbert,LPZh9BOjkQs,lectures,medium,unknown,0.95,1.0,1.0,,,10,10,0.0,0.0
heuristic,LPZh9BOjkQs,lectures,medium,unknown,0.5,0.8974,0.9827,,,8,10,19.999999999999996,10.260000000000002
heuristic,LPZh9BOjkQs,lectures,medium,unknown,0.6,0.9552,0.9931,,,9,10,9.999999999999998,4.479999999999995
heuristic,LPZh9BOjkQs,lectures,medium,unknown,0.7,0.9552,0.9931,,,9,10,9.999999999999998,4.479999999999995
heuristic,LPZh9BOjkQs,lectures,medium,unknown,0.8,0.9552,0.9931,,,9,10,9.999999999999998,4.479999999999995
heuristic,LPZh9BOjkQs,lectures,medium,unknown,0.9,0.9552,0.9931,,,9,10,9.999999999999998,4.479999999999995
heuristic,LPZh9BOjkQs,lectures,medium,unknown,0.95,0.9552,0.9931,,,9,10,9.999999999999998,4.479999999999995
model,Lw4oMXTEAkw,lectures,medium,unknown,0.5,0.8767,0.9768,0.8757,0.8757,16,22,27.27272727272727,12.329999999999997
model,Lw4oMXTEAkw,lectures,medium,unknown,0.6,0.9237,0.9812,0.9219,0.9219,17,22,22.72727272727273,7.6300000000000034
model,Lw4oMXTEAkw,lectures,medium,unknown,0.7,0.9376,0.9854,0.9369,0.9369,18,22,18.181818181818176,6.240000000000001
model,Lw4oMXTEAkw,lectures,medium,unknown,0.8,0.9688,0.9957,0.9682,0.9682,20,22,9.090909090909093,3.1200000000000006
model,Lw4oMXTEAkw,lectures,medium,unknown,0.9,1.0,1.0,1.0,1.0,22,22,0.0,0.0
model,Lw4oMXTEAkw,lectures,medium,unknown,0.95,1.0,1.0,1.0,1.0,22,22,0.0,0.0
tfidf,Lw4oMXTEAkw,lectures,medium,unknown,0.5,0.7053,0.9494,,,11,22,50.0,29.469999999999995
tfidf,Lw4oMXTEAkw,lectures,medium,unknown,0.6,0.786,0.9641,,,13,22,40.90909090909091,21.4
tfidf,Lw4oMXTEAkw,lectures,medium,unknown,0.7,0.8623,0.9754,,,15,22,31.818181818181824,13.770000000000005
tfidf,Lw4oMXTEAkw,lectures,medium,unknown,0.8,0.8965,0.9881,,,17,22,22.72727272727273,10.350000000000003
tfidf,Lw4oMXTEAkw,lectures,medium,unknown,0.9,0.9549,0.9925,,,19,22,13.636363636363635,4.510000000000003
tfidf,Lw4oMXTEAkw,lectures,medium,unknown,0.95,0.9846,0.9973,,,21,22,4.545454545454541,1.539999999999997
sbert,Lw4oMXTEAkw,lectures,medium,unknown,0.5,0.8306,0.9848,,,18,22,18.181818181818176,16.939999999999998
sbert,Lw4oMXTEAkw,lectures,medium,unknown,0.6,0.8886,0.9895,,,19,22,13.636363636363635,11.140000000000006
sbert,Lw4oMXTEAkw,lectures,medium,unknown,0.7,0.9326,0.9928,,,20,22,9.090909090909093,6.740000000000002
sbert,Lw4oMXTEAkw,lectures,medium,unknown,0.8,1.0,1.0,,,22,22,0.0,0.0
sbert,Lw4oMXTEAkw,lectures,medium,unknown,0.9,1.0,1.0,,,22,22,0.0,0.0
sbert,Lw4oMXTEAkw,lectures,medium,unknown,0.95,1.0,1.0,,,22,22,0.0,0.0
heuristic,Lw4oMXTEAkw,lectures,medium,unknown,0.5,0.577,0.9462,,,10,22,54.54545454545454,42.300000000000004
heuristic,Lw4oMXTEAkw,lectures,medium,unknown,0.6,0.6533,0.9681,,,12,22,45.45454545454546,34.67
heuristic,Lw4oMXTEAkw,lectures,medium,unknown,0.7,0.8202,0.9805,,,15,22,31.818181818181824,17.979999999999997
heuristic,Lw4oMXTEAkw,lectures,medium,unknown,0.8,0.89,0.9883,,,17,22,22.72727272727273,10.999999999999998
heuristic,Lw4oMXTEAkw,lectures,medium,unknown,0.9,0.9104,0.9919,,,18,22,18.181818181818176,8.96
heuristic,Lw4oMXTEAkw,lectures,medium,unknown,0.95,0.9688,0.9957,,,20,22,9.090909090909093,3.1200000000000006
model,MUl4bc4Opuk,tv_series,long,unknown,0.5,0.6247,0.9695,0.6247,0.6247,41,76,46.05263157894737,37.529999999999994
model,MUl4bc4Opuk,tv_series,long,unknown,0.6,0.6804,0.9762,0.6803,0.6803,45,76,40.789473684210535,31.96
model,MUl4bc4Opuk,tv_series,long,unknown,0.7,0.8201,0.9899,0.8206,0.8206,58,76,23.684210526315784,17.989999999999995
model,MUl4bc4Opuk,tv_series,long,unknown,0.8,0.904,0.9941,0.9046,0.9046,65,76,14.473684210526317,9.599999999999998
model,MUl4bc4Opuk,tv_series,long,unknown,0.9,0.9556,0.9968,0.9557,0.9557,70,76,7.8947368421052655,4.4399999999999995
model,MUl4bc4Opuk,tv_series,long,unknown,0.95,0.9845,0.9992,0.9844,0.9844,74,76,2.631578947368418,1.5499999999999958
tfidf,MUl4bc4Opuk,tv_series,long,unknown,0.5,0.5177,0.9602,,,30,76,60.526315789473685,48.23
tfidf,MUl4bc4Opuk,tv_series,long,unknown,0.6,0.7472,0.9782,,,47,76,38.1578947368421,25.28
tfidf,MUl4bc4Opuk,tv_series,long,unknown,0.7,0.8796,0.9895,,,60,76,21.052631578947366,12.039999999999996
tfidf,MUl4bc4Opuk,tv_series,long,unknown,0.8,0.9711,0.998,,,71,76,6.578947368421051,2.8900000000000037
tfidf,MUl4bc4Opuk,tv_series,long,unknown,0.9,0.9873,0.9992,,,74,76,2.631578947368418,1.2700000000000045
tfidf,MUl4bc4Opuk,tv_series,long,unknown,0.95,0.9948,0.9996,,,75,76,1.3157894736842146,0.5199999999999982
sbert,MUl4bc4Opuk,tv_series,long,unknown,0.5,0.3426,0.9557,,,26,76,65.78947368421053,65.74
sbert,MUl4bc4Opuk,tv_series,long,unknown,0.6,0.7341,0.9879,,,54,76,28.947368421052634,26.590000000000003
sbert,MUl4bc4Opuk,tv_series,long,unknown,0.7,0.9236,0.9979,,,70,76,7.8947368421052655,7.640000000000002
sbert,MUl4bc4Opuk,tv_series,long,unknown,0.8,1.0,1.0,,,76,76,0.0,0.0
sbert,MUl4bc4Opuk,tv_series,long,unknown,0.9,1.0,1.0,,,76,76,0.0,0.0
sbert,MUl4bc4Opuk,tv_series,long,unknown,0.95,1.0,1.0,,,76,76,0.0,0.0
heuristic,MUl4bc4Opuk,tv_series,long,unknown,0.5,0.5786,0.9814,,,43,76,43.42105263157895,42.14
heuristic,MUl4bc4Opuk,tv_series,long,unknown,0.6,0.6378,0.9873,,,47,76,38.1578947368421,36.22
heuristic,MUl4bc4Opuk,tv_series,long,unknown,0.7,0.7554,0.9911,,,54,76,28.947368421052634,24.460000000000004
heuristic,MUl4bc4Opuk,tv_series,long,unknown,0.8,0.9071,0.9947,,,65,76,14.473684210526317,9.29
heuristic,MUl4bc4Opuk,tv_series,long,unknown,0.9,0.9876,0.9992,,,74,76,2.631578947368418,1.2399999999999967
heuristic,MUl4bc4Opuk,tv_series,long,unknown,0.95,0.9924,0.9996,,,75,76,1.3157894736842146,0.7600000000000051
model,NZ8xyfGBSNw,ted,long,unknown,0.5,0.9561,0.9779,0.9549,0.9549,21,28,25.0,4.390000000000005
model,NZ8xyfGBSNw,ted,long,unknown,0.6,0.9561,0.9779,0.9549,0.9549,21,28,25.0,4.390000000000005
model,NZ8xyfGBSNw,ted,long,unknown,0.7,0.9561,0.9779,0.9549,0.9549,21,28,25.0,4.390000000000005
model,NZ8xyfGBSNw,ted,long,unknown,0.8,0.9752,0.9908,0.9741,0.9741,23,28,17.85714285714286,2.4800000000000044
model,NZ8xyfGBSNw,ted,long,unknown,0.9,0.9878,0.9955,0.987,0.987,25,28,10.71428571428571,1.2199999999999989
model,NZ8xyfGBSNw,ted,long,unknown,0.95,0.9917,0.9975,0.9914,0.9914,26,28,7.14285714285714,0.8299999999999974
tfidf,NZ8xyfGBSNw,ted,long,unknown,0.5,0.778,0.9378,,,13,28,53.57142857142857,22.199999999999996
tfidf,NZ8xyfGBSNw,ted,long,unknown,0.6,0.8669,0.9628,,,17,28,39.28571428571429,13.309999999999999
tfidf,NZ8xyfGBSNw,ted,long,unknown,0.7,0.9676,0.9841,,,22,28,21.42857142857143,3.2399999999999984
tfidf,NZ8xyfGBSNw,ted,long,unknown,0.8,0.9676,0.9841,,,22,28,21.42857142857143,3.2399999999999984
tfidf,NZ8xyfGBSNw,ted,long,unknown,0.9,0.9974,0.9988,,,27,28,3.57142857142857,0.26000000000000467
tfidf,NZ8xyfGBSNw,ted,long,unknown,0.95,0.9974,0.9988,,,27,28,3.57142857142857,0.26000000000000467
sbert,NZ8xyfGBSNw,ted,long,unknown,0.5,0.9846,0.9967,,,26,28,7.14285714285714,1.539999999999997
sbert,NZ8xyfGBSNw,ted,long,unknown,0.6,0.9846,0.9967,,,26,28,7.14285714285714,1.539999999999997
sbert,NZ8xyfGBSNw,ted,long,unknown,0.7,0.9961,0.9984,,,27,28,3.57142857142857,0.39000000000000146
sbert,NZ8xyfGBSNw,ted,long,unknown,0.8,1.0,1.0,,,28,28,0.0,0.0
sbert,NZ8xyfGBSNw,ted,long,unknown,0.9,1.0,1.0,,,28,28,0.0,0.0
sbert,NZ8xyfGBSNw,ted,long,unknown,0.95,1.0,1.0,,,28,28,0.0,0.0
heuristic,NZ8xyfGBSNw,ted,long,unknown,0.5,0.8195,0.9386,,,14,28,50.0,18.05
heuristic,NZ8xyfGBSNw,ted,long,unknown,0.6,0.8374,0.9508,,,15,28,46.42857142857143,16.259999999999998
heuristic,NZ8xyfGBSNw,ted,long,unknown,0.7,0.8437,0.9627,,,16,28,42.85714285714286,15.629999999999999
heuristic,NZ8xyfGBSNw,ted,long,unknown,0.8,0.9501,0.9783,,,21,28,25.0,4.9900000000000055
heuristic,NZ8xyfGBSNw,ted,long,unknown,0.9,0.9778,0.9906,,,24,28,14.28571428571429,2.2199999999999998
heuristic,NZ8xyfGBSNw,ted,long,unknown,0.95,0.9974,0.9988,,,27,28,3.57142857142857,0.26000000000000467
model,Qj4WlMVX_mM,tv_series,long,unknown,0.5,0.6266,0.972,0.6236,0.6236,118,246,52.032520325203244,37.339999999999996
model,Qj4WlMVX_mM,tv_series,long,unknown,0.6,0.7108,0.9781,0.7075,0.7075,138,246,43.90243902439024,28.92
model,Qj4WlMVX_mM,tv_series,long,unknown,0.7,0.7851,0.9833,0.7831,0.7831,159,246,35.36585365853659,21.49
model,Qj4WlMVX_mM,tv_series,long,unknown,0.8,0.873,0.9902,0.8707,0.8707,185,246,24.79674796747967,12.7
model,Qj4WlMVX_mM,tv_series,long,unknown,0.9,0.9595,0.9979,0.9595,0.9595,224,246,8.943089430894313,4.049999999999998
model,Qj4WlMVX_mM,tv_series,long,unknown,0.95,0.9935,0.9998,0.9937,0.9937,243,246,1.2195121951219523,0.649999999999995
tfidf,Qj4WlMVX_mM,tv_series,long,unknown,0.5,0.3957,0.9258,,,58,246,76.42276422764228,60.43000000000001
tfidf,Qj4WlMVX_mM,tv_series,long,unknown,0.6,0.602,0.9673,,,102,246,58.53658536585367,39.800000000000004
tfidf,Qj4WlMVX_mM,tv_series,long,unknown,0.7,0.777,0.9826,,,152,246,38.21138211382114,22.299999999999997
tfidf,Qj4WlMVX_mM,tv_series,long,unknown,0.8,0.9016,0.9923,,,195,246,20.731707317073166,9.840000000000003
tfidf,Qj4WlMVX_mM,tv_series,long,unknown,0.9,0.9708,0.9978,,,227,246,7.72357723577236,2.9200000000000004
tfidf,Qj4WlMVX_mM,tv_series,long,unknown,0.95,0.9906,0.9995,,,239,246,2.8455284552845517,0.9399999999999964
sbert,Qj4WlMVX_mM,tv_series,long,unknown,0.5,0.1358,0.9377,,,30,246,87.8048780487805,86.42
sbert,Qj4WlMVX_mM,tv_series,long,unknown,0.6,0.5923,0.9893,,,142,246,42.27642276422764,40.769999999999996
sbert,Qj4WlMVX_mM,tv_series,long,unknown,0.7,0.8598,0.9974,,,211,246,14.22764227642277,14.02
sbert,Qj4WlMVX_mM,tv_series,long,unknown,0.8,0.9882,0.9998,,,242,246,1.6260162601625994,1.1800000000000033
sbert,Qj4WlMVX_mM,tv_series,long,unknown,0.9,0.9982,0.9999,,,245,246,0.40650406504064707,0.18000000000000238
sbert,Qj4WlMVX_mM,tv_series,long,unknown,0.95,1.0,1.0,,,246,246,0.0,0.0
heuristic,Qj4WlMVX_mM,tv_series,long,unknown,0.5,0.4938,0.9874,,,126,246,48.78048780487805,50.62
heuristic,Qj4WlMVX_mM,tv_series,long,unknown,0.6,0.5344,0.9884,,,132,246,46.34146341463414,46.56
heuristic,Qj4WlMVX_mM,tv_series,long,unknown,0.7,0.6762,0.9893,,,154,246,37.398373983739845,32.379999999999995
heuristic,Qj4WlMVX_mM,tv_series,long,unknown,0.8,0.8251,0.9928,,,184,246,25.20325203252033,17.490000000000006
heuristic,Qj4WlMVX_mM,tv_series,long,unknown,0.9,0.9523,0.9974,,,223,246,9.349593495934961,4.769999999999996
heuristic,Qj4WlMVX_mM,tv_series,long,unknown,0.95,0.9837,0.9989,,,234,246,4.878048780487809,1.6299999999999981
model,ThV4pnPbI8E,ted,short,unknown,0.5,0.8667,0.9224,0.868,0.868,2,3,33.333333333333336,13.329999999999998
model,ThV4pnPbI8E,ted,short,unknown,0.6,0.8667,0.9224,0.868,0.868,2,3,33.333333333333336,13.329999999999998
model,ThV4pnPbI8E,ted,short,unknown,0.7,1.0,1.0,1.0,1.0,3,3,0.0,0.0
model,ThV4pnPbI8E,ted,short,unknown,0.8,1.0,1.0,1.0,1.0,3,3,0.0,0.0
model,ThV4pnPbI8E,ted,short,unknown,0.9,1.0,1.0,1.0,1.0,3,3,0.0,0.0
model,ThV4pnPbI8E,ted,short,unknown,0.95,1.0,1.0,1.0,1.0,3,3,0.0,0.0
tfidf,ThV4pnPbI8E,ted,short,unknown,0.5,0.6667,0.7276,,,1,3,66.66666666666667,33.330000000000005
tfidf,ThV4pnPbI8E,ted,short,unknown,0.6,0.6667,0.7276,,,1,3,66.66666666666667,33.330000000000005
tfidf,ThV4pnPbI8E,ted,short,unknown,0.7,0.8667,0.9224,,,2,3,33.333333333333336,13.329999999999998
tfidf,ThV4pnPbI8E,ted,short,unknown,0.8,0.8667,0.9224,,,2,3,33.333333333333336,13.329999999999998
tfidf,ThV4pnPbI8E,ted,short,unknown,0.9,0.8667,0.9224,,,2,3,33.333333333333336,13.329999999999998
tfidf,ThV4pnPbI8E,ted,short,unknown,0.95,0.8667,0.9224,,,2,3,33.333333333333336,13.329999999999998
sbert,ThV4pnPbI8E,ted,short,unknown,0.5,1.0,1.0,,,3,3,0.0,0.0
sbert,ThV4pnPbI8E,ted,short,unknown,0.6,1.0,1.0,,,3,3,0.0,0.0
sbert,ThV4pnPbI8E,ted,short,unknown,0.7,1.0,1.0,,,3,3,0.0,0.0
sbert,ThV4pnPbI8E,ted,short,unknown,0.8,1.0,1.0,,,3,3,0.0,0.0
sbert,ThV4pnPbI8E,ted,short,unknown,0.9,1.0,1.0,,,3,3,0.0,0.0
sbert,ThV4pnPbI8E,ted,short,unknown,0.95,1.0,1.0,,,3,3,0.0,0.0
heuristic,ThV4pnPbI8E,ted,short,unknown,0.5,0.6667,0.7276,,,1,3,66.66666666666667,33.330000000000005
heuristic,ThV4pnPbI8E,ted,short,unknown,0.6,0.6667,0.7276,,,1,3,66.66666666666667,33.330000000000005
heuristic,ThV4pnPbI8E,ted,short,unknown,0.7,0.8,0.9053,,,2,3,33.333333333333336,19.999999999999996
heuristic,ThV4pnPbI8E,ted,short,unknown,0.8,0.8,0.9053,,,2,3,33.333333333333336,19.999999999999996
heuristic,ThV4pnPbI8E,ted,short,unknown,0.9,1.0,1.0,,,3,3,0.0,0.0
heuristic,ThV4pnPbI8E,ted,short,unknown,0.95,1.0,1.0,,,3,3,0.0,0.0
model,XmTBw0z899U,lectures,short,unknown,0.5,0.7757,0.9173,0.7706,0.7706,7,12,41.666666666666664,22.430000000000007
model,XmTBw0z899U,lectures,short,unknown,0.6,0.8083,0.9534,0.8041,0.8041,8,12,33.333333333333336,19.169999999999998
model,XmTBw0z899U,lectures,short,unknown,0.7,0.8083,0.9534,0.8041,0.8041,8,12,33.333333333333336,19.169999999999998
model,XmTBw0z899U,lectures,short,unknown,0.8,0.8997,0.9744,0.8973,0.8973,10,12,16.666666666666664,10.029999999999994
model,XmTBw0z899U,lectures,short,unknown,0.9,0.9637,0.988,0.9618,0.9618,11,12,8.333333333333337,3.63
model,XmTBw0z899U,lectures,short,unknown,0.95,1.0,1.0,1.0,1.0,12,12,0.0,0.0
tfidf,XmTBw0z899U,lectures,short,unknown,0.5,0.7757,0.9173,,,7,12,41.666666666666664,22.430000000000007
tfidf,XmTBw0z899U,lectures,short,unknown,0.6,0.7757,0.9173,,,7,12,41.666666666666664,22.430000000000007
tfidf,XmTBw0z899U,lectures,short,unknown,0.7,0.7757,0.9173,,,7,12,41.666666666666664,22.430000000000007
tfidf,XmTBw0z899U,lectures,short,unknown,0.8,0.9323,0.9768,,,10,12,16.666666666666664,6.769999999999998
tfidf,XmTBw0z899U,lectures,short,unknown,0.9,0.9637,0.988,,,11,12,8.333333333333337,3.63
tfidf,XmTBw0z899U,lectures,short,unknown,0.95,0.9637,0.988,,,11,12,8.333333333333337,3.63
sbert,XmTBw0z899U,lectures,short,unknown,0.5,0.5952,0.8861,,,6,12,50.0,40.480000000000004
sbert,XmTBw0z899U,lectures,short,unknown,0.6,0.9687,0.9867,,,11,12,8.333333333333337,3.1299999999999994
sbert,XmTBw0z899U,lectures,short,unknown,0.7,1.0,1.0,,,12,12,0.0,0.0
sbert,XmTBw0z899U,lectures,short,unknown,0.8,1.0,1.0,,,12,12,0.0,0.0
sbert,XmTBw0z899U,lectures,short,unknown,0.9,1.0,1.0,,,12,12,0.0,0.0
sbert,XmTBw0z899U,lectures,short,unknown,0.95,1.0,1.0,,,12,12,0.0,0.0
heuristic,XmTBw0z899U,lectures,short,unknown,0.5,0.4524,0.8494,,,4,12,66.66666666666667,54.76
heuristic,XmTBw0z899U,lectures,short,unknown,0.6,0.6591,0.9017,,,6,12,50.0,34.089999999999996
heuristic,XmTBw0z899U,lectures,short,unknown,0.7,0.7757,0.9173,,,7,12,41.666666666666664,22.430000000000007
heuristic,XmTBw0z899U,lectures,short,unknown,0.8,0.7757,0.9173,,,7,12,41.666666666666664,22.430000000000007
heuristic,XmTBw0z899U,lectures,short,unknown,0.9,0.9323,0.9768,,,10,12,16.666666666666664,6.769999999999998
heuristic,XmTBw0z899U,lectures,short,unknown,0.95,0.9637,0.988,,,11,12,8.333333333333337,3.63
model,_gTgloPR0Aw,ted,medium,unknown,0.5,0.8442,0.964,0.8452,0.8452,5,7,28.57142857142857,15.580000000000005
model,_gTgloPR0Aw,ted,medium,unknown,0.6,0.9576,0.9859,0.9583,0.9583,6,7,14.28571428571429,4.239999999999999
model,_gTgloPR0Aw,ted,medium,unknown,0.7,0.9576,0.9859,0.9583,0.9583,6,7,14.28571428571429,4.239999999999999
model,_gTgloPR0Aw,ted,medium,unknown,0.8,0.9576,0.9859,0.9583,0.9583,6,7,14.28571428571429,4.239999999999999
model,_gTgloPR0Aw,ted,medium,unknown,0.9,1.0,1.0,1.0,1.0,7,7,0.0,0.0
model,_gTgloPR0Aw,ted,medium,unknown,0.95,1.0,1.0,1.0,1.0,7,7,0.0,0.0
tfidf,_gTgloPR0Aw,ted,medium,unknown,0.5,0.8442,0.964,,,5,7,28.57142857142857,15.580000000000005
tfidf,_gTgloPR0Aw,ted,medium,unknown,0.6,0.8442,0.964,,,5,7,28.57142857142857,15.580000000000005
tfidf,_gTgloPR0Aw,ted,medium,unknown,0.7,0.9576,0.9859,,,6,7,14.28571428571429,4.239999999999999
tfidf,_gTgloPR0Aw,ted,medium,unknown,0.8,0.9576,0.9859,,,6,7,14.28571428571429,4.239999999999999
tfidf,_gTgloPR0Aw,ted,medium,unknown,0.9,0.9576,0.9859,,,6,7,14.28571428571429,4.239999999999999
tfidf,_gTgloPR0Aw,ted,medium,unknown,0.95,0.9576,0.9859,,,6,7,14.28571428571429,4.239999999999999
sbert,_gTgloPR0Aw,ted,medium,unknown,0.5,1.0,1.0,,,7,7,0.0,0.0
sbert,_gTgloPR0Aw,ted,medium,unknown,0.6,1.0,1.0,,,7,7,0.0,0.0
sbert,_gTgloPR0Aw,ted,medium,unknown,0.7,1.0,1.0,,,7,7,0.0,0.0
sbert,_gTgloPR0Aw,ted,medium,unknown,0.8,1.0,1.0,,,7,7,0.0,0.0
sbert,_gTgloPR0Aw,ted,medium,unknown,0.9,1.0,1.0,,,7,7,0.0,0.0
sbert,_gTgloPR0Aw,ted,medium,unknown,0.95,1.0,1.0,,,7,7,0.0,0.0
heuristic,_gTgloPR0Aw,ted,medium,unknown,0.5,0.7231,0.9405,,,4,7,42.85714285714286,27.690000000000005
heuristic,_gTgloPR0Aw,ted,medium,unknown,0.6,0.7655,0.973,,,5,7,28.57142857142857,23.450000000000003
heuristic,_gTgloPR0Aw,ted,medium,unknown,0.7,0.7655,0.973,,,5,7,28.57142857142857,23.450000000000003
heuristic,_gTgloPR0Aw,ted,medium,unknown,0.8,0.8865,0.9897,,,6,7,14.28571428571429,11.350000000000005
heuristic,_gTgloPR0Aw,ted,medium,unknown,0.9,1.0,1.0,,,7,7,0.0,0.0
heuristic,_gTgloPR0Aw,ted,medium,unknown,0.95,1.0,1.0,,,7,7,0.0,0.0
model,_r9d88Ytjws,lectures,short,unknown,0.5,0.9006,0.916,0.9002,0.9002,6,9,33.333333333333336,9.940000000000005
model,_r9d88Ytjws,lectures,short,unknown,0.6,0.9006,0.916,0.9002,0.9002,6,9,33.333333333333336,9.940000000000005
model,_r9d88Ytjws,lectures,short,unknown,0.7,0.9006,0.916,0.9002,0.9002,6,9,33.333333333333336,9.940000000000005
model,_r9d88Ytjws,lectures,short,unknown,0.8,0.9722,0.9848,0.9726,0.9726,8,9,11.111111111111116,2.7800000000000047
model,_r9d88Ytjws,lectures,short,unknown,0.9,1.0,1.0,1.0,1.0,9,9,0.0,0.0
model,_r9d88Ytjws,lectures,short,unknown,0.95,1.0,1.0,1.0,1.0,9,9,0.0,0.0
tfidf,_r9d88Ytjws,lectures,short,unknown,0.5,0.7654,0.7521,,,4,9,55.55555555555556,23.460000000000004
tfidf,_r9d88Ytjws,lectures,short,unknown,0.6,0.839,0.8221,,,5,9,44.44444444444444,16.1
tfidf,_r9d88Ytjws,lectures,short,unknown,0.7,0.839,0.8221,,,5,9,44.44444444444444,16.1
tfidf,_r9d88Ytjws,lectures,short,unknown,0.8,0.9463,0.9547,,,7,9,22.22222222222222,5.369999999999997
tfidf,_r9d88Ytjws,lectures,short,unknown,0.9,0.9463,0.9547,,,7,9,22.22222222222222,5.369999999999997
tfidf,_r9d88Ytjws,lectures,short,unknown,0.95,0.9742,0.9841,,,8,9,11.111111111111116,2.5800000000000045
sbert,_r9d88Ytjws,lectures,short,unknown,0.5,0.6441,0.9586,,,7,9,22.22222222222222,35.589999999999996
sbert,_r9d88Ytjws,lectures,short,unknown,0.6,1.0,1.0,,,9,9,0.0,0.0
sbert,_r9d88Ytjws,lectures,short,unknown,0.7,1.0,1.0,,,9,9,0.0,0.0
sbert,_r9d88Ytjws,lectures,short,unknown,0.8,1.0,1.0,,,9,9,0.0,0.0
sbert,_r9d88Ytjws,lectures,short,unknown,0.9,1.0,1.0,,,9,9,0.0,0.0
sbert,_r9d88Ytjws,lectures,short,unknown,0.95,1.0,1.0,,,9,9,0.0,0.0
heuristic,_r9d88Ytjws,lectures,short,unknown,0.5,0.9742,0.9841,,,8,9,11.111111111111116,2.5800000000000045
heuristic,_r9d88Ytjws,lectures,short,unknown,0.6,1.0,1.0,,,9,9,0.0,0.0
heuristic,_r9d88Ytjws,lectures,short,unknown,0.7,1.0,1.0,,,9,9,0.0,0.0
heuristic,_r9d88Ytjws,lectures,short,unknown,0.8,1.0,1.0,,,9,9,0.0,0.0
heuristic,_r9d88Ytjws,lectures,short,unknown,0.9,1.0,1.0,,,9,9,0.0,0.0
heuristic,_r9d88Ytjws,lectures,short,unknown,0.95,1.0,1.0,,,9,9,0.0,0.0
model,aKqk6SqdcEg,tv_series,short,unknown,0.5,0.9349,0.9988,0.9328,0.9328,12,13,7.692307692307687,6.510000000000005
model,aKqk6SqdcEg,tv_series,short,unknown,0.6,0.9349,0.9988,0.9328,0.9328,12,13,7.692307692307687,6.510000000000005
model,aKqk6SqdcEg,tv_series,short,unknown,0.7,1.0,1.0,1.0,1.0,13,13,0.0,0.0
model,aKqk6SqdcEg,tv_series,short,unknown,0.8,1.0,1.0,1.0,1.0,13,13,0.0,0.0
model,aKqk6SqdcEg,tv_series,short,unknown,0.9,1.0,1.0,1.0,1.0,13,13,0.0,0.0
model,aKqk6SqdcEg,tv_series,short,unknown,0.95,1.0,1.0,1.0,1.0,13,13,0.0,0.0
tfidf,aKqk6SqdcEg,tv_series,short,unknown,0.5,0.6853,0.9943,,,8,13,38.46153846153846,31.47
tfidf,aKqk6SqdcEg,tv_series,short,unknown,0.6,0.838,0.9961,,,10,13,23.076923076923073,16.200000000000003
tfidf,aKqk6SqdcEg,tv_series,short,unknown,0.7,0.8938,0.9975,,,11,13,15.384615384615385,10.619999999999996
tfidf,aKqk6SqdcEg,tv_series,short,unknown,0.8,0.8938,0.9975,,,11,13,15.384615384615385,10.619999999999996
tfidf,aKqk6SqdcEg,tv_series,short,unknown,0.9,0.8938,0.9975,,,11,13,15.384615384615385,10.619999999999996
tfidf,aKqk6SqdcEg,tv_series,short,unknown,0.95,0.9349,0.9988,,,12,13,7.692307692307687,6.510000000000005
sbert,aKqk6SqdcEg,tv_series,short,unknown,0.5,1.0,1.0,,,13,13,0.0,0.0
sbert,aKqk6SqdcEg,tv_series,short,unknown,0.6,1.0,1.0,,,13,13,0.0,0.0
sbert,aKqk6SqdcEg,tv_series,short,unknown,0.7,1.0,1.0,,,13,13,0.0,0.0
sbert,aKqk6SqdcEg,tv_series,short,unknown,0.8,1.0,1.0,,,13,13,0.0,0.0
sbert,aKqk6SqdcEg,tv_series,short,unknown,0.9,1.0,1.0,,,13,13,0.0,0.0
sbert,aKqk6SqdcEg,tv_series,short,unknown,0.95,1.0,1.0,,,13,13,0.0,0.0
heuristic,aKqk6SqdcEg,tv_series,short,unknown,0.5,0.9349,0.9988,,,12,13,7.692307692307687,6.510000000000005
heuristic,aKqk6SqdcEg,tv_series,short,unknown,0.6,1.0,1.0,,,13,13,0.0,0.0
heuristic,aKqk6SqdcEg,tv_series,short,unknown,0.7,1.0,1.0,,,13,13,0.0,0.0
heuristic,aKqk6SqdcEg,tv_series,short,unknown,0.8,1.0,1.0,,,13,13,0.0,0.0
heuristic,aKqk6SqdcEg,tv_series,short,unknown,0.9,1.0,1.0,,,13,13,0.0,0.0
heuristic,aKqk6SqdcEg,tv_series,short,unknown,0.95,1.0,1.0,,,13,13,0.0,0.0
model,acuSJeDRpIc,podcasts,medium,unknown,0.5,0.8579,0.9798,0.8582,0.8582,16,23,30.434782608695656,14.21
model,acuSJeDRpIc,podcasts,medium,unknown,0.6,0.9144,0.9837,0.9145,0.9145,18,23,21.739130434782606,8.56
model,acuSJeDRpIc,podcasts,medium,unknown,0.7,0.9626,0.9931,0.963,0.963,20,23,13.043478260869568,3.739999999999999
model,acuSJeDRpIc,podcasts,medium,unknown,0.8,0.9875,0.9975,0.9881,0.9881,22,23,4.347826086956519,1.2499999999999956
model,acuSJeDRpIc,podcasts,medium,unknown,0.9,0.9875,0.9975,0.9881,0.9881,22,23,4.347826086956519,1.2499999999999956
model,acuSJeDRpIc,podcasts,medium,unknown,0.95,0.9875,0.9975,0.9881,0.9881,22,23,4.347826086956519,1.2499999999999956
tfidf,acuSJeDRpIc,podcasts,medium,unknown,0.5,0.3531,0.8646,,,4,23,82.6086956521739,64.69
tfidf,acuSJeDRpIc,podcasts,medium,unknown,0.6,0.6729,0.9367,,,10,23,56.52173913043479,32.709999999999994
tfidf,acuSJeDRpIc,podcasts,medium,unknown,0.7,0.7121,0.952,,,11,23,52.17391304347826,28.790000000000006
tfidf,acuSJeDRpIc,podcasts,medium,unknown,0.8,0.8971,0.9827,,,17,23,26.086956521739136,10.29
tfidf,acuSJeDRpIc,podcasts,medium,unknown,0.9,0.9626,0.9931,,,20,23,13.043478260869568,3.739999999999999
tfidf,acuSJeDRpIc,podcasts,medium,unknown,0.95,0.9872,0.9981,,,22,23,4.347826086956519,1.2800000000000034
sbert,acuSJeDRpIc,podcasts,medium,unknown,0.5,0.7827,0.9876,,,18,23,21.739130434782606,21.730000000000004
sbert,acuSJeDRpIc,podcasts,medium,unknown,0.6,0.9875,0.9975,,,22,23,4.347826086956519,1.2499999999999956
sbert,acuSJeDRpIc,podcasts,medium,unknown,0.7,0.9875,0.9975,,,22,23,4.347826086956519,1.2499999999999956
sbert,acuSJeDRpIc,podcasts,medium,unknown,0.8,1.0,1.0,,,23,23,0.0,0.0
sbert,acuSJeDRpIc,podcasts,medium,unknown,0.9,1.0,1.0,,,23,23,0.0,0.0
sbert,acuSJeDRpIc,podcasts,medium,unknown,0.95,1.0,1.0,,,23,23,0.0,0.0
heuristic,acuSJeDRpIc,podcasts,medium,unknown,0.5,0.0,0.0,,,0,23,100.0,100.0
heuristic,acuSJeDRpIc,podcasts,medium,unknown,0.6,0.1566,0.7984,,,1,23,95.65217391304348,84.34
heuristic,acuSJeDRpIc,podcasts,medium,unknown,0.7,0.2471,0.8449,,,3,23,86.95652173913044,75.29
heuristic,acuSJeDRpIc,podcasts,medium,unknown,0.8,0.692,0.9402,,,11,23,52.17391304347826,30.800000000000004
heuristic,acuSJeDRpIc,podcasts,medium,unknown,0.9,0.8971,0.9827,,,17,23,26.086956521739136,10.29
heuristic,acuSJeDRpIc,podcasts,medium,unknown,0.95,0.9626,0.9931,,,20,23,13.043478260869568,3.739999999999999
model,c7WqVx9x89s,commentary,short,unknown,0.5,0.7562,0.9654,0.7419,0.7419,5,8,37.5,24.380000000000003
model,c7WqVx9x89s,commentary,short,unknown,0.6,0.7562,0.9654,0.7419,0.7419,5,8,37.5,24.380000000000003
model,c7WqVx9x89s,commentary,short,unknown,0.7,0.7562,0.9654,0.7419,0.7419,5,8,37.5,24.380000000000003
model,c7WqVx9x89s,commentary,short,unknown,0.8,1.0,1.0,1.0,1.0,8,8,0.0,0.0
model,c7WqVx9x89s,commentary,short,unknown,0.9,1.0,1.0,1.0,1.0,8,8,0.0,0.0
model,c7WqVx9x89s,commentary,short,unknown,0.95,1.0,1.0,1.0,1.0,8,8,0.0,0.0
tfidf,c7WqVx9x89s,commentary,short,unknown,0.5,0.6608,0.9486,,,4,8,50.0,33.919999999999995
tfidf,c7WqVx9x89s,commentary,short,unknown,0.6,0.6608,0.9486,,,4,8,50.0,33.919999999999995
tfidf,c7WqVx9x89s,commentary,short,unknown,0.7,0.7562,0.9654,,,5,8,37.5,24.380000000000003
tfidf,c7WqVx9x89s,commentary,short,unknown,0.8,0.7562,0.9654,,,5,8,37.5,24.380000000000003
tfidf,c7WqVx9x89s,commentary,short,unknown,0.9,0.7562,0.9654,,,5,8,37.5,24.380000000000003
tfidf,c7WqVx9x89s,commentary,short,unknown,0.95,0.8443,0.9854,,,6,8,25.0,15.569999999999995
sbert,c7WqVx9x89s,commentary,short,unknown,0.5,1.0,1.0,,,8,8,0.0,0.0
sbert,c7WqVx9x89s,commentary,short,unknown,0.6,1.0,1.0,,,8,8,0.0,0.0
sbert,c7WqVx9x89s,commentary,short,unknown,0.7,1.0,1.0,,,8,8,0.0,0.0
sbert,c7WqVx9x89s,commentary,short,unknown,0.8,1.0,1.0,,,8,8,0.0,0.0
sbert,c7WqVx9x89s,commentary,short,unknown,0.9,1.0,1.0,,,8,8,0.0,0.0
sbert,c7WqVx9x89s,commentary,short,unknown,0.95,1.0,1.0,,,8,8,0.0,0.0
heuristic,c7WqVx9x89s,commentary,short,unknown,0.5,0.8385,0.9835,,,6,8,25.0,16.15
heuristic,c7WqVx9x89s,commentary,short,unknown,0.6,0.9119,0.9948,,,7,8,12.5,8.809999999999995
heuristic,c7WqVx9x89s,commentary,short,unknown,0.7,0.9119,0.9948,,,7,8,12.5,8.809999999999995
heuristic,c7WqVx9x89s,commentary,short,unknown,0.8,1.0,1.0,,,8,8,0.0,0.0
heuristic,c7WqVx9x89s,commentary,short,unknown,0.9,1.0,1.0,,,8,8,0.0,0.0
heuristic,c7WqVx9x89s,commentary,short,unknown,0.95,1.0,1.0,,,8,8,0.0,0.0
model,cIk3Le01jtM,ted,long,unknown,0.5,0.9695,0.9958,0.9691,0.9691,16,18,11.111111111111116,3.049999999999997
model,cIk3Le01jtM,ted,long,unknown,0.6,0.9695,0.9958,0.9691,0.9691,16,18,11.111111111111116,3.049999999999997
model,cIk3Le01jtM,ted,long,unknown,0.7,0.9695,0.9958,0.9691,0.9691,16,18,11.111111111111116,3.049999999999997
model,cIk3Le01jtM,ted,long,unknown,0.8,0.985,0.9976,0.9851,0.9851,17,18,5.555555555555558,1.5000000000000013
model,cIk3Le01jtM,ted,long,unknown,0.9,1.0,1.0,1.0,1.0,18,18,0.0,0.0
model,cIk3Le01jtM,ted,long,unknown,0.95,1.0,1.0,1.0,1.0,18,18,0.0,0.0
tfidf,cIk3Le01jtM,ted,long,unknown,0.5,0.5012,0.9219,,,5,18,72.22222222222221,49.88
tfidf,cIk3Le01jtM,ted,long,unknown,0.6,0.725,0.9751,,,9,18,50.0,27.500000000000004
tfidf,cIk3Le01jtM,ted,long,unknown,0.7,0.9695,0.9958,,,16,18,11.111111111111116,3.049999999999997
tfidf,cIk3Le01jtM,ted,long,unknown,0.8,0.9695,0.9958,,,16,18,11.111111111111116,3.049999999999997
tfidf,cIk3Le01jtM,ted,long,unknown,0.9,0.9695,0.9958,,,16,18,11.111111111111116,3.049999999999997
tfidf,cIk3Le01jtM,ted,long,unknown,0.95,0.985,0.9976,,,17,18,5.555555555555558,1.5000000000000013
sbert,cIk3Le01jtM,ted,long,unknown,0.5,1.0,1.0,,,18,18,0.0,0.0
sbert,cIk3Le01jtM,ted,long,unknown,0.6,1.0,1.0,,,18,18,0.0,0.0
sbert,cIk3Le01jtM,ted,long,unknown,0.7,1.0,1.0,,,18,18,0.0,0.0
sbert,cIk3Le01jtM,ted,long,unknown,0.8,1.0,1.0,,,18,18,0.0,0.0
sbert,cIk3Le01jtM,ted,long,unknown,0.9,1.0,1.0,,,18,18,0.0,0.0
sbert,cIk3Le01jtM,ted,long,unknown,0.95,1.0,1.0,,,18,18,0.0,0.0
heuristic,cIk3Le01jtM,ted,long,unknown,0.5,0.5397,0.9449,,,6,18,66.66666666666667,46.03
heuristic,cIk3Le01jtM,ted,long,unknown,0.6,0.6746,0.9663,,,8,18,55.55555555555556,32.54
heuristic,cIk3Le01jtM,ted,long,unknown,0.7,0.8251,0.9868,,,12,18,33.333333333333336,17.490000000000006
heuristic,cIk3Le01jtM,ted,long,unknown,0.8,0.8774,0.9894,,,13,18,27.77777777777778,12.260000000000005
heuristic,cIk3Le01jtM,ted,long,unknown,0.9,0.9695,0.9958,,,16,18,11.111111111111116,3.049999999999997
heuristic,cIk3Le01jtM,ted,long,unknown,0.95,0.9695,0.9958,,,16,18,11.111111111111116,3.049999999999997
model,dPHPNgIihR0,commentary,long,unknown,0.5,0.8943,0.9854,0.8918,0.8918,20,27,25.92592592592593,10.570000000000002
model,dPHPNgIihR0,commentary,long,unknown,0.6,0.9541,0.9932,0.9523,0.9523,23,27,14.814814814814813,4.590000000000005
model,dPHPNgIihR0,commentary,long,unknown,0.7,0.9541,0.9932,0.9523,0.9523,23,27,14.814814814814813,4.590000000000005
model,dPHPNgIihR0,commentary,long,unknown,0.8,0.9777,0.9967,0.9766,0.9766,25,27,7.4074074074074066,2.2299999999999986
model,dPHPNgIihR0,commentary,long,unknown,0.9,0.9952,0.998,0.9948,0.9948,26,27,3.703703703703709,0.48000000000000265
model,dPHPNgIihR0,commentary,long,unknown,0.95,0.9952,0.998,0.9948,0.9948,26,27,3.703703703703709,0.48000000000000265
tfidf,dPHPNgIihR0,commentary,long,unknown,0.5,0.8946,0.9872,,,20,27,25.92592592592593,10.540000000000004
tfidf,dPHPNgIihR0,commentary,long,unknown,0.6,0.9717,0.9951,,,24,27,11.111111111111116,2.829999999999999
tfidf,dPHPNgIihR0,commentary,long,unknown,0.7,0.9866,0.997,,,25,27,7.4074074074074066,1.3399999999999967
tfidf,dPHPNgIihR0,commentary,long,unknown,0.8,0.9952,0.998,,,26,27,3.703703703703709,0.48000000000000265
tfidf,dPHPNgIihR0,commentary,long,unknown,0.9,0.9952,0.998,,,26,27,3.703703703703709,0.48000000000000265
tfidf,dPHPNgIihR0,commentary,long,unknown,0.95,0.9952,0.998,,,26,27,3.703703703703709,0.48000000000000265
sbert,dPHPNgIihR0,commentary,long,unknown,0.5,0.9354,0.9946,,,24,27,11.111111111111116,6.459999999999999
sbert,dPHPNgIihR0,commentary,long,unknown,0.6,0.9605,0.9962,,,25,27,7.4074074074074066,3.949999999999998
sbert,dPHPNgIihR0,commentary,long,unknown,0.7,0.9952,0.998,,,26,27,3.703703703703709,0.48000000000000265
sbert,dPHPNgIihR0,commentary,long,unknown,0.8,0.9952,0.998,,,26,27,3.703703703703709,0.48000000000000265
sbert,dPHPNgIihR0,commentary,long,unknown,0.9,1.0,1.0,,,27,27,0.0,0.0
sbert,dPHPNgIihR0,commentary,long,unknown,0.95,1.0,1.0,,,27,27,0.0,0.0
heuristic,dPHPNgIihR0,commentary,long,unknown,0.5,0.7707,0.9779,,,17,27,37.03703703703704,22.929999999999996
heuristic,dPHPNgIihR0,commentary,long,unknown,0.6,0.8643,0.9888,,,21,27,22.22222222222222,13.570000000000004
heuristic,dPHPNgIihR0,commentary,long,unknown,0.7,0.9551,0.9965,,,24,27,11.111111111111116,4.4900000000000055
heuristic,dPHPNgIihR0,commentary,long,unknown,0.8,0.9914,0.9988,,,26,27,3.703703703703709,0.8600000000000052
heuristic,dPHPNgIihR0,commentary,long,unknown,0.9,1.0,1.0,,,27,27,0.0,0.0
heuristic,dPHPNgIihR0,commentary,long,unknown,0.95,1.0,1.0,,,27,27,0.0,0.0
model,l3GMG_XOnMA,entertainment,long,unknown,0.5,0.6279,0.9292,0.6245,0.6245,47,108,56.48148148148149,37.21
model,l3GMG_XOnMA,entertainment,long,unknown,0.6,0.6729,0.9414,0.6694,0.6694,52,108,51.85185185185186,32.709999999999994
model,l3GMG_XOnMA,entertainment,long,unknown,0.7,0.7658,0.9644,0.7634,0.7634,63,108,41.666666666666664,23.419999999999995
model,l3GMG_XOnMA,entertainment,long,unknown,0.8,0.8631,0.9801,0.8631,0.8631,77,108,28.70370370370371,13.690000000000001
model,l3GMG_XOnMA,entertainment,long,unknown,0.9,0.965,0.9969,0.9648,0.9648,99,108,8.333333333333337,3.500000000000003
model,l3GMG_XOnMA,entertainment,long,unknown,0.95,1.0,1.0,1.0,1.0,108,108,0.0,0.0
tfidf,l3GMG_XOnMA,entertainment,long,unknown,0.5,0.3804,0.8483,,,21,108,80.55555555555556,61.959999999999994
tfidf,l3GMG_XOnMA,entertainment,long,unknown,0.6,0.5369,0.8946,,,35,108,67.5925925925926,46.309999999999995
tfidf,l3GMG_XOnMA,entertainment,long,unknown,0.7,0.7151,0.9465,,,55,108,49.07407407407407,28.490000000000006
tfidf,l3GMG_XOnMA,entertainment,long,unknown,0.8,0.8798,0.9847,,,81,108,25.0,12.019999999999998
tfidf,l3GMG_XOnMA,entertainment,long,unknown,0.9,0.9788,0.9972,,,101,108,6.481481481481477,2.1199999999999997
tfidf,l3GMG_XOnMA,entertainment,long,unknown,0.95,0.9934,0.999,,,105,108,2.777777777777779,0.660000000000005
sbert,l3GMG_XOnMA,entertainment,long,unknown,0.5,0.0812,0.827,,,10,108,90.74074074074075,91.88000000000001
sbert,l3GMG_XOnMA,entertainment,long,unknown,0.6,0.3515,0.9358,,,38,108,64.81481481481481,64.85000000000001
sbert,l3GMG_XOnMA,entertainment,long,unknown,0.7,0.8005,0.9899,,,84,108,22.22222222222222,19.950000000000003
sbert,l3GMG_XOnMA,entertainment,long,unknown,0.8,0.9936,0.9997,,,107,108,0.92592592592593,0.6399999999999961
sbert,l3GMG_XOnMA,entertainment,long,unknown,0.9,1.0,1.0,,,108,108,0.0,0.0
sbert,l3GMG_XOnMA,entertainment,long,unknown,0.95,1.0,1.0,,,108,108,0.0,0.0
heuristic,l3GMG_XOnMA,entertainment,long,unknown,0.5,0.4292,0.9603,,,44,108,59.25925925925925,57.08
heuristic,l3GMG_XOnMA,entertainment,long,unknown,0.6,0.4318,0.9601,,,45,108,58.33333333333333,56.82000000000001
heuristic,l3GMG_XOnMA,entertainment,long,unknown,0.7,0.5472,0.9685,,,52,108,51.85185185185186,45.28
heuristic,l3GMG_XOnMA,entertainment,long,unknown,0.8,0.7499,0.9767,,,68,108,37.03703703703704,25.009999999999998
heuristic,l3GMG_XOnMA,entertainment,long,unknown,0.9,0.9379,0.995,,,94,108,12.962962962962965,6.210000000000004
heuristic,l3GMG_XOnMA,entertainment,long,unknown,0.95,0.9915,0.9991,,,105,108,2.777777777777779,0.8499999999999952
model,mH0oCDa74tE,lectures,long,unknown,0.5,0.8878,0.9918,0.8873,0.8873,25,32,21.875,11.219999999999997
model,mH0oCDa74tE,lectures,long,unknown,0.6,0.9032,0.9934,0.9023,0.9023,26,32,18.75,9.68
model,mH0oCDa74tE,lectures,long,unknown,0.7,0.9206,0.9945,0.9194,0.9194,27,32,15.625,7.940000000000003
model,mH0oCDa74tE,lectures,long,unknown,0.8,0.962,0.9972,0.9616,0.9616,29,32,9.375,3.8000000000000034
model,mH0oCDa74tE,lectures,long,unknown,0.9,0.993,0.9989,0.9924,0.9924,31,32,3.125,0.7000000000000006
model,mH0oCDa74tE,lectures,long,unknown,0.95,1.0,1.0,1.0,1.0,32,32,0.0,0.0
tfidf,mH0oCDa74tE,lectures,long,unknown,0.5,0.6447,0.9518,,,14,32,56.25,35.529999999999994
tfidf,mH0oCDa74tE,lectures,long,unknown,0.6,0.7408,0.9738,,,18,32,43.75,25.919999999999998
tfidf,mH0oCDa74tE,lectures,long,unknown,0.7,0.8022,0.9806,,,21,32,34.375,19.779999999999998
tfidf,mH0oCDa74tE,lectures,long,unknown,0.8,0.9373,0.9963,,,28,32,12.5,6.269999999999998
tfidf,mH0oCDa74tE,lectures,long,unknown,0.9,0.993,0.9989,,,31,32,3.125,0.7000000000000006
tfidf,mH0oCDa74tE,lectures,long,unknown,0.95,0.993,0.9989,,,31,32,3.125,0.7000000000000006
sbert,mH0oCDa74tE,lectures,long,unknown,0.5,0.9016,0.9923,,,28,32,12.5,9.840000000000003
sbert,mH0oCDa74tE,lectures,long,unknown,0.6,0.9594,0.9974,,,30,32,6.25,4.059999999999997
sbert,mH0oCDa74tE,lectures,long,unknown,0.7,1.0,1.0,,,32,32,0.0,0.0
sbert,mH0oCDa74tE,lectures,long,unknown,0.8,1.0,1.0,,,32,32,0.0,0.0
sbert,mH0oCDa74tE,lectures,long,unknown,0.9,1.0,1.0,,,32,32,0.0,0.0
sbert,mH0oCDa74tE,lectures,long,unknown,0.95,1.0,1.0,,,32,32,0.0,0.0
heuristic,mH0oCDa74tE,lectures,long,unknown,0.5,0.7155,0.9823,,,20,32,37.5,28.449999999999996
heuristic,mH0oCDa74tE,lectures,long,unknown,0.6,0.8404,0.9879,,,23,32,28.125,15.959999999999997
heuristic,mH0oCDa74tE,lectures,long,unknown,0.7,0.8813,0.9898,,,25,32,21.875,11.870000000000003
heuristic,mH0oCDa74tE,lectures,long,unknown,0.8,0.9076,0.9921,,,26,32,18.75,9.240000000000004
heuristic,mH0oCDa74tE,lectures,long,unknown,0.9,0.9797,0.9982,,,30,32,6.25,2.0299999999999985
heuristic,mH0oCDa74tE,lectures,long,unknown,0.95,0.993,0.9989,,,31,32,3.125,0.7000000000000006
model,mU4qdFgPT0A,podcasts,medium,unknown,0.5,0.928,0.9599,0.9272,0.9272,8,12,33.333333333333336,7.199999999999996
model,mU4qdFgPT0A,podcasts,medium,unknown,0.6,0.928,0.9599,0.9272,0.9272,8,12,33.333333333333336,7.199999999999996
model,mU4qdFgPT0A,podcasts,medium,unknown,0.7,0.928,0.9599,0.9272,0.9272,8,12,33.333333333333336,7.199999999999996
model,mU4qdFgPT0A,podcasts,medium,unknown,0.8,0.9342,0.9689,0.9332,0.9332,9,12,25.0,6.5799999999999965
model,mU4qdFgPT0A,podcasts,medium,unknown,0.9,0.9833,0.9933,0.983,0.983,11,12,8.333333333333337,1.6700000000000048
model,mU4qdFgPT0A,podcasts,medium,unknown,0.95,1.0,1.0,1.0,1.0,12,12,0.0,0.0
tfidf,mU4qdFgPT0A,podcasts,medium,unknown,0.5,0.7369,0.9354,,,5,12,58.33333333333333,26.31
tfidf,mU4qdFgPT0A,podcasts,medium,unknown,0.6,0.8543,0.9273,,,6,12,50.0,14.570000000000006
tfidf,mU4qdFgPT0A,podcasts,medium,unknown,0.7,0.928,0.9599,,,8,12,33.333333333333336,7.199999999999996
tfidf,mU4qdFgPT0A,podcasts,medium,unknown,0.8,0.965,0.974,,,9,12,25.0,3.500000000000003
tfidf,mU4qdFgPT0A,podcasts,medium,unknown,0.9,0.965,0.974,,,9,12,25.0,3.500000000000003
tfidf,mU4qdFgPT0A,podcasts,medium,unknown,0.95,0.9938,0.9914,,,11,12,8.333333333333337,0.6199999999999983
sbert,mU4qdFgPT0A,podcasts,medium,unknown,0.5,0.9567,0.9834,,,10,12,16.666666666666664,4.33
sbert,mU4qdFgPT0A,podcasts,medium,unknown,0.6,1.0,1.0,,,12,12,0.0,0.0
sbert,mU4qdFgPT0A,podcasts,medium,unknown,0.7,1.0,1.0,,,12,12,0.0,0.0
sbert,mU4qdFgPT0A,podcasts,medium,unknown,0.8,1.0,1.0,,,12,12,0.0,0.0
sbert,mU4qdFgPT0A,podcasts,medium,unknown,0.9,1.0,1.0,,,12,12,0.0,0.0
sbert,mU4qdFgPT0A,podcasts,medium,unknown,0.95,1.0,1.0,,,12,12,0.0,0.0
heuristic,mU4qdFgPT0A,podcasts,medium,unknown,0.5,0.0333,0.5623,,,1,12,91.66666666666666,96.67
heuristic,mU4qdFgPT0A,podcasts,medium,unknown,0.6,0.3376,0.7618,,,2,12,83.33333333333334,66.24
heuristic,mU4qdFgPT0A,podcasts,medium,unknown,0.7,0.5649,0.8769,,,4,12,66.66666666666667,43.510000000000005
heuristic,mU4qdFgPT0A,podcasts,medium,unknown,0.8,0.8876,0.9444,,,7,12,41.666666666666664,11.240000000000006
heuristic,mU4qdFgPT0A,podcasts,medium,unknown,0.9,0.965,0.974,,,9,12,25.0,3.500000000000003
heuristic,mU4qdFgPT0A,podcasts,medium,unknown,0.95,0.965,0.974,,,9,12,25.0,3.500000000000003
model,mh4f9-LV8IA,entertainment,medium,unknown,0.5,0.691,0.9519,0.7033,0.7033,41,86,52.32558139534884,30.900000000000006
model,mh4f9-LV8IA,entertainment,medium,unknown,0.6,0.74,0.9396,0.7519,0.7519,45,86,47.67441860465116,26.0
model,mh4f9-LV8IA,entertainment,medium,unknown,0.7,0.8062,0.9628,0.8149,0.8149,53,86,38.372093023255815,19.379999999999995
model,mh4f9-LV8IA,entertainment,medium,unknown,0.8,0.8672,0.9794,0.8736,0.8736,61,86,29.06976744186046,13.280000000000003
model,mh4f9-LV8IA,entertainment,medium,unknown,0.9,0.9665,0.9946,0.9701,0.9701,77,86,10.465116279069765,3.3499999999999974
model,mh4f9-LV8IA,entertainment,medium,unknown,0.95,1.0,1.0,1.0,1.0,86,86,0.0,0.0
tfidf,mh4f9-LV8IA,entertainment,medium,unknown,0.5,0.5994,0.9101,,,32,86,62.7906976744186,40.059999999999995
tfidf,mh4f9-LV8IA,entertainment,medium,unknown,0.6,0.7227,0.935,,,43,86,50.0,27.73
tfidf,mh4f9-LV8IA,entertainment,medium,unknown,0.7,0.8407,0.9714,,,57,86,33.720930232558146,15.93
tfidf,mh4f9-LV8IA,entertainment,medium,unknown,0.8,0.9288,0.9861,,,69,86,19.76744186046512,7.1200000000000045
tfidf,mh4f9-LV8IA,entertainment,medium,unknown,0.9,0.9817,0.9955,,,80,86,6.976744186046513,1.8299999999999983
tfidf,mh4f9-LV8IA,entertainment,medium,unknown,0.95,0.9982,0.9996,,,85,86,1.1627906976744207,0.18000000000000238
sbert,mh4f9-LV8IA,entertainment,medium,unknown,0.5,0.1416,0.8409,,,12,86,86.04651162790698,85.84
sbert,mh4f9-LV8IA,entertainment,medium,unknown,0.6,0.4729,0.9678,,,48,86,44.18604651162791,52.71
sbert,mh4f9-LV8IA,entertainment,medium,unknown,0.7,0.8894,0.9947,,,76,86,11.627906976744185,11.060000000000002
sbert,mh4f9-LV8IA,entertainment,medium,unknown,0.8,0.9919,0.9996,,,85,86,1.1627906976744207,0.8099999999999996
sbert,mh4f9-LV8IA,entertainment,medium,unknown,0.9,1.0,1.0,,,86,86,0.0,0.0
sbert,mh4f9-LV8IA,entertainment,medium,unknown,0.95,1.0,1.0,,,86,86,0.0,0.0
heuristic,mh4f9-LV8IA,entertainment,medium,unknown,0.5,0.4278,0.9308,,,38,86,55.81395348837209,57.220000000000006
heuristic,mh4f9-LV8IA,entertainment,medium,unknown,0.6,0.4859,0.9394,,,41,86,52.32558139534884,51.41
heuristic,mh4f9-LV8IA,entertainment,medium,unknown,0.7,0.703,0.9646,,,53,86,38.372093023255815,29.700000000000003
heuristic,mh4f9-LV8IA,entertainment,medium,unknown,0.8,0.8506,0.9841,,,65,86,24.418604651162788,14.939999999999998
heuristic,mh4f9-LV8IA,entertainment,medium,unknown,0.9,0.9771,0.9974,,,81,86,5.813953488372093,2.290000000000003
heuristic,mh4f9-LV8IA,entertainment,medium,unknown,0.95,1.0,1.0,,,86,86,0.0,0.0
model,nXKbdG2qBJU,commentary,medium,unknown,0.5,0.7571,0.9685,0.7575,0.7575,35,60,41.666666666666664,24.29
model,nXKbdG2qBJU,commentary,medium,unknown,0.6,0.79,0.9761,0.789,0.789,38,60,36.66666666666667,20.999999999999996
model,nXKbdG2qBJU,commentary,medium,unknown,0.7,0.879,0.9841,0.881,0.881,45,60,25.0,12.1
model,nXKbdG2qBJU,commentary,medium,unknown,0.8,0.9395,0.99,0.9423,0.9423,50,60,16.666666666666664,6.05
model,nXKbdG2qBJU,commentary,medium,unknown,0.9,0.9818,0.9975,0.9823,0.9823,56,60,6.666666666666665,1.8199999999999994
model,nXKbdG2qBJU,commentary,medium,unknown,0.95,1.0,1.0,1.0,1.0,60,60,0.0,0.0
tfidf,nXKbdG2qBJU,commentary,medium,unknown,0.5,0.6182,0.9251,,,25,60,58.33333333333333,38.18
tfidf,nXKbdG2qBJU,commentary,medium,unknown,0.6,0.7787,0.9648,,,36,60,40.0,22.130000000000006
tfidf,nXKbdG2qBJU,commentary,medium,unknown,0.7,0.9,0.9866,,,46,60,23.33333333333333,9.999999999999998
tfidf,nXKbdG2qBJU,commentary,medium,unknown,0.8,0.9723,0.9962,,,55,60,8.333333333333337,2.7699999999999947
tfidf,nXKbdG2qBJU,commentary,medium,unknown,0.9,0.9836,0.9974,,,56,60,6.666666666666665,1.639999999999997
tfidf,nXKbdG2qBJU,commentary,medium,unknown,0.95,0.993,0.9988,,,58,60,3.3333333333333326,0.7000000000000006
sbert,nXKbdG2qBJU,commentary,medium,unknown,0.5,0.517,0.9558,,,28,60,53.333333333333336,48.3
sbert,nXKbdG2qBJU,commentary,medium,unknown,0.6,0.7067,0.9787,,,41,60,31.666666666666664,29.330000000000002
sbert,nXKbdG2qBJU,commentary,medium,unknown,0.7,0.8653,0.9917,,,51,60,15.000000000000002,13.470000000000004
sbert,nXKbdG2qBJU,commentary,medium,unknown,0.8,0.9784,0.9982,,,57,60,5.000000000000004,2.1599999999999953
sbert,nXKbdG2qBJU,commentary,medium,unknown,0.9,1.0,1.0,,,60,60,0.0,0.0
sbert,nXKbdG2qBJU,commentary,medium,unknown,0.95,1.0,1.0,,,60,60,0.0,0.0
heuristic,nXKbdG2qBJU,commentary,medium,unknown,0.5,0.5717,0.9844,,,36,60,40.0,42.83
heuristic,nXKbdG2qBJU,commentary,medium,unknown,0.6,0.7505,0.9906,,,43,60,28.333333333333332,24.950000000000006
heuristic,nXKbdG2qBJU,commentary,medium,unknown,0.7,0.8766,0.9934,,,49,60,18.333333333333336,12.339999999999996
heuristic,nXKbdG2qBJU,commentary,medium,unknown,0.8,0.9471,0.9967,,,54,60,9.999999999999998,5.289999999999995
heuristic,nXKbdG2qBJU,commentary,medium,unknown,0.9,0.9951,0.9995,,,59,60,1.6666666666666718,0.49000000000000155
heuristic,nXKbdG2qBJU,commentary,medium,unknown,0.95,0.9951,0.9995,,,59,60,1.6666666666666718,0.49000000000000155
model,oWtMridQkIk,entertainment,medium,unknown,0.5,0.6452,0.9735,0.6404,0.6404,39,78,50.0,35.480000000000004
model,oWtMridQkIk,entertainment,medium,unknown,0.6,0.7434,0.9828,0.7399,0.7399,46,78,41.02564102564102,25.660000000000004
model,oWtMridQkIk,entertainment,medium,unknown,0.7,0.8328,0.9871,0.8308,0.8308,55,78,29.487179487179482,16.720000000000002
model,oWtMridQkIk,entertainment,medium,unknown,0.8,0.8979,0.9923,0.8969,0.8969,63,78,19.23076923076923,10.209999999999997
model,oWtMridQkIk,entertainment,medium,unknown,0.9,0.9434,0.9952,0.9404,0.9404,68,78,12.82051282051282,5.659999999999998
model,oWtMridQkIk,entertainment,medium,unknown,0.95,0.9931,0.9997,0.9934,0.9934,77,78,1.2820512820512775,0.6900000000000017
tfidf,oWtMridQkIk,entertainment,medium,unknown,0.5,0.3217,0.8894,,,14,78,82.05128205128204,67.83
tfidf,oWtMridQkIk,entertainment,medium,unknown,0.6,0.5641,0.954,,,30,78,61.53846153846154,43.589999999999996
tfidf,oWtMridQkIk,entertainment,medium,unknown,0.7,0.7769,0.9793,,,48,78,38.46153846153846,22.309999999999995
tfidf,oWtMridQkIk,entertainment,medium,unknown,0.8,0.9248,0.994,,,64,78,17.948717948717952,7.520000000000005
tfidf,oWtMridQkIk,entertainment,medium,unknown,0.9,0.9938,0.9994,,,76,78,2.564102564102566,0.6199999999999983
tfidf,oWtMridQkIk,entertainment,medium,unknown,0.95,0.9969,0.9997,,,77,78,1.2820512820512775,0.30999999999999917
sbert,oWtMridQkIk,entertainment,medium,unknown,0.5,0.5483,0.9717,,,44,78,43.58974358974359,45.17
sbert,oWtMridQkIk,entertainment,medium,unknown,0.6,0.7397,0.9864,,,59,78,24.35897435897436,26.029999999999998
sbert,oWtMridQkIk,entertainment,medium,unknown,0.7,0.8666,0.9923,,,66,78,15.384615384615385,13.339999999999996
sbert,oWtMridQkIk,entertainment,medium,unknown,0.8,0.9172,0.9965,,,71,78,8.974358974358976,8.279999999999998
sbert,oWtMridQkIk,entertainment,medium,unknown,0.9,1.0,1.0,,,78,78,0.0,0.0
sbert,oWtMridQkIk,entertainment,medium,unknown,0.95,1.0,1.0,,,78,78,0.0,0.0
heuristic,oWtMridQkIk,entertainment,medium,unknown,0.5,0.48,0.9786,,,35,78,55.12820512820513,52.0
heuristic,oWtMridQkIk,entertainment,medium,unknown,0.6,0.5197,0.9806,,,38,78,51.28205128205128,48.029999999999994
heuristic,oWtMridQkIk,entertainment,medium,unknown,0.7,0.5403,0.9805,,,39,78,50.0,45.97
heuristic,oWtMridQkIk,entertainment,medium,unknown,0.8,0.7738,0.9892,,,54,78,30.76923076923077,22.619999999999997
heuristic,oWtMridQkIk,entertainment,medium,unknown,0.9,0.969,0.9978,,,72,78,7.692307692307687,3.1000000000000028
heuristic,oWtMridQkIk,entertainment,medium,unknown,0.95,0.9969,0.9997,,,77,78,1.2820512820512775,0.30999999999999917
model,q-wRvsiGYIs,podcasts,medium,unknown,0.5,0.8062,0.9862,0.8038,0.8038,20,30,33.333333333333336,19.379999999999995
model,q-wRvsiGYIs,podcasts,medium,unknown,0.6,0.8542,0.9876,0.8516,0.8516,22,30,26.66666666666667,14.580000000000004
model,q-wRvsiGYIs,podcasts,medium,unknown,0.7,0.9642,0.9964,0.9634,0.9634,27,30,9.999999999999998,3.5800000000000054
model,q-wRvsiGYIs,podcasts,medium,unknown,0.8,0.9827,0.9966,0.9826,0.9826,28,30,6.666666666666665,1.7299999999999982
model,q-wRvsiGYIs,podcasts,medium,unknown,0.9,1.0,1.0,1.0,1.0,30,30,0.0,0.0
model,q-wRvsiGYIs,podcasts,medium,unknown,0.95,1.0,1.0,1.0,1.0,30,30,0.0,0.0
tfidf,q-wRvsiGYIs,podcasts,medium,unknown,0.5,0.7193,0.9796,,,17,30,43.333333333333336,28.069999999999993
tfidf,q-wRvsiGYIs,podcasts,medium,unknown,0.6,0.9292,0.9946,,,26,30,13.33333333333333,7.079999999999997
tfidf,q-wRvsiGYIs,podcasts,medium,unknown,0.7,0.9827,0.9966,,,28,30,6.666666666666665,1.7299999999999982
tfidf,q-wRvsiGYIs,podcasts,medium,unknown,0.8,0.9827,0.9966,,,28,30,6.666666666666665,1.7299999999999982
tfidf,q-wRvsiGYIs,podcasts,medium,unknown,0.9,0.9915,0.9984,,,29,30,3.3333333333333326,0.8499999999999952
tfidf,q-wRvsiGYIs,podcasts,medium,unknown,0.95,0.9915,0.9984,,,29,30,3.3333333333333326,0.8499999999999952
sbert,q-wRvsiGYIs,podcasts,medium,unknown,0.5,0.7357,0.9468,,,19,30,36.66666666666667,26.43
sbert,q-wRvsiGYIs,podcasts,medium,unknown,0.6,0.873,0.9823,,,24,30,19.999999999999996,12.7
sbert,q-wRvsiGYIs,podcasts,medium,unknown,0.7,0.9447,0.9939,,,27,30,9.999999999999998,5.530000000000001
sbert,q-wRvsiGYIs,podcasts,medium,unknown,0.8,0.9714,0.9983,,,29,30,3.3333333333333326,2.859999999999996
sbert,q-wRvsiGYIs,podcasts,medium,unknown,0.9,1.0,1.0,,,30,30,0.0,0.0
sbert,q-wRvsiGYIs,podcasts,medium,unknown,0.95,1.0,1.0,,,30,30,0.0,0.0
heuristic,q-wRvsiGYIs,podcasts,medium,unknown,0.5,0.8691,0.9846,,,24,30,19.999999999999996,13.090000000000002
heuristic,q-wRvsiGYIs,podcasts,medium,unknown,0.6,0.956,0.9964,,,28,30,6.666666666666665,4.400000000000004
heuristic,q-wRvsiGYIs,podcasts,medium,unknown,0.7,0.956,0.9964,,,28,30,6.666666666666665,4.400000000000004
heuristic,q-wRvsiGYIs,podcasts,medium,unknown,0.8,1.0,1.0,,,30,30,0.0,0.0
heuristic,q-wRvsiGYIs,podcasts,medium,unknown,0.9,1.0,1.0,,,30,30,0.0,0.0
heuristic,q-wRvsiGYIs,podcasts,medium,unknown,0.95,1.0,1.0,,,30,30,0.0,0.0
model,q27XMPm5wg8,podcasts,long,unknown,0.5,0.7801,0.9867,0.7781,0.7781,74,115,35.652173913043484,21.99
model,q27XMPm5wg8,podcasts,long,unknown,0.6,0.8414,0.989,0.8399,0.8399,82,115,28.695652173913043,15.859999999999996
model,q27XMPm5wg8,podcasts,long,unknown,0.7,0.9141,0.9939,0.9128,0.9128,93,115,19.130434782608695,8.589999999999998
model,q27XMPm5wg8,podcasts,long,unknown,0.8,0.9467,0.9962,0.9456,0.9456,100,115,13.043478260869568,5.330000000000002
model,q27XMPm5wg8,podcasts,long,unknown,0.9,0.9838,0.9989,0.9833,0.9833,109,115,5.21739130434783,1.6199999999999992
model,q27XMPm5wg8,podcasts,long,unknown,0.95,0.9962,0.9997,0.996,0.996,113,115,1.7391304347826098,0.38000000000000256
tfidf,q27XMPm5wg8,podcasts,long,unknown,0.5,0.6445,0.9803,,,56,115,51.304347826086946,35.550000000000004
tfidf,q27XMPm5wg8,podcasts,long,unknown,0.6,0.8194,0.9912,,,78,115,32.173913043478265,18.06
tfidf,q27XMPm5wg8,podcasts,long,unknown,0.7,0.9014,0.9944,,,91,115,20.869565217391305,9.860000000000003
tfidf,q27XMPm5wg8,podcasts,long,unknown,0.8,0.9557,0.9975,,,101,115,12.173913043478258,4.430000000000001
tfidf,q27XMPm5wg8,podcasts,long,unknown,0.9,0.9933,0.9995,,,112,115,2.608695652173909,0.6700000000000039
tfidf,q27XMPm5wg8,podcasts,long,unknown,0.95,0.995,0.9997,,,113,115,1.7391304347826098,0.5000000000000004
sbert,q27XMPm5wg8,podcasts,long,unknown,0.5,0.4473,0.9748,,,48,115,58.26086956521739,55.269999999999996
sbert,q27XMPm5wg8,podcasts,long,unknown,0.6,0.7646,0.9897,,,81,115,29.565217391304344,23.540000000000006
sbert,q27XMPm5wg8,podcasts,long,unknown,0.7,0.9584,0.9983,,,106,115,7.826086956521738,4.159999999999997
sbert,q27XMPm5wg8,podcasts,long,unknown,0.8,0.9898,0.9996,,,113,115,1.7391304347826098,1.0199999999999987
sbert,q27XMPm5wg8,podcasts,long,unknown,0.9,0.9927,0.9998,,,114,115,0.8695652173912993,0.7299999999999973
sbert,q27XMPm5wg8,podcasts,long,unknown,0.95,1.0,1.0,,,115,115,0.0,0.0
heuristic,q27XMPm5wg8,podcasts,long,unknown,0.5,0.6297,0.9915,,,72,115,37.39130434782608,37.029999999999994
heuristic,q27XMPm5wg8,podcasts,long,unknown,0.6,0.803,0.9933,,,89,115,22.608695652173914,19.699999999999996
heuristic,q27XMPm5wg8,podcasts,long,unknown,0.7,0.9062,0.9963,,,99,115,13.913043478260867,9.379999999999999
heuristic,q27XMPm5wg8,podcasts,long,unknown,0.8,0.9661,0.9985,,,107,115,6.956521739130439,3.390000000000004
heuristic,q27XMPm5wg8,podcasts,long,unknown,0.9,0.9861,0.9994,,,111,115,3.4782608695652195,1.3900000000000023
heuristic,q27XMPm5wg8,podcasts,long,unknown,0.95,1.0,1.0,,,115,115,0.0,0.0
model,ryca2RwoUQI,ted,medium,unknown,0.5,0.898,0.9945,0.8977,0.8977,18,22,18.181818181818176,10.199999999999998
model,ryca2RwoUQI,ted,medium,unknown,0.6,0.9345,0.9956,0.9345,0.9345,19,22,13.636363636363635,6.550000000000001
model,ryca2RwoUQI,ted,medium,unknown,0.7,0.9827,0.9986,0.9819,0.9819,21,22,4.545454545454541,1.7299999999999982
model,ryca2RwoUQI,ted,medium,unknown,0.8,0.9827,0.9986,0.9819,0.9819,21,22,4.545454545454541,1.7299999999999982
model,ryca2RwoUQI,ted,medium,unknown,0.9,1.0,1.0,1.0,1.0,22,22,0.0,0.0
model,ryca2RwoUQI,ted,medium,unknown,0.95,1.0,1.0,1.0,1.0,22,22,0.0,0.0
tfidf,ryca2RwoUQI,ted,medium,unknown,0.5,0.5828,0.9681,,,9,22,59.09090909090908,41.72
tfidf,ryca2RwoUQI,ted,medium,unknown,0.6,0.7064,0.9748,,,12,22,45.45454545454546,29.359999999999996
tfidf,ryca2RwoUQI,ted,medium,unknown,0.7,0.8541,0.9882,,,16,22,27.27272727272727,14.590000000000003
tfidf,ryca2RwoUQI,ted,medium,unknown,0.8,0.9345,0.9955,,,19,22,13.636363636363635,6.550000000000001
tfidf,ryca2RwoUQI,ted,medium,unknown,0.9,0.9827,0.9986,,,21,22,4.545454545454541,1.7299999999999982
tfidf,ryca2RwoUQI,ted,medium,unknown,0.95,0.9827,0.9986,,,21,22,4.545454545454541,1.7299999999999982
sbert,ryca2RwoUQI,ted,medium,unknown,0.5,0.9363,0.9963,,,20,22,9.090909090909093,6.369999999999997
sbert,ryca2RwoUQI,ted,medium,unknown,0.6,1.0,1.0,,,22,22,0.0,0.0
sbert,ryca2RwoUQI,ted,medium,unknown,0.7,1.0,1.0,,,22,22,0.0,0.0
sbert,ryca2RwoUQI,ted,medium,unknown,0.8,1.0,1.0,,,22,22,0.0,0.0
sbert,ryca2RwoUQI,ted,medium,unknown,0.9,1.0,1.0,,,22,22,0.0,0.0
sbert,ryca2RwoUQI,ted,medium,unknown,0.95,1.0,1.0,,,22,22,0.0,0.0
heuristic,ryca2RwoUQI,ted,medium,unknown,0.5,0.8375,0.9907,,,17,22,22.72727272727273,16.249999999999996
heuristic,ryca2RwoUQI,ted,medium,unknown,0.6,0.9468,0.9966,,,20,22,9.090909090909093,5.320000000000002
heuristic,ryca2RwoUQI,ted,medium,unknown,0.7,0.9468,0.9966,,,20,22,9.090909090909093,5.320000000000002
heuristic,ryca2RwoUQI,ted,medium,unknown,0.8,1.0,1.0,,,22,22,0.0,0.0
heuristic,ryca2RwoUQI,ted,medium,unknown,0.9,1.0,1.0,,,22,22,0.0,0.0
heuristic,ryca2RwoUQI,ted,medium,unknown,0.95,1.0,1.0,,,22,22,0.0,0.0
model,sj5bmUxMKAg,tv_series,medium,unknown,0.5,0.3663,0.8606,0.3621,0.3621,8,30,73.33333333333334,63.36999999999999
model,sj5bmUxMKAg,tv_series,medium,unknown,0.6,0.4321,0.885,0.4301,0.4301,11,30,63.33333333333333,56.790000000000006
model,sj5bmUxMKAg,tv_series,medium,unknown,0.7,0.5903,0.9393,0.5905,0.5905,15,30,50.0,40.97
model,sj5bmUxMKAg,tv_series,medium,unknown,0.8,0.8129,0.9777,0.8104,0.8104,22,30,26.66666666666667,18.710000000000004
model,sj5bmUxMKAg,tv_series,medium,unknown,0.9,0.9816,0.9955,0.9818,0.9818,28,30,6.666666666666665,1.8399999999999972
model,sj5bmUxMKAg,tv_series,medium,unknown,0.95,1.0,1.0,1.0,1.0,30,30,0.0,0.0
tfidf,sj5bmUxMKAg,tv_series,medium,unknown,0.5,0.6733,0.9587,,,16,30,46.666666666666664,32.67
tfidf,sj5bmUxMKAg,tv_series,medium,unknown,0.6,0.8643,0.9838,,,23,30,23.33333333333333,13.570000000000004
tfidf,sj5bmUxMKAg,tv_series,medium,unknown,0.7,0.9816,0.9955,,,28,30,6.666666666666665,1.8399999999999972
tfidf,sj5bmUxMKAg,tv_series,medium,unknown,0.8,0.9921,0.9976,,,29,30,3.3333333333333326,0.7900000000000018
tfidf,sj5bmUxMKAg,tv_series,medium,unknown,0.9,0.9921,0.9976,,,29,30,3.3333333333333326,0.7900000000000018
tfidf,sj5bmUxMKAg,tv_series,medium,unknown,0.95,0.9921,0.9976,,,29,30,3.3333333333333326,0.7900000000000018
sbert,sj5bmUxMKAg,tv_series,medium,unknown,0.5,0.4796,0.9315,,,13,30,56.666666666666664,52.04
sbert,sj5bmUxMKAg,tv_series,medium,unknown,0.6,0.8393,0.988,,,25,30,16.666666666666664,16.069999999999997
sbert,sj5bmUxMKAg,tv_series,medium,unknown,0.7,0.8959,0.9932,,,27,30,9.999999999999998,10.409999999999997
sbert,sj5bmUxMKAg,tv_series,medium,unknown,0.8,1.0,1.0,,,30,30,0.0,0.0
sbert,sj5bmUxMKAg,tv_series,medium,unknown,0.9,1.0,1.0,,,30,30,0.0,0.0
sbert,sj5bmUxMKAg,tv_series,medium,unknown,0.95,1.0,1.0,,,30,30,0.0,0.0
heuristic,sj5bmUxMKAg,tv_series,medium,unknown,0.5,0.4163,0.932,,,12,30,60.0,58.37
heuristic,sj5bmUxMKAg,tv_series,medium,unknown,0.6,0.4242,0.9363,,,13,30,56.666666666666664,57.58
heuristic,sj5bmUxMKAg,tv_series,medium,unknown,0.7,0.7299,0.9765,,,20,30,33.333333333333336,27.01
heuristic,sj5bmUxMKAg,tv_series,medium,unknown,0.8,0.9394,0.9939,,,27,30,9.999999999999998,6.059999999999999
heuristic,sj5bmUxMKAg,tv_series,medium,unknown,0.9,1.0,1.0,,,30,30,0.0,0.0
heuristic,sj5bmUxMKAg,tv_series,medium,unknown,0.95,1.0,1.0,,,30,30,0.0,0.0
model,vzpFOJRteeI,podcasts,long,unknown,0.5,0.7712,0.9867,0.7714,0.7714,103,170,39.411764705882355,22.88
model,vzpFOJRteeI,podcasts,long,unknown,0.6,0.8235,0.9891,0.8238,0.8238,114,170,32.94117647058824,17.65
model,vzpFOJRteeI,podcasts,long,unknown,0.7,0.8792,0.9926,0.8792,0.8792,127,170,25.294117647058822,12.080000000000002
model,vzpFOJRteeI,podcasts,long,unknown,0.8,0.9179,0.9952,0.9181,0.9181,136,170,19.999999999999996,8.209999999999996
model,vzpFOJRteeI,podcasts,long,unknown,0.9,0.9638,0.9979,0.9637,0.9637,151,170,11.176470588235299,3.620000000000001
model,vzpFOJRteeI,podcasts,long,unknown,0.95,0.9924,0.9992,0.9923,0.9923,163,170,4.117647058823525,0.7600000000000051
tfidf,vzpFOJRteeI,podcasts,long,unknown,0.5,0.7222,0.9832,,,88,170,48.23529411764705,27.780000000000005
tfidf,vzpFOJRteeI,podcasts,long,unknown,0.6,0.8759,0.9929,,,122,170,28.235294117647058,12.409999999999998
tfidf,vzpFOJRteeI,podcasts,long,unknown,0.7,0.9641,0.9976,,,149,170,12.352941176470589,3.5900000000000043
tfidf,vzpFOJRteeI,podcasts,long,unknown,0.8,0.99,0.9992,,,161,170,5.294117647058827,1.0000000000000009
tfidf,vzpFOJRteeI,podcasts,long,unknown,0.9,0.9985,0.9998,,,168,170,1.17647058823529,0.14999999999999458
tfidf,vzpFOJRteeI,podcasts,long,unknown,0.95,0.9997,0.9999,,,169,170,0.588235294117645,0.029999999999996696
sbert,vzpFOJRteeI,podcasts,long,unknown,0.5,0.5224,0.9757,,,79,170,53.529411764705884,47.760000000000005
sbert,vzpFOJRteeI,podcasts,long,unknown,0.6,0.726,0.9849,,,110,170,35.29411764705882,27.400000000000002
sbert,vzpFOJRteeI,podcasts,long,unknown,0.7,0.8949,0.9945,,,140,170,17.647058823529417,10.509999999999998
sbert,vzpFOJRteeI,podcasts,long,unknown,0.8,0.977,0.9992,,,161,170,5.294117647058827,2.300000000000002
sbert,vzpFOJRteeI,podcasts,long,unknown,0.9,0.9997,0.9999,,,169,170,0.588235294117645,0.029999999999996696
sbert,vzpFOJRteeI,podcasts,long,unknown,0.95,0.9997,0.9999,,,169,170,0.588235294117645,0.029999999999996696
heuristic,vzpFOJRteeI,podcasts,long,unknown,0.5,0.0821,0.9062,,,16,170,90.58823529411765,91.78999999999999
heuristic,vzpFOJRteeI,podcasts,long,unknown,0.6,0.2179,0.9543,,,30,170,82.35294117647058,78.21000000000001
heuristic,vzpFOJRteeI,podcasts,long,unknown,0.7,0.5821,0.9855,,,76,170,55.294117647058826,41.790000000000006
heuristic,vzpFOJRteeI,podcasts,long,unknown,0.8,0.9155,0.9958,,,138,170,18.823529411764707,8.450000000000003
heuristic,vzpFOJRteeI,podcasts,long,unknown,0.9,0.9927,0.9995,,,164,170,3.529411764705881,0.7299999999999973
heuristic,vzpFOJRteeI,podcasts,long,unknown,0.95,0.9988,0.9999,,,169,170,0.588235294117645,0.11999999999999789
model,xyQY8a-ng6g,ted,short,unknown,0.5,0.6739,0.9563,0.6692,0.6692,4,7,42.85714285714286,32.60999999999999
model,xyQY8a-ng6g,ted,short,unknown,0.6,1.0,1.0,1.0,1.0,7,7,0.0,0.0
model,xyQY8a-ng6g,ted,short,unknown,0.7,1.0,1.0,1.0,1.0,7,7,0.0,0.0
model,xyQY8a-ng6g,ted,short,unknown,0.8,1.0,1.0,1.0,1.0,7,7,0.0,0.0
model,xyQY8a-ng6g,ted,short,unknown,0.9,1.0,1.0,1.0,1.0,7,7,0.0,0.0
model,xyQY8a-ng6g,ted,short,unknown,0.95,1.0,1.0,1.0,1.0,7,7,0.0,0.0
tfidf,xyQY8a-ng6g,ted,short,unknown,0.5,0.8237,0.9725,,,5,7,28.57142857142857,17.630000000000003
tfidf,xyQY8a-ng6g,ted,short,unknown,0.6,0.8237,0.9725,,,5,7,28.57142857142857,17.630000000000003
tfidf,xyQY8a-ng6g,ted,short,unknown,0.7,0.8237,0.9725,,,5,7,28.57142857142857,17.630000000000003
tfidf,xyQY8a-ng6g,ted,short,unknown,0.8,0.9204,0.9907,,,6,7,14.28571428571429,7.960000000000001
tfidf,xyQY8a-ng6g,ted,short,unknown,0.9,0.9204,0.9907,,,6,7,14.28571428571429,7.960000000000001
tfidf,xyQY8a-ng6g,ted,short,unknown,0.95,0.9204,0.9907,,,6,7,14.28571428571429,7.960000000000001
sbert,xyQY8a-ng6g,ted,short,unknown,0.5,1.0,1.0,,,7,7,0.0,0.0
sbert,xyQY8a-ng6g,ted,short,unknown,0.6,1.0,1.0,,,7,7,0.0,0.0
sbert,xyQY8a-ng6g,ted,short,unknown,0.7,1.0,1.0,,,7,7,0.0,0.0
sbert,xyQY8a-ng6g,ted,short,unknown,0.8,1.0,1.0,,,7,7,0.0,0.0
sbert,xyQY8a-ng6g,ted,short,unknown,0.9,1.0,1.0,,,7,7,0.0,0.0
sbert,xyQY8a-ng6g,ted,short,unknown,0.95,1.0,1.0,,,7,7,0.0,0.0
heuristic,xyQY8a-ng6g,ted,short,unknown,0.5,0.7832,0.9729,,,5,7,28.57142857142857,21.68
heuristic,xyQY8a-ng6g,ted,short,unknown,0.6,0.9204,0.9907,,,6,7,14.28571428571429,7.960000000000001
heuristic,xyQY8a-ng6g,ted,short,unknown,0.7,0.9204,0.9907,,,6,7,14.28571428571429,7.960000000000001
heuristic,xyQY8a-ng6g,ted,short,unknown,0.8,0.9204,0.9907,,,6,7,14.28571428571429,7.960000000000001
heuristic,xyQY8a-ng6g,ted,short,unknown,0.9,1.0,1.0,,,7,7,0.0,0.0
heuristic,xyQY8a-ng6g,ted,short,unknown,0.95,1.0,1.0,,,7,7,0.0,0.0
model,yYPnos84NDY,ted,medium,unknown,0.5,0.8131,0.9646,0.8112,0.8112,10,15,33.333333333333336,18.689999999999994
model,yYPnos84NDY,ted,medium,unknown,0.6,0.9258,0.9822,0.9256,0.9256,12,15,19.999999999999996,7.420000000000004
model,yYPnos84NDY,ted,medium,unknown,0.7,0.9581,0.989,0.9574,0.9574,13,15,13.33333333333333,4.190000000000005
model,yYPnos84NDY,ted,medium,unknown,0.8,0.9581,0.989,0.9574,0.9574,13,15,13.33333333333333,4.190000000000005
model,yYPnos84NDY,ted,medium,unknown,0.9,0.9878,0.9947,0.9883,0.9883,14,15,6.666666666666665,1.2199999999999989
model,yYPnos84NDY,ted,medium,unknown,0.95,1.0,1.0,1.0,1.0,15,15,0.0,0.0
tfidf,yYPnos84NDY,ted,medium,unknown,0.5,0.7179,0.9473,,,8,15,46.666666666666664,28.21
tfidf,yYPnos84NDY,ted,medium,unknown,0.6,0.8873,0.9755,,,11,15,26.66666666666667,11.270000000000003
tfidf,yYPnos84NDY,ted,medium,unknown,0.7,0.9258,0.9822,,,12,15,19.999999999999996,7.420000000000004
tfidf,yYPnos84NDY,ted,medium,unknown,0.8,0.9555,0.9898,,,13,15,13.33333333333333,4.449999999999998
tfidf,yYPnos84NDY,ted,medium,unknown,0.9,0.9555,0.9898,,,13,15,13.33333333333333,4.449999999999998
tfidf,yYPnos84NDY,ted,medium,unknown,0.95,0.9555,0.9898,,,13,15,13.33333333333333,4.449999999999998
sbert,yYPnos84NDY,ted,medium,unknown,0.5,0.8751,0.9725,,,11,15,26.66666666666667,12.490000000000002
sbert,yYPnos84NDY,ted,medium,unknown,0.6,1.0,1.0,,,15,15,0.0,0.0
sbert,yYPnos84NDY,ted,medium,unknown,0.7,1.0,1.0,,,15,15,0.0,0.0
sbert,yYPnos84NDY,ted,medium,unknown,0.8,1.0,1.0,,,15,15,0.0,0.0
sbert,yYPnos84NDY,ted,medium,unknown,0.9,1.0,1.0,,,15,15,0.0,0.0
sbert,yYPnos84NDY,ted,medium,unknown,0.95,1.0,1.0,,,15,15,0.0,0.0
heuristic,yYPnos84NDY,ted,medium,unknown,0.5,0.324,0.8776,,,4,15,73.33333333333334,67.6
heuristic,yYPnos84NDY,ted,medium,unknown,0.6,0.6035,0.9316,,,7,15,53.333333333333336,39.65
heuristic,yYPnos84NDY,ted,medium,unknown,0.7,0.7747,0.9556,,,9,15,40.0,22.529999999999994
heuristic,yYPnos84NDY,ted,medium,unknown,0.8,0.8873,0.9755,,,11,15,26.66666666666667,11.270000000000003
heuristic,yYPnos84NDY,ted,medium,unknown,0.9,0.9555,0.9898,,,13,15,13.33333333333333,4.449999999999998
heuristic,yYPnos84NDY,ted,medium,unknown,0.95,0.9555,0.9898,,,13,15,13.33333333333333,4.449999999999998
